date,KOTAKBANK_OPEN,KOTAKBANK_CLOSE
2015-02-02,659.55,677.68
2015-02-03,680.45,650.15
2015-02-04,655.45,644.45
2015-02-05,645.63,645.38
2015-02-06,643.95,634.38
2015-02-09,625.5,630.55
2015-02-10,625.73,643.13
2015-02-11,648.5,649.0
2015-02-12,651.0,648.1
2015-02-13,650.0,655.0
2015-02-16,661.0,643.65
2015-02-18,645.03,651.33
2015-02-19,655.0,653.5
2015-02-20,655.0,646.0
2015-02-23,665.5,658.0
2015-02-24,658.43,675.53
2015-02-25,678.5,670.6
2015-02-26,672.0,662.0
2015-02-27,662.5,667.83
2015-02-28,672.7,701.13
2015-03-02,702.8,703.0
2015-03-03,703.25,704.83
2015-03-04,721.05,704.33
2015-03-05,705.98,710.0
2015-03-09,700.6,683.93
2015-03-10,682.98,675.98
2015-03-11,671.5,688.0
2015-03-12,693.88,682.58
2015-03-13,693.0,671.5
2015-03-16,665.08,658.3
2015-03-17,665.5,669.0
2015-03-18,669.5,670.08
2015-03-19,678.73,660.0
2015-03-20,661.45,670.75
2015-03-23,669.33,669.0
2015-03-24,665.0,670.1
2015-03-25,670.5,659.75
2015-03-26,657.05,659.75
2015-03-27,659.98,650.1
2015-03-30,653.83,655.0
2015-03-31,653.55,654.45
2015-04-01,661.5,681.25
2015-04-06,684.43,696.0
2015-04-07,699.95,692.03
2015-04-08,693.43,686.0
2015-04-09,689.95,714.55
2015-04-10,717.5,708.8
2015-04-13,711.73,723.68
2015-04-15,727.5,718.68
2015-04-16,722.35,707.95
2015-04-17,706.5,692.5
2015-04-20,691.05,682.5
2015-04-21,686.0,679.75
2015-04-22,679.7,685.0
2015-04-23,683.5,688.75
2015-04-24,689.0,685.8
2015-04-27,684.0,666.3
2015-04-28,672.25,668.0
2015-04-29,669.5,664.18
2015-04-30,660.0,666.5
2015-05-04,659.35,669.05
2015-05-05,673.5,712.35
2015-05-06,716.0,672.85
2015-05-07,673.48,650.5
2015-05-08,660.0,663.5
2015-05-11,668.4,667.53
2015-05-12,667.73,660.0
2015-05-13,661.45,670.95
2015-05-14,666.2,663.48
2015-05-15,667.0,672.03
2015-05-18,669.95,680.83
2015-05-19,682.05,688.0
2015-05-20,692.2,691.5
2015-05-21,692.4,700.0
2015-05-22,698.45,691.38
2015-05-25,690.6,686.45
2015-05-26,686.1,693.0
2015-05-27,687.45,687.73
2015-05-28,685.05,684.0
2015-05-29,680.1,697.68
2015-06-01,699.65,695.28
2015-06-02,695.28,679.25
2015-06-03,681.0,674.5
2015-06-04,675.48,682.5
2015-06-05,678.55,678.7
2015-06-08,678.75,676.0
2015-06-09,675.0,665.0
2015-06-10,665.5,667.0
2015-06-11,670.18,636.5
2015-06-12,636.1,656.63
2015-06-15,655.05,644.0
2015-06-16,635.5,646.75
2015-06-17,649.0,649.0
2015-06-18,649.0,651.0
2015-06-19,643.18,666.5
2015-06-22,668.48,677.78
2015-06-23,681.0,690.6
2015-06-24,689.0,691.28
2015-06-25,687.5,700.0
2015-06-26,696.0,691.0
2015-06-29,679.0,682.95
2015-06-30,689.0,688.0
2015-07-01,689.8,710.58
2015-07-02,707.53,716.5
2015-07-03,721.55,712.53
2015-07-06,721.58,722.85
2015-07-07,724.0,712.0
2015-07-08,701.05,706.9
2015-07-09,717.0,706.75
2015-07-10,707.0,711.0
2015-07-13,713.0,715.15
2015-07-14,714.0,710.0
2015-07-15,714.5,713.7
2015-07-16,714.25,742.0
2015-07-17,730.1,734.5
2015-07-20,734.1,737.1
2015-07-21,735.0,719.85
2015-07-22,719.0,729.9
2015-07-23,729.0,720.95
2015-07-24,720.0,723.95
2015-07-27,718.0,715.0
2015-07-28,718.2,731.4
2015-07-29,731.0,726.5
2015-07-30,732.9,718.0
2015-07-31,697.0,695.0
2015-08-03,694.8,691.0
2015-08-04,694.0,692.4
2015-08-05,695.0,695.0
2015-08-06,694.0,705.95
2015-08-07,706.0,705.9
2015-08-10,707.0,702.0
2015-08-11,706.85,703.5
2015-08-12,702.0,690.0
2015-08-13,690.0,693.0
2015-08-14,694.9,718.05
2015-08-17,718.8,715.55
2015-08-18,719.8,703.4
2015-08-19,703.35,711.0
2015-08-20,712.5,698.3
2015-08-21,688.0,686.6
2015-08-24,670.6,640.0
2015-08-25,660.0,644.0
2015-08-26,639.45,625.1
2015-08-27,635.05,652.7
2015-08-28,658.95,645.05
2015-08-31,641.0,650.5
2015-09-01,644.0,613.5
2015-09-02,618.0,608.0
2015-09-03,610.5,626.0
2015-09-04,622.05,607.2
2015-09-07,605.25,604.95
2015-09-08,605.0,621.0
2015-09-09,628.15,631.0
2015-09-10,620.4,638.5
2015-09-11,633.0,630.0
2015-09-14,632.0,645.75
2015-09-15,642.65,638.5
2015-09-16,643.0,640.55
2015-09-18,643.0,666.5
2015-09-21,659.1,664.0
2015-09-22,669.7,638.55
2015-09-23,631.0,662.0
2015-09-24,658.0,655.5
2015-09-28,659.9,641.0
2015-09-29,633.95,649.05
2015-09-30,653.0,648.1
2015-10-01,648.1,642.1
2015-10-05,643.4,653.15
2015-10-06,658.8,655.0
2015-10-07,655.25,661.0
2015-10-08,663.5,650.0
2015-10-09,655.95,660.0
2015-10-12,661.85,661.0
2015-10-13,660.0,657.5
2015-10-14,660.0,651.05
2015-10-15,656.0,654.05
2015-10-16,652.45,660.0
2015-10-19,662.1,657.2
2015-10-20,657.8,652.0
2015-10-21,652.05,655.7
2015-10-23,664.95,664.25
2015-10-26,668.2,661.5
2015-10-27,660.25,662.15
2015-10-28,666.95,672.55
2015-10-29,673.0,664.0
2015-10-30,664.9,687.5
2015-11-02,687.9,685.0
2015-11-03,688.1,681.75
2015-11-04,688.05,670.8
2015-11-05,671.9,652.85
2015-11-06,653.9,665.0
2015-11-09,640.05,658.9
2015-11-10,658.0,648.25
2015-11-11,657.0,655.4
2015-11-13,653.0,669.0
2015-11-16,666.0,677.55
2015-11-17,681.0,676.05
2015-11-18,671.05,669.6
2015-11-19,675.0,681.5
2015-11-20,680.0,684.75
2015-11-23,687.0,683.0
2015-11-24,682.35,679.5
2015-11-26,682.1,686.3
2015-11-27,688.8,697.0
2015-11-30,695.65,692.0
2015-12-01,694.3,691.0
2015-12-02,690.25,678.0
2015-12-03,678.7,673.5
2015-12-04,670.85,661.75
2015-12-07,665.6,671.3
2015-12-08,667.4,673.05
2015-12-09,673.95,669.0
2015-12-10,672.2,676.45
2015-12-11,680.0,665.0
2015-12-14,663.0,677.5
2015-12-15,673.95,684.6
2015-12-16,689.7,697.0
2015-12-17,692.35,700.6
2015-12-18,698.4,705.8
2015-12-21,702.0,702.5
2015-12-22,705.1,699.0
2015-12-23,701.95,704.0
2015-12-24,703.0,703.5
2015-12-28,699.0,708.7
2015-12-29,708.0,707.0
2015-12-30,707.55,708.75
2015-12-31,708.75,716.05
2016-01-04,726.85,704.7
2016-01-05,709.85,705.35
2016-01-06,706.7,702.4
2016-01-07,698.6,693.95
2016-01-08,694.5,695.0
2016-01-11,691.9,701.5
2016-01-12,699.55,693.3
2016-01-13,698.05,689.9
2016-01-14,685.85,679.9
2016-01-15,680.0,671.9
2016-01-18,678.0,667.8
2016-01-19,672.0,668.0
2016-01-20,660.0,662.7
2016-01-21,669.0,660.15
2016-01-22,670.0,680.25
2016-01-25,683.0,680.0
2016-01-27,682.4,674.85
2016-01-28,674.95,665.0
2016-01-29,669.4,683.15
2016-02-01,685.5,687.9
2016-02-02,685.95,674.45
2016-02-03,670.0,663.85
2016-02-04,671.0,678.7
2016-02-05,677.15,693.0
2016-02-08,693.3,671.65
2016-02-09,667.95,678.1
2016-02-10,675.0,666.55
2016-02-11,666.95,629.65
2016-02-12,634.0,620.45
2016-02-15,627.5,622.05
2016-02-16,629.9,620.0
2016-02-17,618.95,626.6
2016-02-18,628.1,637.5
2016-02-19,635.05,631.9
2016-02-22,632.3,639.5
2016-02-23,638.95,621.05
2016-02-24,621.0,618.0
2016-02-25,617.0,605.3
2016-02-26,616.95,615.9
2016-02-29,615.0,632.3
2016-03-01,622.65,640.4
2016-03-02,647.05,656.8
2016-03-03,659.25,656.0
2016-03-04,657.9,668.2
2016-03-08,663.95,652.0
2016-03-09,649.9,657.7
2016-03-10,669.9,656.5
2016-03-11,657.05,645.0
2016-03-14,650.0,634.0
2016-03-15,635.3,639.85
2016-03-16,638.0,653.0
2016-03-17,655.45,646.8
2016-03-18,649.0,657.6
2016-03-21,660.2,661.0
2016-03-22,662.0,668.0
2016-03-23,666.0,661.1
2016-03-28,663.0,671.25
2016-03-29,670.55,672.15
2016-03-30,675.05,684.6
2016-03-31,677.6,682.95
2016-04-01,680.1,678.1
2016-04-04,682.0,685.3
2016-04-05,683.55,665.5
2016-04-06,669.8,668.4
2016-04-07,667.9,663.6
2016-04-08,661.7,665.1
2016-04-11,670.0,669.85
2016-04-12,669.8,682.0
2016-04-13,685.2,690.65
2016-04-18,690.05,683.0
2016-04-20,687.4,685.75
2016-04-21,688.45,685.55
2016-04-22,680.75,678.4
2016-04-25,673.1,682.85
2016-04-26,679.95,704.1
2016-04-27,701.5,711.45
2016-04-28,715.05,701.1
2016-04-29,699.0,715.05
2016-05-02,712.3,717.1
2016-05-03,720.5,708.1
2016-05-04,706.05,711.0
2016-05-05,714.0,709.55
2016-05-06,705.95,702.85
2016-05-09,703.05,714.0
2016-05-10,716.0,730.0
2016-05-11,716.85,730.45
2016-05-12,735.7,726.6
2016-05-13,728.85,708.05
2016-05-16,712.0,716.5
2016-05-17,718.8,708.05
2016-05-18,708.1,710.0
2016-05-19,708.45,706.0
2016-05-20,705.15,701.5
2016-05-23,706.15,701.0
2016-05-24,702.0,698.05
2016-05-25,703.5,714.85
2016-05-26,717.2,733.9
2016-05-27,735.0,738.1
2016-05-30,746.25,741.05
2016-05-31,747.2,744.65
2016-06-01,747.0,749.0
2016-06-02,749.5,745.95
2016-06-03,749.95,769.0
2016-06-06,771.0,764.6
2016-06-07,769.9,769.15
2016-06-08,768.65,759.4
2016-06-09,761.7,754.3
2016-06-10,753.0,750.0
2016-06-13,745.4,754.5
2016-06-14,758.0,752.25
2016-06-15,756.05,765.35
2016-06-16,765.55,752.8
2016-06-17,756.45,749.15
2016-06-20,741.6,749.5
2016-06-21,750.9,744.95
2016-06-22,746.95,738.4
2016-06-23,738.15,747.05
2016-06-24,729.4,732.2
2016-06-27,730.55,738.65
2016-06-28,738.0,741.0
2016-06-29,748.9,751.0
2016-06-30,759.95,761.45
2016-07-01,764.9,752.5
2016-07-04,755.0,742.9
2016-07-05,744.15,740.0
2016-07-07,742.9,745.0
2016-07-08,745.9,742.0
2016-07-11,750.0,761.5
2016-07-12,765.5,762.05
2016-07-13,763.45,775.3
2016-07-14,778.7,775.75
2016-07-15,779.0,771.55
2016-07-18,778.7,780.0
2016-07-19,779.5,777.8
2016-07-20,779.7,782.5
2016-07-21,786.0,760.0
2016-07-22,763.0,759.95
2016-07-25,761.85,765.1
2016-07-26,765.0,753.9
2016-07-27,754.0,752.65
2016-07-28,758.95,755.0
2016-07-29,751.55,763.0
2016-08-01,765.95,756.5
2016-08-02,750.2,761.15
2016-08-03,758.15,757.45
2016-08-04,759.75,755.95
2016-08-05,759.2,770.55
2016-08-08,777.5,769.05
2016-08-09,771.5,765.5
2016-08-10,767.0,761.3
2016-08-11,763.8,766.6
2016-08-12,771.0,760.2
2016-08-16,766.0,771.5
2016-08-17,770.95,767.0
2016-08-18,769.15,784.0
2016-08-19,785.95,780.0
2016-08-22,780.0,773.9
2016-08-23,772.85,779.1
2016-08-24,779.9,776.6
2016-08-25,778.05,781.0
2016-08-26,783.0,781.0
2016-08-29,780.0,779.55
2016-08-30,783.1,784.6
2016-08-31,795.5,809.0
2016-09-01,812.1,812.5
2016-09-02,812.0,813.1
2016-09-06,818.05,818.75
2016-09-07,818.85,804.75
2016-09-08,804.0,818.0
2016-09-09,817.9,818.1
2016-09-12,810.95,814.0
2016-09-14,813.9,805.8
2016-09-15,806.9,808.1
2016-09-16,810.8,805.9
2016-09-19,808.2,802.0
2016-09-20,803.3,792.5
2016-09-21,794.15,788.6
2016-09-22,798.4,794.15
2016-09-23,795.0,793.1
2016-09-26,792.2,786.5
2016-09-27,785.3,785.75
2016-09-28,782.3,782.5
2016-09-29,787.0,775.1
2016-09-30,774.0,780.2
2016-10-03,788.65,789.45
2016-10-04,792.0,790.35
2016-10-05,794.3,780.5
2016-10-06,780.35,780.7
2016-10-07,782.4,782.55
2016-10-10,784.25,780.25
2016-10-13,778.05,775.5
2016-10-14,776.05,780.0
2016-10-17,777.2,770.0
2016-10-18,774.85,775.35
2016-10-19,778.95,773.0
2016-10-20,776.0,774.0
2016-10-21,773.0,778.0
2016-10-24,782.0,787.0
2016-10-25,789.85,785.0
2016-10-26,783.25,809.25
2016-10-27,811.1,806.0
2016-10-28,806.6,820.4
2016-10-30,825.0,818.0
2016-11-01,819.85,804.4
2016-11-02,799.1,803.1
2016-11-03,799.25,808.7
2016-11-04,809.55,798.25
2016-11-07,806.2,801.5
2016-11-08,803.0,812.5
2016-11-09,777.85,823.95
2016-11-10,830.4,819.6
2016-11-11,817.9,816.9
2016-11-15,818.45,786.9
2016-11-16,796.8,770.0
2016-11-17,770.0,781.0
2016-11-18,780.0,779.4
2016-11-21,780.35,764.05
2016-11-22,765.25,770.4
2016-11-23,772.0,765.25
2016-11-24,760.0,748.95
2016-11-25,746.0,750.25
2016-11-28,744.0,750.0
2016-11-29,750.2,744.0
2016-11-30,746.05,754.25
2016-12-01,756.45,743.25
2016-12-02,739.5,724.2
2016-12-05,726.0,730.0
2016-12-06,731.95,735.0
2016-12-07,735.5,736.9
2016-12-08,737.0,749.5
2016-12-09,749.5,743.0
2016-12-12,745.0,730.0
2016-12-13,727.5,728.35
2016-12-14,731.55,730.0
2016-12-15,721.95,725.0
2016-12-16,725.0,718.85
2016-12-19,719.05,719.95
2016-12-20,721.0,718.9
2016-12-21,718.95,718.0
2016-12-22,718.55,713.0
2016-12-23,705.7,713.0
2016-12-26,711.05,710.7
2016-12-27,707.15,710.5
2016-12-28,710.85,711.1
2016-12-29,710.05,713.4
2016-12-30,714.5,717.45
2017-01-02,719.8,716.0
2017-01-03,714.0,711.8
2017-01-04,711.0,698.0
2017-01-05,702.85,698.0
2017-01-06,698.0,714.9
2017-01-09,717.95,710.0
2017-01-10,710.4,712.45
2017-01-11,710.0,727.65
2017-01-12,732.45,727.25
2017-01-13,729.55,725.75
2017-01-16,725.3,731.5
2017-01-17,732.8,724.7
2017-01-18,725.9,731.8
2017-01-19,731.8,729.95
2017-01-20,729.05,725.0
2017-01-23,722.05,735.8
2017-01-24,737.4,744.9
2017-01-25,747.5,793.9
2017-01-27,795.65,783.05
2017-01-30,786.0,777.0
2017-01-31,777.45,774.55
2017-02-01,776.95,776.65
2017-02-02,779.95,765.9
2017-02-03,765.55,764.55
2017-02-06,769.0,767.0
2017-02-07,769.0,772.3
2017-02-08,774.45,768.1
2017-02-09,769.2,770.7
2017-02-10,771.8,779.25
2017-02-13,779.8,793.0
2017-02-14,794.85,789.5
2017-02-15,791.0,783.55
2017-02-16,784.85,793.5
2017-02-17,805.9,796.0
2017-02-20,801.1,795.0
2017-02-21,799.0,798.95
2017-02-22,799.4,795.6
2017-02-23,796.7,808.05
2017-02-27,810.6,798.45
2017-02-28,800.95,803.0
2017-03-01,802.1,823.9
2017-03-02,827.0,816.05
2017-03-03,814.1,813.2
2017-03-06,812.35,816.15
2017-03-07,820.0,817.1
2017-03-08,823.95,824.55
2017-03-09,825.0,825.65
2017-03-10,835.05,828.55
2017-03-14,845.0,837.1
2017-03-15,837.0,848.05
2017-03-16,849.2,851.45
2017-03-17,854.45,851.0
2017-03-20,856.0,855.9
2017-03-21,855.6,859.2
2017-03-22,853.05,862.65
2017-03-23,865.0,865.7
2017-03-24,871.05,878.45
2017-03-27,879.0,865.0
2017-03-28,879.95,860.75
2017-03-29,864.1,862.5
2017-03-30,863.95,861.0
2017-03-31,864.1,871.85
2017-04-03,877.15,874.1
2017-04-05,880.0,888.05
2017-04-06,885.0,892.75
2017-04-07,888.0,873.0
2017-04-10,877.7,876.35
2017-04-11,872.5,880.0
2017-04-12,881.0,877.1
2017-04-13,879.0,877.5
2017-04-17,877.5,888.0
2017-04-18,889.0,881.25
2017-04-19,879.0,877.0
2017-04-20,876.6,889.8
2017-04-21,892.5,884.0
2017-04-24,878.05,897.0
2017-04-25,899.5,899.9
2017-04-26,900.0,902.4
2017-04-27,906.9,914.0
2017-04-28,918.0,902.0
2017-05-02,903.1,916.0
2017-05-03,920.9,916.0
2017-05-04,918.0,907.5
2017-05-05,908.0,907.5
2017-05-08,907.0,910.0
2017-05-09,910.0,908.0
2017-05-10,911.0,929.0
2017-05-11,931.0,933.55
2017-05-12,941.0,954.65
2017-05-15,955.0,970.0
2017-05-16,974.0,957.2
2017-05-17,959.9,950.6
2017-05-18,947.5,941.0
2017-05-19,941.15,937.0
2017-05-22,942.95,943.75
2017-05-23,941.0,941.8
2017-05-24,939.95,934.25
2017-05-25,940.0,953.55
2017-05-26,960.0,962.0
2017-05-29,965.0,968.45
2017-05-30,966.85,961.15
2017-05-31,962.95,965.05
2017-06-01,964.35,963.8
2017-06-02,966.15,965.0
2017-06-05,966.1,967.95
2017-06-06,969.9,968.0
2017-06-07,969.0,969.0
2017-06-08,969.95,978.85
2017-06-09,978.0,985.85
2017-06-12,985.0,977.8
2017-06-13,979.0,973.4
2017-06-14,970.25,966.0
2017-06-15,965.95,962.9
2017-06-16,965.45,984.45
2017-06-19,987.5,985.35
2017-06-20,986.0,983.9
2017-06-21,982.0,991.55
2017-06-22,991.5,996.0
2017-06-23,1000.0,985.5
2017-06-27,985.0,976.75
2017-06-28,983.0,974.0
2017-06-29,973.7,952.0
2017-06-30,945.0,957.95
2017-07-03,952.8,951.8
2017-07-04,952.5,957.0
2017-07-05,960.0,957.4
2017-07-06,960.9,958.45
2017-07-07,956.4,963.95
2017-07-10,967.45,962.65
2017-07-11,967.3,955.25
2017-07-12,960.5,956.8
2017-07-13,960.4,962.0
2017-07-14,968.35,975.2
2017-07-17,982.0,980.2
2017-07-18,980.85,975.0
2017-07-19,980.45,995.05
2017-07-20,1001.7,979.45
2017-07-21,984.9,1002.5
2017-07-24,1004.0,990.0
2017-07-25,997.0,989.9
2017-07-26,994.15,985.15
2017-07-27,991.05,998.0
2017-07-28,996.45,1016.2
2017-07-31,1017.45,1023.0
2017-08-01,1023.95,1011.25
2017-08-02,1014.8,1007.8
2017-08-03,1009.8,994.0
2017-08-04,996.5,995.95
2017-08-07,1000.15,996.75
2017-08-08,999.75,986.95
2017-08-09,987.65,992.8
2017-08-10,996.4,994.0
2017-08-11,988.9,990.0
2017-08-14,990.05,981.45
2017-08-16,988.0,998.95
2017-08-17,1001.0,984.45
2017-08-18,982.0,982.75
2017-08-21,980.0,968.3
2017-08-22,974.9,973.0
2017-08-23,978.0,977.75
2017-08-24,981.2,974.0
2017-08-28,980.95,972.65
2017-08-29,975.0,964.25
2017-08-30,969.0,973.0
2017-08-31,973.5,977.3
2017-09-01,978.0,989.45
2017-09-04,998.0,976.55
2017-09-05,977.0,987.6
2017-09-06,985.05,995.0
2017-09-07,998.95,990.9
2017-09-08,994.95,1004.2
2017-09-11,1010.3,1007.75
2017-09-12,1011.05,1021.05
2017-09-13,1021.75,1019.75
2017-09-14,1020.0,1008.2
2017-09-15,1005.0,1005.1
2017-09-18,1008.4,1019.2
2017-09-19,1019.1,1036.45
2017-09-20,1035.0,1022.25
2017-09-21,1020.3,1027.25
2017-09-22,1022.8,1021.3
2017-09-25,1020.95,1001.0
2017-09-26,1001.05,993.5
2017-09-27,997.5,977.55
2017-09-28,982.5,1006.1
2017-09-29,1015.0,1001.1
2017-10-03,1006.15,1006.6
2017-10-04,1010.0,1028.85
2017-10-05,1028.85,1032.8
2017-10-06,1028.65,1038.2
2017-10-09,1036.95,1049.75
2017-10-10,1053.0,1052.9
2017-10-11,1056.1,1038.6
2017-10-12,1043.0,1054.6
2017-10-13,1059.95,1079.0
2017-10-16,1082.35,1085.0
2017-10-17,1082.5,1077.45
2017-10-18,1078.0,1097.15
2017-10-19,1092.5,1075.7
2017-10-23,1080.0,1067.9
2017-10-24,1071.0,1068.05
2017-10-25,1073.15,1012.5
2017-10-26,1016.8,1017.75
2017-10-27,1023.5,1029.0
2017-10-30,1027.5,1028.7
2017-10-31,1030.95,1026.75
2017-11-01,1026.8,1023.3
2017-11-02,1022.95,1017.5
2017-11-03,1025.0,1014.5
2017-11-06,1015.0,1012.35
2017-11-07,1011.95,1010.0
2017-11-08,1014.65,1010.0
2017-11-09,1014.4,1005.1
2017-11-10,1003.95,990.1
2017-11-13,990.1,996.7
2017-11-14,993.75,1000.0
2017-11-15,1000.25,1009.5
2017-11-16,1009.7,1017.5
2017-11-17,1028.0,1021.85
2017-11-20,1023.2,1040.6
2017-11-21,1042.3,1029.5
2017-11-22,1032.5,1026.3
2017-11-23,1031.0,1022.0
2017-11-24,1023.05,1029.1
2017-11-27,1029.1,1039.65
2017-11-28,1035.95,1027.0
2017-11-29,1028.0,1025.5
2017-11-30,1018.8,1000.55
2017-12-01,1005.0,1006.0
2017-12-04,1009.0,999.5
2017-12-05,999.0,1005.0
2017-12-06,1000.0,1001.8
2017-12-07,1003.0,1006.0
2017-12-08,1006.8,1010.4
2017-12-11,1008.75,1006.25
2017-12-12,1003.0,1001.5
2017-12-13,1002.3,1015.0
2017-12-14,1017.2,1023.05
2017-12-15,1026.65,1034.9
2017-12-18,1028.1,1027.2
2017-12-19,1024.1,1019.95
2017-12-20,1021.45,1012.15
2017-12-21,1010.7,1012.6
2017-12-22,1012.75,1009.0
2017-12-26,1010.0,1014.5
2017-12-27,1016.5,1010.2
2017-12-28,1012.1,1006.0
2017-12-29,1004.8,1009.5
2018-01-01,1011.8,996.8
2018-01-02,1001.15,1001.75
2018-01-03,1004.9,998.5
2018-01-04,1002.45,1001.95
2018-01-05,1002.55,1003.0
2018-01-08,1008.1,1005.55
2018-01-09,1009.0,1009.8
2018-01-10,1007.5,1002.0
2018-01-11,1003.4,1017.8
2018-01-12,1023.0,1017.5
2018-01-15,1025.05,1038.0
2018-01-16,1043.45,1030.0
2018-01-17,1030.0,1030.0
2018-01-18,1034.35,1047.05
2018-01-19,1052.7,1058.0
2018-01-22,1061.0,1073.35
2018-01-23,1076.95,1070.95
2018-01-24,1070.95,1081.7
2018-01-25,1079.0,1092.4
2018-01-29,1092.0,1112.8
2018-01-30,1114.0,1085.8
2018-01-31,1083.15,1109.0
2018-02-01,1108.0,1120.55
2018-02-02,1114.0,1082.25
2018-02-05,1072.5,1063.0
2018-02-06,1035.1,1036.75
2018-02-07,1036.75,1033.0
2018-02-08,1037.0,1049.3
2018-02-09,1032.5,1036.0
2018-02-12,1037.75,1042.75
2018-02-14,1049.5,1038.9
2018-02-15,1043.5,1043.75
2018-02-16,1043.05,1052.0
2018-02-19,1057.4,1055.0
2018-02-20,1056.2,1041.75
2018-02-21,1047.9,1054.05
2018-02-22,1053.0,1072.0
2018-02-23,1072.5,1082.1
2018-02-26,1081.15,1103.95
2018-02-27,1102.5,1093.45
2018-02-28,1089.95,1088.0
2018-03-01,1088.1,1095.0
2018-03-05,1090.0,1097.8
2018-03-06,1105.0,1079.65
2018-03-07,1078.0,1088.05
2018-03-08,1089.95,1083.0
2018-03-09,1084.95,1080.0
2018-03-12,1087.45,1097.55
2018-03-13,1099.6,1082.8
2018-03-14,1080.05,1085.0
2018-03-15,1087.1,1083.5
2018-03-16,1081.6,1060.0
2018-03-19,1062.15,1048.3
2018-03-20,1047.75,1049.6
2018-03-21,1054.85,1052.6
2018-03-22,1052.6,1049.0
2018-03-23,1040.1,1039.05
2018-03-26,1039.9,1040.0
2018-03-27,1043.05,1049.3
2018-03-28,1044.9,1052.35
2018-04-02,1049.15,1095.0
2018-04-03,1094.0,1104.75
2018-04-04,1105.2,1077.75
2018-04-05,1091.6,1116.15
2018-04-06,1116.0,1112.5
2018-04-09,1120.0,1116.0
2018-04-10,1120.85,1114.0
2018-04-11,1112.95,1122.95
2018-04-12,1124.0,1135.7
2018-04-13,1142.0,1151.55
2018-04-16,1149.1,1174.0
2018-04-17,1176.4,1165.0
2018-04-18,1167.5,1153.5
2018-04-19,1157.9,1153.7
2018-04-20,1150.35,1158.05
2018-04-23,1158.05,1167.2
2018-04-24,1172.05,1164.0
2018-04-25,1164.9,1163.0
2018-04-26,1168.0,1185.05
2018-04-27,1191.95,1192.0
2018-04-30,1197.6,1212.65
2018-05-02,1230.0,1260.0
2018-05-03,1255.0,1231.85
2018-05-04,1240.2,1233.5
2018-05-07,1240.0,1242.85
2018-05-08,1247.5,1242.0
2018-05-09,1237.0,1253.3
2018-05-10,1254.7,1244.95
2018-05-11,1252.0,1265.0
2018-05-14,1267.5,1266.0
2018-05-15,1271.95,1280.0
2018-05-16,1271.9,1285.0
2018-05-17,1286.6,1265.6
2018-05-18,1268.0,1297.0
2018-05-21,1299.3,1271.4
2018-05-22,1276.8,1265.5
2018-05-23,1260.0,1248.25
2018-05-24,1251.25,1277.0
2018-05-25,1278.35,1295.0
2018-05-28,1300.0,1292.4
2018-05-29,1297.0,1280.0
2018-05-30,1276.5,1302.15
2018-05-31,1310.0,1317.35
2018-06-01,1317.9,1318.05
2018-06-04,1328.65,1304.0
2018-06-05,1303.95,1305.0
2018-06-06,1305.4,1317.8
2018-06-07,1322.05,1311.5
2018-06-08,1308.0,1315.15
2018-06-11,1324.7,1324.9
2018-06-12,1326.8,1330.6
2018-06-13,1328.0,1325.15
2018-06-14,1324.9,1327.65
2018-06-15,1331.8,1337.0
2018-06-18,1338.05,1313.0
2018-06-19,1315.3,1304.1
2018-06-20,1311.05,1326.0
2018-06-21,1330.0,1319.0
2018-06-22,1319.0,1319.5
2018-06-25,1321.4,1327.0
2018-06-26,1322.0,1331.0
2018-06-27,1331.0,1325.1
2018-06-28,1320.0,1344.5
2018-06-29,1338.9,1344.0
2018-07-02,1345.2,1339.35
2018-07-03,1337.95,1355.0
2018-07-04,1353.2,1364.5
2018-07-05,1370.65,1365.0
2018-07-06,1359.0,1371.25
2018-07-09,1374.9,1384.25
2018-07-10,1387.0,1370.85
2018-07-11,1371.85,1388.0
2018-07-12,1394.85,1388.3
2018-07-13,1385.25,1405.0
2018-07-16,1409.0,1409.0
2018-07-17,1406.0,1400.25
2018-07-18,1403.95,1402.85
2018-07-19,1406.65,1345.75
2018-07-20,1338.0,1335.0
2018-07-23,1331.05,1343.0
2018-07-24,1343.7,1310.3
2018-07-25,1308.1,1313.1
2018-07-26,1311.65,1310.55
2018-07-27,1313.9,1312.9
2018-07-30,1307.7,1304.8
2018-07-31,1302.6,1306.85
2018-08-01,1305.15,1308.65
2018-08-02,1309.0,1278.9
2018-08-03,1297.0,1308.25
2018-08-06,1313.0,1284.0
2018-08-07,1286.8,1284.0
2018-08-08,1288.85,1289.0
2018-08-09,1291.0,1278.0
2018-08-10,1276.7,1287.8
2018-08-13,1275.25,1287.35
2018-08-14,1289.7,1293.0
2018-08-16,1269.05,1245.0
2018-08-17,1251.3,1261.0
2018-08-20,1263.0,1272.85
2018-08-21,1269.0,1264.05
2018-08-23,1263.0,1249.9
2018-08-24,1249.0,1253.85
2018-08-27,1261.5,1275.55
2018-08-28,1278.85,1286.25
2018-08-29,1283.55,1286.0
2018-08-30,1281.95,1276.0
2018-08-31,1276.05,1287.0
2018-09-03,1295.0,1266.9
2018-09-04,1270.2,1259.0
2018-09-05,1257.0,1237.0
2018-09-06,1243.0,1258.55
2018-09-07,1259.8,1243.4
2018-09-10,1240.0,1227.9
2018-09-11,1227.65,1205.7
2018-09-12,1208.0,1232.0
2018-09-14,1240.4,1239.2
2018-09-17,1227.0,1228.2
2018-09-18,1226.9,1213.0
2018-09-19,1217.75,1226.15
2018-09-21,1230.0,1185.0
2018-09-24,1181.75,1145.05
2018-09-25,1147.85,1186.1
2018-09-26,1187.0,1165.0
2018-09-27,1172.75,1145.95
2018-09-28,1147.15,1136.5
2018-10-01,1090.0,1120.0
2018-10-03,1113.15,1105.1
2018-10-04,1084.35,1069.0
2018-10-05,1070.0,1047.1
2018-10-08,1051.4,1103.0
2018-10-09,1107.0,1111.55
2018-10-10,1115.0,1140.0
2018-10-11,1106.35,1117.95
2018-10-12,1124.0,1166.05
2018-10-15,1169.35,1168.75
2018-10-16,1171.5,1169.95
2018-10-17,1183.6,1173.05
2018-10-19,1165.0,1198.0
2018-10-22,1206.5,1164.0
2018-10-23,1153.75,1173.7
2018-10-24,1190.1,1181.0
2018-10-25,1171.75,1189.5
2018-10-26,1186.9,1153.0
2018-10-29,1150.0,1140.0
2018-10-30,1140.4,1119.75
2018-10-31,1131.8,1117.85
2018-11-01,1120.5,1107.0
2018-11-02,1117.95,1132.15
2018-11-05,1129.0,1130.0
2018-11-06,1128.45,1127.9
2018-11-07,1135.0,1133.2
2018-11-09,1128.0,1138.0
2018-11-12,1139.0,1153.0
2018-11-13,1149.95,1163.05
2018-11-14,1170.0,1125.0
2018-11-15,1143.5,1161.65
2018-11-16,1172.3,1172.0
2018-11-19,1175.0,1177.0
2018-11-20,1170.0,1169.2
2018-11-21,1169.95,1174.6
2018-11-22,1175.0,1169.8
2018-11-26,1174.0,1168.55
2018-11-27,1168.0,1174.65
2018-11-28,1172.95,1162.0
2018-11-29,1167.9,1207.5
2018-11-30,1210.0,1235.0
2018-12-03,1238.0,1227.0
2018-12-04,1227.0,1225.9
2018-12-05,1220.0,1213.65
2018-12-06,1204.95,1184.35
2018-12-07,1183.2,1284.55
2018-12-10,1245.0,1201.5
2018-12-11,1187.0,1238.65
2018-12-12,1229.4,1234.0
2018-12-13,1239.0,1268.6
2018-12-14,1264.4,1256.6
2018-12-17,1259.95,1220.4
2018-12-18,1215.2,1236.9
2018-12-19,1239.0,1224.1
2018-12-20,1219.0,1237.0
2018-12-21,1241.45,1228.0
2018-12-24,1229.05,1238.0
2018-12-26,1234.5,1250.8
2018-12-27,1257.25,1243.0
2018-12-28,1244.25,1239.65
2018-12-31,1237.0,1253.0
2019-01-01,1254.0,1249.0
2019-01-02,1247.9,1241.0
2019-01-03,1239.3,1233.0
2019-01-04,1238.0,1245.1
2019-01-07,1252.0,1244.2
2019-01-08,1243.0,1228.0
2019-01-09,1237.35,1236.7
2019-01-10,1239.0,1218.0
2019-01-11,1225.0,1218.5
2019-01-14,1217.0,1210.0
2019-01-15,1217.0,1216.0
2019-01-16,1215.7,1201.85
2019-01-17,1208.0,1217.8
2019-01-18,1220.1,1240.2
2019-01-21,1240.7,1274.45
2019-01-22,1279.0,1291.5
2019-01-23,1298.9,1272.05
2019-01-24,1274.0,1265.0
2019-01-25,1268.8,1268.85
2019-01-28,1269.0,1259.95
2019-01-29,1260.0,1251.5
2019-01-30,1255.0,1219.0
2019-01-31,1222.0,1256.0
2019-02-01,1257.05,1257.65
2019-02-04,1245.0,1274.0
2019-02-05,1276.0,1277.0
2019-02-06,1280.0,1280.0
2019-02-07,1280.0,1282.15
2019-02-08,1284.0,1298.5
2019-02-11,1296.0,1301.35
2019-02-12,1300.0,1298.0
2019-02-13,1305.0,1298.25
2019-02-14,1302.0,1285.7
2019-02-15,1287.8,1283.0
2019-02-18,1281.0,1275.0
2019-02-19,1277.0,1279.25
2019-02-20,1281.3,1290.75
2019-02-21,1291.9,1288.45
2019-02-22,1251.0,1238.05
2019-02-25,1243.4,1238.6
2019-02-26,1224.0,1234.25
2019-02-27,1238.0,1213.45
2019-02-28,1213.2,1213.3
2019-03-01,1221.7,1224.5
2019-03-05,1223.9,1240.0
2019-03-06,1242.1,1243.75
2019-03-07,1244.0,1235.7
2019-03-08,1237.0,1238.0
2019-03-11,1238.0,1252.0
2019-03-12,1260.45,1262.0
2019-03-13,1263.5,1262.0
2019-03-14,1263.0,1269.55
2019-03-15,1271.9,1328.0
2019-03-18,1340.0,1346.0
2019-03-19,1350.0,1343.55
2019-03-20,1346.05,1351.05
2019-03-22,1354.0,1336.4
2019-03-25,1324.0,1308.0
2019-03-26,1312.25,1343.1
2019-03-27,1349.95,1329.95
2019-03-28,1338.0,1344.95
2019-03-29,1350.0,1334.5
2019-04-01,1336.0,1338.0
2019-04-02,1344.0,1343.0
2019-04-03,1342.0,1332.0
2019-04-04,1337.4,1325.45
2019-04-05,1330.0,1337.1
2019-04-08,1341.0,1339.8
2019-04-09,1339.95,1344.0
2019-04-10,1338.05,1350.0
2019-04-11,1349.7,1341.3
2019-04-12,1343.2,1344.9
2019-04-15,1348.0,1376.0
2019-04-16,1382.4,1383.5
2019-04-18,1386.4,1369.9
2019-04-22,1360.0,1350.55
2019-04-23,1357.95,1354.65
2019-04-24,1355.0,1363.75
2019-04-25,1368.9,1359.0
2019-04-26,1362.0,1378.0
2019-04-30,1382.2,1385.0
2019-05-02,1394.0,1404.0
2019-05-03,1406.4,1416.95
2019-05-06,1400.0,1407.65
2019-05-07,1410.0,1402.15
2019-05-08,1404.0,1402.25
2019-05-09,1394.2,1370.05
2019-05-10,1370.0,1393.05
2019-05-13,1396.0,1393.15
2019-05-14,1388.5,1384.95
2019-05-15,1384.0,1395.0
2019-05-16,1396.9,1415.1
2019-05-17,1416.0,1465.0
2019-05-20,1491.0,1502.6
2019-05-21,1503.0,1490.0
2019-05-22,1493.0,1495.65
2019-05-23,1519.0,1507.0
2019-05-24,1510.0,1510.2
2019-05-27,1506.65,1530.0
2019-05-28,1533.0,1514.95
2019-05-29,1509.3,1518.0
2019-05-30,1513.9,1530.05
2019-05-31,1536.0,1519.95
2019-06-03,1513.2,1532.45
2019-06-04,1530.0,1534.0
2019-06-06,1532.55,1516.0
2019-06-07,1523.8,1510.0
2019-06-10,1503.3,1501.8
2019-06-11,1509.3,1504.5
2019-06-12,1500.0,1486.7
2019-06-13,1482.0,1504.05
2019-06-14,1504.05,1470.8
2019-06-17,1478.0,1461.0
2019-06-18,1465.0,1463.6
2019-06-19,1473.0,1502.0
2019-06-20,1500.5,1518.0
2019-06-21,1516.0,1495.85
2019-06-24,1489.0,1473.1
2019-06-25,1471.85,1483.1
2019-06-26,1485.0,1494.9
2019-06-27,1500.0,1484.0
2019-06-28,1485.0,1477.0
2019-07-01,1486.9,1483.5
2019-07-02,1483.9,1469.0
2019-07-03,1473.95,1474.45
2019-07-04,1475.0,1496.45
2019-07-05,1504.85,1516.0
2019-07-08,1513.4,1475.8
2019-07-09,1471.0,1462.0
2019-07-10,1463.0,1470.5
2019-07-11,1479.0,1479.05
2019-07-12,1486.95,1482.95
2019-07-15,1489.0,1504.1
2019-07-16,1508.0,1497.0
2019-07-17,1501.9,1532.65
2019-07-18,1531.35,1537.5
2019-07-19,1540.0,1507.25
2019-07-22,1493.0,1444.55
2019-07-23,1460.0,1494.15
2019-07-24,1493.0,1493.35
2019-07-25,1492.0,1490.0
2019-07-26,1490.0,1512.1
2019-07-29,1513.75,1505.5
2019-07-30,1505.0,1498.75
2019-07-31,1490.1,1516.95
2019-08-01,1505.95,1496.25
2019-08-02,1488.0,1508.0
2019-08-05,1495.0,1460.0
2019-08-06,1454.3,1484.55
2019-08-07,1493.9,1475.0
2019-08-08,1485.0,1508.0
2019-08-09,1506.0,1531.75
2019-08-13,1525.1,1506.35
2019-08-14,1515.0,1492.0
2019-08-16,1489.0,1501.65
2019-08-19,1505.0,1497.0
2019-08-20,1490.55,1507.6
2019-08-21,1504.0,1507.0
2019-08-22,1503.95,1480.0
2019-08-23,1479.9,1469.45
2019-08-26,1500.0,1515.0
2019-08-27,1514.0,1501.0
2019-08-28,1499.2,1481.7
2019-08-29,1479.5,1450.9
2019-08-30,1448.1,1435.0
2019-09-03,1429.0,1411.9
2019-09-04,1414.1,1423.9
2019-09-05,1431.9,1409.0
2019-09-06,1412.5,1441.5
2019-09-09,1439.0,1470.55
2019-09-11,1471.3,1476.0
2019-09-12,1480.0,1456.8
2019-09-13,1457.0,1482.85
2019-09-16,1474.0,1471.25
2019-09-17,1471.25,1453.2
2019-09-18,1450.0,1460.95
2019-09-19,1464.8,1453.95
2019-09-20,1455.0,1545.7
2019-09-23,1575.0,1650.0
2019-09-24,1633.3,1618.0
2019-09-25,1617.0,1600.0
2019-09-26,1607.0,1630.0
2019-09-27,1615.85,1642.65
2019-09-30,1635.1,1637.9
2019-10-01,1638.8,1648.0
2019-10-03,1644.25,1613.2
2019-10-04,1630.0,1560.0
2019-10-07,1563.0,1560.1
2019-10-09,1559.3,1611.0
2019-10-10,1599.9,1588.15
2019-10-11,1595.2,1589.35
2019-10-14,1598.0,1582.1
2019-10-15,1595.4,1617.0
2019-10-16,1615.0,1605.0
2019-10-17,1610.0,1602.0
2019-10-18,1603.8,1616.0
2019-10-22,1626.85,1626.8
2019-10-23,1630.0,1610.0
2019-10-24,1619.9,1613.85
2019-10-25,1613.85,1587.0
2019-10-27,1594.0,1593.15
2019-10-29,1597.4,1573.8
2019-10-30,1579.9,1576.25
2019-10-31,1583.95,1567.25
2019-11-01,1572.0,1581.0
2019-11-04,1584.0,1568.0
2019-11-05,1568.6,1556.45
2019-11-06,1556.45,1572.55
2019-11-07,1577.0,1585.9
2019-11-08,1578.9,1599.0
2019-11-11,1594.9,1617.9
2019-11-13,1617.0,1606.0
2019-11-14,1606.0,1602.25
2019-11-15,1606.0,1623.25
2019-11-18,1626.65,1627.5
2019-11-19,1629.9,1623.0
2019-11-20,1623.0,1601.15
2019-11-21,1603.45,1595.15
2019-11-22,1591.95,1568.9
2019-11-25,1574.0,1600.05
2019-11-26,1601.0,1605.0
2019-11-27,1604.95,1621.55
2019-11-28,1617.0,1616.5
2019-11-29,1610.0,1608.0
2019-12-02,1614.5,1630.95
2019-12-03,1634.5,1649.95
2019-12-04,1643.3,1651.3
2019-12-05,1651.25,1646.35
2019-12-06,1650.0,1676.25
2019-12-09,1677.95,1660.0
2019-12-10,1665.0,1663.75
2019-12-11,1666.0,1685.7
2019-12-12,1690.2,1715.0
2019-12-13,1717.75,1691.5
2019-12-16,1694.0,1708.0
2019-12-17,1716.05,1713.3
2019-12-18,1719.0,1724.0
2019-12-19,1724.95,1728.0
2019-12-20,1723.15,1694.3
2019-12-23,1699.0,1702.4
2019-12-24,1704.95,1712.8
2019-12-26,1711.05,1695.0
2019-12-27,1705.0,1687.9
2019-12-30,1690.0,1687.0
2019-12-31,1690.4,1685.0
2020-01-01,1689.0,1673.15
2020-01-02,1680.0,1671.5
2020-01-03,1670.95,1659.05
2020-01-06,1657.1,1653.8
2020-01-07,1661.05,1668.0
2020-01-08,1654.7,1652.4
2020-01-09,1673.5,1665.1
2020-01-10,1674.1,1686.0
2020-01-13,1692.0,1690.2
2020-01-14,1696.0,1678.8
2020-01-15,1675.95,1681.6
2020-01-16,1678.9,1703.05
2020-01-17,1703.9,1698.65
2020-01-20,1709.0,1617.0
2020-01-21,1605.0,1627.35
2020-01-22,1633.2,1590.25
2020-01-23,1588.0,1605.9
2020-01-24,1605.45,1638.0
2020-01-27,1628.7,1617.0
2020-01-28,1620.0,1624.0
2020-01-29,1633.0,1639.55
2020-01-30,1637.8,1627.95
2020-01-31,1709.65,1688.65
2020-02-01,1684.0,1652.0
2020-02-03,1645.6,1676.3
2020-02-04,1684.05,1699.0
2020-02-05,1702.0,1693.5
2020-02-06,1693.9,1675.75
2020-02-07,1675.75,1654.95
2020-02-10,1660.0,1673.0
2020-02-11,1682.45,1679.45
2020-02-12,1680.1,1713.5
2020-02-13,1714.7,1689.55
2020-02-14,1696.0,1682.5
2020-02-17,1685.0,1693.85
2020-02-18,1682.5,1692.95
2020-02-19,1740.0,1699.6
2020-02-20,1697.3,1685.0
2020-02-24,1672.0,1679.4
2020-02-25,1676.2,1678.5
2020-02-26,1670.1,1673.8
2020-02-27,1666.0,1678.5
2020-02-28,1654.9,1619.95
2020-03-02,1631.0,1600.0
2020-03-03,1603.8,1633.1
2020-03-04,1632.2,1613.0
2020-03-05,1615.0,1650.55
2020-03-06,1605.2,1634.05
2020-03-09,1595.0,1586.7
2020-03-11,1575.95,1590.2
2020-03-12,1509.9,1467.55
2020-03-13,1400.0,1478.05
2020-03-16,1417.0,1375.45
2020-03-17,1392.0,1319.35
2020-03-18,1326.0,1170.2
2020-03-19,1095.05,1194.95
2020-03-20,1217.0,1266.95
2020-03-23,1137.5,1119.0
2020-03-24,1153.15,1173.0
2020-03-25,1140.0,1290.0
2020-03-26,1300.0,1372.95
2020-03-27,1436.0,1390.35
2020-03-30,1345.2,1282.0
2020-03-31,1328.3,1286.6
2020-04-01,1294.9,1181.7
2020-04-03,1181.65,1160.95
2020-04-07,1221.0,1188.0
2020-04-08,1184.8,1190.25
2020-04-09,1215.0,1266.0
2020-04-13,1250.0,1255.25
2020-04-15,1265.85,1181.0
2020-04-16,1164.95,1135.0
2020-04-17,1187.35,1195.0
2020-04-20,1220.0,1177.8
2020-04-21,1150.0,1129.5
2020-04-22,1127.05,1160.4
2020-04-23,1172.0,1247.9
2020-04-24,1219.0,1241.0
2020-04-27,1251.9,1308.05
2020-04-28,1310.1,1326.3
2020-04-29,1327.0,1325.0
2020-04-30,1340.0,1355.5
2020-05-04,1295.0,1278.05
2020-05-05,1297.0,1242.0
2020-05-06,1231.0,1246.3
2020-05-07,1230.5,1200.0
2020-05-08,1222.0,1223.15
2020-05-11,1240.55,1186.4
2020-05-12,1178.0,1157.95
2020-05-13,1215.05,1190.4
2020-05-14,1178.9,1177.5
2020-05-15,1179.85,1175.0
2020-05-18,1175.0,1121.2
2020-05-19,1150.0,1131.9
2020-05-20,1130.0,1166.0
2020-05-21,1165.0,1153.0
2020-05-22,1140.0,1166.95
2020-05-26,1160.0,1154.0
2020-05-27,1163.95,1217.6
2020-05-28,1224.0,1226.2
2020-05-29,1216.5,1221.0
2020-06-01,1249.0,1251.55
2020-06-02,1323.0,1344.25
2020-06-03,1364.0,1385.0
2020-06-04,1380.05,1338.0
2020-06-05,1344.0,1348.0
2020-06-08,1355.0,1341.3
2020-06-09,1341.95,1303.25
2020-06-10,1304.5,1338.55
2020-06-11,1334.0,1299.0
2020-06-12,1240.0,1280.0
2020-06-15,1270.0,1250.5
2020-06-16,1276.0,1272.55
2020-06-17,1269.45,1247.5
2020-06-18,1240.0,1299.8
2020-06-19,1304.0,1304.3
2020-06-22,1309.8,1358.0
2020-06-23,1355.0,1394.0
2020-06-24,1392.0,1346.0
2020-06-25,1337.0,1367.15
2020-06-26,1380.0,1349.15
2020-06-29,1336.1,1359.0
2020-06-30,1364.9,1352.3
2020-07-01,1319.0,1344.6
2020-07-02,1358.15,1353.7
2020-07-03,1359.9,1351.15
2020-07-06,1370.0,1368.6
2020-07-07,1370.0,1366.0
2020-07-08,1368.0,1351.95
2020-07-09,1355.75,1370.1
2020-07-10,1363.4,1353.0
2020-07-13,1360.0,1333.8
2020-07-14,1328.8,1295.5
2020-07-15,1306.4,1288.6
2020-07-16,1288.6,1317.0
2020-07-17,1317.0,1335.0
2020-07-20,1330.0,1317.9
2020-07-21,1325.1,1362.2
2020-07-22,1365.0,1342.15
2020-07-23,1340.0,1372.1
2020-07-24,1360.0,1350.0
2020-07-27,1365.0,1322.5
2020-07-28,1330.1,1384.75
2020-07-29,1385.0,1388.5
2020-07-30,1395.1,1379.0
2020-07-31,1375.0,1365.2
2020-08-03,1356.0,1317.0
2020-08-04,1320.0,1322.0
2020-08-05,1332.0,1338.15
2020-08-06,1345.0,1340.2
2020-08-07,1341.5,1344.6
2020-08-10,1349.0,1361.0
2020-08-11,1373.0,1363.1
2020-08-12,1350.0,1336.55
2020-08-13,1341.9,1336.5
2020-08-14,1337.55,1309.0
2020-08-17,1320.1,1330.25
2020-08-18,1318.6,1367.55
2020-08-19,1372.35,1354.1
2020-08-20,1343.0,1337.85
2020-08-21,1342.0,1339.0
2020-08-24,1347.6,1386.1
2020-08-25,1392.0,1400.0
2020-08-26,1410.0,1440.95
2020-08-27,1441.0,1424.75
2020-08-28,1410.0,1472.55
2020-08-31,1488.0,1398.0
2020-09-01,1419.85,1430.5
2020-09-02,1425.0,1420.75
2020-09-03,1433.8,1399.75
2020-09-04,1380.0,1384.0
2020-09-07,1379.0,1372.0
2020-09-08,1371.9,1350.0
2020-09-09,1343.0,1326.35
2020-09-10,1330.0,1320.45
2020-09-11,1317.0,1332.45
2020-09-14,1337.0,1305.4
2020-09-15,1308.1,1327.0
2020-09-16,1324.0,1326.75
2020-09-17,1315.0,1306.0
2020-09-18,1313.1,1281.0
2020-09-21,1276.0,1281.85
2020-09-22,1288.05,1275.0
2020-09-23,1280.05,1278.5
2020-09-24,1267.0,1241.0
2020-09-25,1255.05,1252.0
2020-09-28,1258.0,1282.0
2020-09-29,1286.8,1264.95
2020-09-30,1263.25,1266.7
2020-10-01,1280.0,1306.0
2020-10-05,1310.0,1312.95
2020-10-06,1325.0,1336.0
2020-10-07,1339.9,1325.0
2020-10-08,1326.5,1320.0
2020-10-09,1323.0,1321.9
2020-10-12,1328.0,1312.85
2020-10-13,1319.65,1341.1
2020-10-14,1335.25,1355.0
2020-10-15,1353.35,1307.0
2020-10-16,1308.5,1334.3
2020-10-19,1350.0,1374.9
2020-10-20,1371.7,1369.1
2020-10-21,1375.0,1392.35
2020-10-22,1388.0,1391.5
2020-10-23,1400.0,1385.65
2020-10-26,1399.0,1411.0
2020-10-27,1452.5,1582.6
2020-10-28,1575.0,1556.0
2020-10-29,1532.0,1569.0
2020-10-30,1574.0,1545.0
2020-11-02,1555.0,1575.0
2020-11-03,1581.0,1593.0
2020-11-04,1589.0,1627.95
2020-11-05,1643.0,1673.7
2020-11-06,1660.0,1714.0
2020-11-09,1730.0,1727.5
2020-11-10,1731.0,1755.0
2020-11-11,1774.0,1804.95
2020-11-12,1799.0,1757.6
2020-11-13,1749.9,1758.15
2020-11-14,1766.8,1770.9
2020-11-17,1771.8,1797.0
2020-11-18,1791.5,1828.0
2020-11-19,1819.0,1824.2
2020-11-20,1820.0,1882.0
2020-11-23,1892.4,1896.3
2020-11-24,1896.0,1925.75
2020-11-25,1939.0,1866.7
2020-11-26,1875.0,1889.95
2020-11-27,1895.0,1887.05
2020-12-01,1930.0,1876.1
2020-12-02,1880.0,1813.0
2020-12-03,1836.0,1825.1
2020-12-04,1828.0,1854.0
2020-12-07,1849.45,1821.15
2020-12-08,1832.3,1834.0
2020-12-09,1836.1,1882.6
2020-12-10,1900.0,1903.0
2020-12-11,1893.5,1919.65
2020-12-14,1934.0,1944.5
2020-12-15,1948.0,1945.1
2020-12-16,1965.0,1951.0
2020-12-17,1965.0,1964.0
2020-12-18,1963.8,1941.1
2020-12-21,1935.0,1912.4
2020-12-22,1930.0,1901.05
2020-12-23,1901.0,1919.95
2020-12-24,1918.0,1958.0
2020-12-28,1963.0,1992.8
2020-12-29,1983.0,1998.5
2020-12-30,2003.2,2018.45
2020-12-31,2016.7,1995.4
2021-01-01,1996.9,1993.2
2021-01-04,2004.0,1970.0
2021-01-05,1959.5,1960.15
2021-01-06,1973.9,1969.95
2021-01-07,1984.0,1953.55
2021-01-08,1972.0,1969.9
2021-01-11,1960.0,1939.5
2021-01-12,1929.8,1905.9
2021-01-13,1911.0,1880.0
2021-01-14,1892.0,1894.25
2021-01-15,1894.2,1868.0
2021-01-18,1870.5,1841.1
2021-01-19,1856.1,1888.8
2021-01-20,1890.0,1880.9
2021-01-21,1900.0,1863.9
2021-01-22,1850.0,1829.3
2021-01-25,1845.0,1793.0
2021-01-27,1798.0,1766.0
2021-01-28,1731.0,1724.6
2021-01-29,1749.85,1710.55
2021-02-01,1730.0,1807.95
2021-02-02,1830.0,1865.0
2021-02-03,1870.0,1854.0
2021-02-04,1839.0,1913.0
2021-02-05,1915.0,1990.0
2021-02-08,2000.0,1957.9
2021-02-09,1960.0,1950.0
2021-02-10,1950.0,1955.0
2021-02-11,1949.2,1960.05
2021-02-12,1960.0,1950.5
2021-02-15,1960.0,1990.15
2021-02-16,2000.0,2025.0
2021-02-17,2015.1,1988.95
2021-02-18,1979.15,1948.0
2021-02-19,1942.25,1943.25
2021-02-22,1938.75,1939.25
2021-02-23,1965.0,1874.5
2021-02-24,1889.1,1866.2
2021-02-25,1927.0,1892.2
2021-02-26,1869.0,1791.4
2021-03-01,1811.0,1846.4
2021-03-02,1845.0,1851.2
2021-03-03,1855.0,1894.9
2021-03-04,1863.9,1897.0
2021-03-05,1875.5,1920.05
2021-03-08,1920.0,1914.0
2021-03-09,1917.8,1974.95
2021-03-10,1983.25,1960.9
2021-03-12,1979.0,1930.8
2021-03-15,1944.0,1917.0
2021-03-16,1925.1,1904.0
2021-03-17,1903.2,1867.4
2021-03-18,1881.0,1831.85
2021-03-19,1818.45,1827.0
2021-03-22,1833.0,1825.0
2021-03-23,1844.0,1815.0
2021-03-24,1800.0,1782.0
2021-03-25,1792.9,1763.95
2021-03-26,1785.0,1776.75
2021-03-30,1782.1,1783.95
2021-03-31,1778.8,1755.4
2021-04-01,1770.0,1804.0
2021-04-05,1786.1,1761.0
2021-04-06,1776.0,1764.4
2021-04-07,1766.05,1790.1
2021-04-08,1796.0,1783.95
2021-04-09,1770.0,1794.7
2021-04-12,1757.25,1740.0
2021-04-13,1745.8,1777.0
2021-04-15,1800.0,1774.25
2021-04-16,1774.0,1763.2
2021-04-19,1720.0,1701.25
2021-04-20,1725.0,1695.0
2021-04-22,1689.75,1732.75
2021-04-23,1733.9,1730.35
2021-04-26,1740.0,1761.85
2021-04-27,1750.0,1753.05
2021-04-28,1762.5,1814.95
2021-04-29,1825.1,1802.6
2021-04-30,1780.0,1743.75
2021-05-03,1735.0,1730.5
2021-05-04,1751.0,1733.0
2021-05-05,1741.15,1775.45
2021-05-06,1781.7,1793.0
2021-05-07,1797.0,1779.0
2021-05-10,1808.8,1811.95
2021-05-11,1781.15,1755.65
2021-05-12,1752.9,1718.95
2021-05-14,1722.45,1707.75
2021-05-17,1715.95,1746.7
2021-05-18,1768.0,1755.0
2021-05-19,1747.95,1730.95
2021-05-20,1732.0,1712.0
2021-05-21,1715.5,1759.3
2021-05-24,1763.65,1749.2
2021-05-25,1770.4,1755.0
2021-05-26,1760.05,1740.95
2021-05-27,1740.0,1776.05
2021-05-28,1786.0,1800.0
2021-05-31,1799.0,1806.9
2021-06-01,1815.0,1795.0
2021-06-02,1793.0,1785.9
2021-06-03,1790.0,1814.5
2021-06-04,1820.0,1814.0
2021-06-07,1825.0,1815.0
2021-06-08,1815.0,1792.0
2021-06-09,1789.9,1781.15
2021-06-10,1787.7,1801.95
2021-06-11,1809.0,1793.0
2021-06-14,1789.9,1767.3
2021-06-15,1775.8,1772.0
2021-06-16,1770.85,1761.15
2021-06-17,1747.25,1757.65
2021-06-18,1774.95,1767.0
2021-06-21,1740.0,1776.85
2021-06-22,1780.0,1758.15
2021-06-23,1764.0,1738.0
2021-06-24,1735.0,1741.65
2021-06-25,1735.0,1734.0
2021-06-28,1735.0,1732.0
2021-06-29,1737.8,1705.65
2021-06-30,1705.85,1704.9
2021-07-01,1709.9,1718.1
2021-07-02,1727.0,1716.2
2021-07-05,1727.0,1731.25
2021-07-06,1729.0,1755.0
2021-07-07,1756.0,1760.0
2021-07-08,1758.0,1732.7
2021-07-09,1729.0,1720.5
2021-07-12,1732.0,1730.0
2021-07-13,1743.0,1744.0
2021-07-14,1740.0,1744.6
2021-07-15,1757.0,1754.1
2021-07-16,1755.5,1747.15
2021-07-19,1733.9,1724.0
2021-07-20,1722.8,1700.0
2021-07-22,1706.55,1708.0
2021-07-23,1710.0,1717.5
2021-07-26,1711.6,1739.65
2021-07-27,1752.0,1699.5
2021-07-28,1705.0,1654.0
2021-07-29,1664.0,1642.0
2021-07-30,1641.65,1656.7
2021-08-02,1665.0,1668.0
2021-08-03,1665.0,1688.05
2021-08-04,1698.7,1752.1
2021-08-05,1761.7,1768.55
2021-08-06,1769.0,1779.3
2021-08-09,1777.2,1780.75
2021-08-10,1785.0,1810.0
2021-08-11,1820.0,1776.4
2021-08-12,1775.1,1790.0
2021-08-13,1784.0,1785.25
2021-08-16,1784.0,1778.0
2021-08-17,1779.0,1789.0
2021-08-18,1788.35,1747.0
2021-08-20,1732.0,1705.05
2021-08-23,1724.55,1715.1
2021-08-24,1725.0,1702.55
2021-08-25,1705.0,1695.5
2021-08-26,1693.8,1701.05
2021-08-27,1695.0,1713.0
2021-08-30,1715.95,1735.2
2021-08-31,1744.05,1750.0
2021-09-01,1753.75,1746.1
2021-09-02,1752.0,1787.1
2021-09-03,1793.0,1792.8
2021-09-06,1808.0,1777.15
2021-09-07,1774.55,1764.95
2021-09-08,1760.1,1827.05
2021-09-09,1826.0,1818.0
2021-09-13,1828.5,1849.0
2021-09-14,1850.0,1864.95
2021-09-15,1874.0,1873.0
2021-09-16,1877.0,1906.0
2021-09-17,1916.0,2014.6
2021-09-20,1990.0,1996.5
2021-09-21,2017.0,2016.1
2021-09-22,2016.5,1991.0
2021-09-23,2004.0,2024.05
2021-09-24,2030.0,2026.9
2021-09-27,2031.2,2034.85
2021-09-28,2040.0,2072.9
2021-09-29,2059.9,2030.85
2021-09-30,2025.45,2000.45
2021-10-01,1997.0,1990.05
2021-10-04,1995.0,1993.15
2021-10-05,1994.9,1983.85
2021-10-06,1976.05,1953.7
2021-10-07,1968.0,1953.5
2021-10-08,1950.0,1939.0
2021-10-11,1949.0,1977.45
2021-10-12,1980.0,1995.0
2021-10-13,2004.0,2008.0
2021-10-14,2008.0,2019.0
2021-10-18,2017.8,2011.0
2021-10-19,2011.9,2044.0
2021-10-20,2042.0,2022.5
2021-10-21,2031.0,2153.1
2021-10-22,2154.9,2172.05
2021-10-25,2152.0,2150.0
2021-10-26,2154.5,2211.35
2021-10-27,2200.0,2181.65
2021-10-28,2188.25,2099.8
2021-10-29,2077.55,2044.45
2021-11-01,2055.0,2084.5
2021-11-02,2066.15,2074.0
2021-11-03,2080.0,2036.95
2021-11-04,2040.0,2059.8
2021-11-08,2055.0,2125.95
2021-11-09,2120.0,2100.0
2021-11-10,2085.0,2077.55
2021-11-11,2073.0,2055.45
2021-11-12,2068.0,2078.0
2021-11-15,2080.1,2094.75
2021-11-16,2099.9,2081.0
2021-11-17,2070.0,2048.0
2021-11-18,2050.0,2025.0
2021-11-22,2044.0,1962.35
2021-11-23,1938.0,1975.15
2021-11-24,1979.55,2006.55
2021-11-25,2020.0,2030.0
2021-11-26,2002.0,1960.0
2021-11-29,1993.0,2011.0
2021-11-30,2023.0,1957.0
2021-12-01,1979.0,1955.0
2021-12-02,1947.55,1966.3
2021-12-03,1966.7,1920.0
2021-12-06,1920.0,1886.0
2021-12-07,1912.0,1934.5
2021-12-08,1970.0,1921.95
2021-12-09,1926.0,1918.75
2021-12-10,1915.0,1897.0
2021-12-13,1910.0,1874.5
2021-12-14,1873.1,1839.9
2021-12-15,1845.6,1867.0
2021-12-16,1885.9,1861.0
2021-12-17,1855.0,1796.0
2021-12-20,1780.0,1738.5
2021-12-21,1761.05,1738.0
2021-12-22,1748.0,1768.0
2021-12-23,1784.9,1771.15
2021-12-24,1780.0,1747.45
2021-12-27,1743.1,1773.5
2021-12-28,1785.0,1775.0
2021-12-29,1774.0,1759.1
2021-12-30,1759.0,1762.9
2021-12-31,1762.0,1797.8
2022-01-03,1797.0,1824.0
2022-01-04,1830.0,1852.6
2022-01-05,1857.0,1916.65
2022-01-06,1907.1,1887.0
2022-01-07,1891.9,1905.9
2022-01-10,1904.25,1949.6
2022-01-11,1948.0,1940.15
2022-01-12,1954.8,1957.4
2022-01-13,1960.0,1930.25
2022-01-14,1909.0,1931.0
2022-01-17,1922.0,1940.35
2022-01-18,1930.0,1940.05
2022-01-19,1945.0,1908.4
2022-01-20,1925.0,1893.7
2022-01-21,1868.25,1897.0
2022-01-24,1884.1,1824.5
2022-01-25,1814.7,1867.0
2022-01-27,1840.0,1895.0
2022-01-28,1895.0,1891.3
2022-01-31,1920.0,1857.5
2022-02-01,1882.0,1888.0
2022-02-02,1910.8,1943.9
2022-02-03,1939.9,1899.0
2022-02-04,1914.0,1884.0
2022-02-07,1850.0,1828.05
2022-02-08,1835.0,1815.0
2022-02-09,1835.6,1835.6
2022-02-10,1835.0,1863.55
2022-02-11,1854.1,1825.0
2022-02-14,1790.05,1742.45
2022-02-15,1756.0,1813.85
2022-02-16,1815.1,1830.0
2022-02-17,1835.0,1814.0
2022-02-18,1809.05,1827.0
2022-02-21,1808.0,1830.0
2022-02-22,1790.0,1840.0
2022-02-23,1852.9,1882.0
2022-02-24,1834.35,1783.0
2022-02-25,1820.95,1863.0
2022-02-28,1837.0,1841.0
2022-03-02,1811.8,1808.95
2022-03-03,1812.95,1792.0
2022-03-04,1770.0,1750.0
2022-03-07,1693.5,1717.6
2022-03-08,1700.0,1725.0
2022-03-09,1723.1,1746.2
2022-03-10,1800.0,1749.05
2022-03-11,1745.0,1761.15
2022-03-14,1745.45,1790.7
2022-03-15,1784.0,1731.5
2022-03-16,1760.0,1758.0
2022-03-17,1790.0,1819.3
2022-03-21,1815.65,1779.05
2022-03-22,1777.1,1805.45
2022-03-23,1815.0,1760.75
2022-03-24,1715.0,1714.95
2022-03-25,1728.0,1726.65
2022-03-28,1728.0,1727.0
2022-03-29,1738.0,1735.0
2022-03-30,1749.4,1758.25
2022-03-31,1755.1,1753.0
2022-04-01,1749.3,1780.0
2022-04-04,1787.0,1834.4
2022-04-05,1836.05,1797.0
2022-04-06,1787.5,1780.0
2022-04-07,1771.0,1767.9
2022-04-08,1775.25,1788.0
2022-04-11,1775.0,1788.0
2022-04-12,1771.05,1805.0
2022-04-13,1807.7,1780.0
2022-04-18,1775.6,1754.0
2022-04-19,1763.0,1702.5
2022-04-20,1713.0,1721.55
2022-04-21,1725.0,1767.55
2022-04-22,1740.0,1727.75
2022-04-25,1702.5,1728.55
2022-04-26,1746.1,1741.5
2022-04-27,1724.0,1740.0
2022-04-28,1749.0,1766.85
2022-04-29,1768.95,1789.75
2022-05-02,1765.55,1771.4
2022-05-04,1768.0,1775.9
2022-05-05,1801.0,1792.0
2022-05-06,1755.15,1778.2
2022-05-09,1745.0,1772.0
2022-05-10,1770.0,1796.25
2022-05-11,1798.0,1814.0
2022-05-12,1802.8,1765.0
2022-05-13,1785.0,1777.0
2022-05-16,1781.0,1812.0
2022-05-17,1823.0,1842.0
2022-05-18,1846.95,1847.35
2022-05-19,1812.0,1782.5
2022-05-20,1811.0,1829.7
2022-05-23,1852.0,1845.0
2022-05-24,1857.95,1881.0
2022-05-25,1897.85,1903.9
2022-05-26,1914.95,1914.0
2022-05-27,1921.0,1948.0
2022-05-30,1945.25,1907.0
2022-05-31,1891.1,1837.0
2022-06-01,1840.0,1871.0
2022-06-02,1848.2,1855.1
2022-06-03,1879.0,1856.0
2022-06-06,1845.0,1872.05
2022-06-07,1864.0,1853.9
2022-06-08,1860.0,1844.25
2022-06-09,1838.75,1869.0
2022-06-10,1840.0,1790.8
2022-06-13,1743.0,1738.0
2022-06-14,1735.6,1742.0
2022-06-15,1738.0,1735.0
2022-06-16,1742.0,1672.25
2022-06-17,1661.0,1677.0
2022-06-20,1673.6,1679.8
2022-06-21,1690.0,1683.6
2022-06-22,1665.0,1668.2
2022-06-23,1675.0,1688.15
2022-06-24,1700.0,1701.0
2022-06-27,1717.2,1693.55
2022-06-28,1684.9,1669.1
2022-06-29,1650.0,1641.0
2022-06-30,1632.0,1658.0
2022-07-01,1645.0,1676.5
2022-07-04,1666.55,1672.4
2022-07-05,1675.0,1662.0
2022-07-06,1682.0,1709.0
2022-07-07,1718.0,1742.7
2022-07-08,1755.0,1747.45
2022-07-11,1743.0,1737.0
2022-07-12,1721.5,1714.0
2022-07-13,1724.0,1738.3
2022-07-14,1740.0,1770.7
2022-07-15,1772.3,1787.0
2022-07-18,1800.0,1845.0
2022-07-19,1835.0,1835.2
2022-07-20,1846.25,1820.0
2022-07-21,1825.0,1805.0
2022-07-22,1801.0,1827.0
2022-07-25,1816.0,1795.8
2022-07-26,1791.0,1753.15
2022-07-27,1761.15,1756.0
2022-07-28,1774.8,1827.5
2022-07-29,1837.65,1814.0
2022-08-01,1815.0,1855.9
2022-08-02,1851.7,1878.0
2022-08-03,1875.0,1850.0
2022-08-04,1856.6,1832.0
2022-08-05,1844.75,1830.0
2022-08-08,1830.0,1847.0
2022-08-10,1848.0,1830.5
2022-08-11,1849.0,1852.55
2022-08-12,1860.0,1841.65
2022-08-16,1850.45,1842.65
2022-08-17,1854.0,1839.5
2022-08-18,1839.0,1911.05
2022-08-19,1919.0,1871.9
2022-08-22,1826.95,1835.1
2022-08-23,1824.0,1868.0
2022-08-24,1851.0,1869.5
2022-08-25,1875.1,1861.55
2022-08-26,1872.35,1905.75
2022-08-29,1858.0,1850.0
2022-08-30,1864.85,1908.0
2022-09-01,1875.0,1909.0
2022-09-02,1916.95,1920.0
2022-09-05,1911.0,1934.75
2022-09-06,1944.95,1918.0
2022-09-07,1900.0,1908.2
2022-09-08,1920.1,1934.0
2022-09-09,1950.0,1925.0
2022-09-12,1925.0,1924.35
2022-09-13,1933.0,1924.0
2022-09-14,1892.0,1954.0
2022-09-15,1967.5,1935.0
2022-09-16,1926.25,1929.0
2022-09-19,1923.1,1932.0
2022-09-20,1944.0,1935.0
2022-09-21,1927.0,1916.95
2022-09-22,1905.55,1897.35
2022-09-23,1870.1,1858.8
2022-09-26,1836.0,1830.45
2022-09-27,1832.2,1808.75
2022-09-28,1790.0,1783.6
2022-09-29,1802.0,1768.0
2022-09-30,1768.0,1818.0
2022-10-03,1808.0,1779.0
2022-10-04,1808.0,1825.6
2022-10-06,1825.0,1816.0
2022-10-07,1810.5,1821.9
2022-10-10,1801.1,1807.0
2022-10-11,1809.85,1786.35
2022-10-12,1788.0,1813.0
2022-10-13,1805.0,1799.85
2022-10-14,1828.0,1837.3
2022-10-17,1828.05,1860.75
2022-10-18,1867.45,1857.6
2022-10-19,1869.0,1868.0
2022-10-20,1860.0,1865.0
2022-10-21,1870.0,1905.0
2022-10-24,1906.7,1898.0
2022-10-25,1907.0,1844.5
2022-10-27,1883.7,1871.0
2022-10-28,1874.0,1888.0
2022-10-31,1899.0,1901.55
2022-11-01,1908.0,1910.5
2022-11-02,1918.75,1907.95
2022-11-03,1904.8,1901.7
2022-11-04,1906.0,1900.4
2022-11-07,1908.0,1885.0
2022-11-09,1898.0,1884.25
2022-11-10,1895.0,1913.6
2022-11-11,1933.0,1900.5
2022-11-14,1902.85,1921.0
2022-11-15,1925.0,1918.1
2022-11-16,1914.0,1965.9
2022-11-17,1963.8,1949.95
2022-11-18,1960.95,1958.0
2022-11-21,1954.55,1944.35
2022-11-22,1953.85,1936.0
2022-11-23,1950.5,1951.0
2022-11-24,1954.5,1949.6
2022-11-25,1949.0,1928.7
2022-11-28,1916.0,1924.0
2022-11-29,1931.6,1926.75
2022-11-30,1939.0,1948.1
2022-12-01,1955.0,1933.95
2022-12-02,1917.1,1933.0
2022-12-05,1942.0,1933.85
2022-12-06,1920.55,1932.8
2022-12-07,1932.5,1914.0
2022-12-08,1898.9,1898.6
2022-12-09,1914.0,1888.3
2022-12-12,1865.0,1865.05
2022-12-13,1863.75,1868.7
2022-12-14,1871.1,1873.0
2022-12-15,1875.55,1855.1
2022-12-16,1854.7,1841.95
2022-12-19,1840.55,1859.75
2022-12-20,1845.0,1850.35
2022-12-21,1860.5,1815.95
2022-12-22,1826.0,1823.0
2022-12-23,1815.95,1819.5
2022-12-26,1821.95,1810.85
2022-12-27,1822.65,1820.65
2022-12-28,1824.4,1818.0
2022-12-29,1814.4,1820.0
2022-12-30,1825.1,1826.0
2023-01-02,1827.8,1830.0
2023-01-03,1822.25,1835.85
2023-01-04,1834.9,1824.9
2023-01-05,1820.0,1822.65
2023-01-06,1826.0,1788.9
2023-01-09,1801.0,1812.05
2023-01-10,1808.55,1796.0
2023-01-11,1800.0,1800.1
2023-01-12,1807.0,1779.9
2023-01-13,1779.5,1780.5
2023-01-16,1787.0,1785.0
2023-01-17,1780.0,1799.05
2023-01-18,1802.95,1799.5
2023-01-19,1803.5,1768.7
2023-01-20,1778.9,1761.35
2023-01-23,1790.0,1781.75
2023-01-24,1792.7,1760.15
2023-01-25,1757.0,1751.05
2023-01-27,1752.1,1714.0
2023-01-30,1713.1,1725.2
2023-01-31,1730.5,1735.0
2023-02-01,1745.0,1742.9
2023-02-02,1720.0,1762.0
2023-02-03,1770.6,1777.2
2023-02-06,1775.0,1747.85
2023-02-07,1752.2,1775.0
2023-02-08,1778.8,1763.1
2023-02-09,1767.95,1770.0
2023-02-10,1767.9,1770.6
2023-02-13,1775.1,1770.9
2023-02-14,1770.0,1768.45
2023-02-15,1768.45,1785.75
2023-02-16,1794.0,1790.95
2023-02-17,1783.1,1762.0
2023-02-20,1768.05,1737.0
2023-02-21,1745.0,1730.3
2023-02-22,1723.95,1701.0
2023-02-23,1707.4,1708.0
2023-02-24,1713.0,1698.0
2023-02-27,1698.3,1727.85
2023-02-28,1725.95,1731.95
2023-03-01,1729.25,1746.0
2023-03-02,1735.6,1719.8
2023-03-03,1732.0,1751.95
2023-03-06,1756.3,1750.55
2023-03-08,1736.0,1743.0
2023-03-09,1739.3,1714.95
2023-03-10,1707.0,1701.25
2023-03-13,1699.0,1678.0
2023-03-14,1673.0,1647.0
2023-03-15,1668.0,1666.4
2023-03-16,1670.0,1668.15
2023-03-17,1679.6,1697.3
2023-03-20,1687.0,1699.7
2023-03-21,1707.55,1710.0
2023-03-22,1710.0,1706.35
2023-03-23,1699.15,1679.0
2023-03-24,1676.05,1687.7
2023-03-27,1700.65,1700.0
2023-03-28,1708.95,1698.5
2023-03-29,1700.1,1724.35
2023-03-31,1725.5,1733.5
2023-04-03,1734.0,1744.95
2023-04-05,1745.0,1751.8
2023-04-06,1750.0,1755.95
2023-04-10,1757.15,1757.3
2023-04-11,1847.2,1840.5
2023-04-12,1842.0,1844.75
2023-04-13,1838.0,1868.7
2023-04-17,1888.95,1894.0
2023-04-18,1900.95,1890.0
2023-04-19,1888.3,1884.5
2023-04-20,1884.3,1890.0
2023-04-21,1882.0,1891.0
2023-04-24,1890.2,1896.95
2023-04-25,1902.0,1890.25
2023-04-26,1877.5,1883.75
2023-04-27,1876.9,1906.35
2023-04-28,1906.0,1933.0
2023-05-02,1918.0,1918.75
2023-05-03,1919.0,1927.15
2023-05-04,1929.95,1940.0
2023-05-05,1952.15,1918.0
2023-05-08,1935.9,1959.1
2023-05-09,1964.85,1952.95
2023-05-10,1960.0,1962.0
2023-05-11,1970.0,1964.0
2023-05-12,1954.0,1955.0
2023-05-15,1957.05,1970.0
2023-05-16,1978.0,1942.0
2023-05-17,1949.8,1909.0
2023-05-18,1924.0,1927.0
2023-05-19,1930.0,1942.0
2023-05-22,1945.0,1937.5
2023-05-23,1940.2,1920.9
2023-05-24,1921.95,1913.25
2023-05-25,1918.0,1930.55
2023-05-26,1949.95,1944.5
2023-05-29,1963.1,1953.3
2023-05-30,1957.85,1972.05
2023-05-31,1984.95,2011.65
2023-06-01,1968.0,1929.0
2023-06-02,1944.95,1936.0
2023-06-05,1945.0,1926.1
2023-06-06,1934.9,1962.15
2023-06-07,1972.0,1939.4
2023-06-08,1936.9,1887.85
2023-06-09,1862.0,1874.0
2023-06-12,1874.85,1877.2
2023-06-13,1875.35,1855.95
2023-06-14,1855.95,1862.0
2023-06-15,1867.95,1834.0
2023-06-16,1836.95,1856.0
2023-06-19,1863.85,1825.0
2023-06-20,1820.0,1839.35
2023-06-21,1847.05,1843.0
2023-06-22,1845.55,1831.9
2023-06-23,1833.0,1827.5
2023-06-26,1831.95,1823.45
2023-06-27,1827.7,1844.0
2023-06-28,1846.0,1844.0
2023-06-30,1847.9,1842.7
2023-07-03,1856.0,1844.45
2023-07-04,1850.0,1861.0
2023-07-05,1862.8,1863.05
2023-07-06,1860.0,1875.95
2023-07-07,1872.0,1855.0
2023-07-10,1853.0,1870.0
2023-07-11,1874.0,1866.9
2023-07-12,1874.9,1878.0
2023-07-13,1889.0,1870.0
2023-07-14,1870.1,1871.2
2023-07-17,1871.2,1898.95
2023-07-18,1895.35,1890.05
2023-07-19,1894.8,1907.8
2023-07-20,1901.0,1956.55
2023-07-21,1951.9,1971.0
2023-07-24,1950.0,1894.8
2023-07-25,1901.0,1871.65
2023-07-26,1880.0,1896.8
2023-07-27,1889.0,1874.0
2023-07-28,1869.6,1871.9
2023-07-31,1866.0,1856.9
2023-08-01,1850.0,1850.0
2023-08-02,1840.55,1823.4
2023-08-03,1820.1,1823.9
2023-08-04,1829.0,1837.0
2023-08-07,1845.0,1832.55
2023-08-08,1831.5,1830.5
2023-08-09,1834.0,1826.0
2023-08-10,1825.75,1797.5
2023-08-11,1798.0,1793.5
2023-08-14,1789.0,1795.0
2023-08-16,1787.0,1786.0
2023-08-17,1782.0,1766.8
2023-08-18,1757.1,1749.4
2023-08-21,1751.0,1762.0
2023-08-22,1769.0,1759.85
2023-08-23,1769.8,1778.0
2023-08-24,1789.0,1777.5
2023-08-25,1771.2,1773.05
2023-08-28,1778.85,1795.0
2023-08-29,1796.95,1781.95
2023-08-30,1791.0,1770.0
2023-08-31,1774.9,1759.95
2023-09-01,1763.9,1772.5
2023-09-04,1777.4,1764.6
2023-09-05,1765.0,1770.0
2023-09-06,1771.0,1776.0
2023-09-07,1775.0,1788.95
2023-09-08,1797.0,1793.5
2023-09-11,1800.0,1809.5
2023-09-12,1819.0,1810.65
2023-09-13,1800.6,1828.0
2023-09-14,1828.0,1822.5
2023-09-15,1816.2,1812.5
2023-09-18,1811.0,1795.5
2023-09-20,1786.95,1793.0
2023-09-21,1784.0,1755.0
2023-09-22,1758.0,1757.65
2023-09-25,1764.0,1786.0
2023-09-26,1776.1,1770.0
2023-09-27,1764.0,1769.7
2023-09-28,1762.2,1731.0
2023-09-29,1744.0,1736.35
2023-10-03,1730.0,1730.0
2023-10-04,1715.0,1727.0
2023-10-05,1730.0,1733.3
2023-10-06,1735.3,1742.1
2023-10-09,1730.0,1720.0
2023-10-10,1727.5,1761.0
2023-10-11,1760.05,1774.0
2023-10-12,1775.0,1764.0
2023-10-13,1755.0,1754.0
2023-10-16,1761.0,1750.0
2023-10-17,1755.0,1774.8
2023-10-18,1773.0,1753.0
2023-10-19,1742.0,1738.65
2023-10-20,1733.5,1770.0
2023-10-23,1769.0,1740.0
2023-10-25,1749.0,1734.85
2023-10-26,1727.7,1692.05
2023-10-27,1708.0,1705.0
2023-10-30,1702.0,1719.2
2023-10-31,1727.7,1736.0
2023-11-01,1731.0,1724.0
2023-11-02,1735.0,1736.2
2023-11-03,1740.0,1733.0
2023-11-06,1744.0,1739.2
2023-11-07,1735.15,1753.0
2023-11-08,1753.0,1748.0
2023-11-09,1745.9,1747.25
2023-11-10,1734.6,1746.2
2023-11-12,1752.0,1752.0
2023-11-13,1751.0,1747.8
2023-11-15,1761.0,1772.0
2023-11-16,1771.0,1771.7
2023-11-17,1760.0,1760.6
2023-11-20,1756.0,1770.0
2023-11-21,1778.95,1768.0
2023-11-22,1758.0,1744.9
2023-11-23,1740.05,1738.0
2023-11-24,1739.5,1746.9
2023-11-28,1745.0,1741.0
2023-11-29,1748.5,1759.0
2023-11-30,1756.45,1756.8
2023-12-01,1760.0,1749.7
2023-12-04,1770.0,1819.65
2023-12-05,1828.0,1827.0
2023-12-06,1832.05,1823.0
2023-12-07,1825.0,1825.5
2023-12-08,1826.85,1842.6
2023-12-11,1845.0,1846.0
2023-12-12,1848.0,1821.05
2023-12-13,1824.0,1825.0
2023-12-14,1844.0,1853.95
2023-12-15,1865.0,1849.0
2023-12-18,1845.2,1847.3
2023-12-19,1849.85,1852.05
2023-12-20,1852.15,1822.9
2023-12-21,1821.0,1854.9
2023-12-22,1854.7,1856.9
2023-12-26,1867.0,1887.45
2023-12-27,1894.0,1899.0
2023-12-28,1911.0,1920.0
2023-12-29,1912.1,1904.0
2024-01-01,1909.0,1897.0
2024-01-02,1908.0,1864.8
2024-01-03,1864.0,1867.0
2024-01-04,1871.5,1865.0
2024-01-05,1865.5,1844.8
2024-01-08,1848.0,1825.85
2024-01-09,1837.0,1825.4
2024-01-10,1820.8,1820.9
2024-01-11,1832.0,1823.25
2024-01-12,1825.0,1836.0
2024-01-15,1843.0,1853.0
2024-01-16,1850.55,1848.0
2024-01-17,1823.05,1779.75
2024-01-18,1770.0,1778.0
2024-01-19,1787.1,1760.9
2024-01-20,1774.45,1810.0
2024-01-23,1801.0,1783.85
2024-01-24,1789.0,1785.05
2024-01-25,1790.0,1775.0
2024-01-29,1785.3,1825.5
2024-01-30,1825.0,1819.05
2024-01-31,1816.0,1826.9
2024-02-01,1830.0,1822.95
2024-02-02,1836.35,1824.35
2024-02-05,1826.95,1803.0
2024-02-06,1805.0,1790.0
2024-02-07,1791.0,1801.0
2024-02-08,1801.55,1730.0
2024-02-09,1730.0,1742.0
2024-02-12,1743.0,1714.4
2024-02-13,1713.0,1733.0
2024-02-14,1723.65,1746.2
2024-02-15,1752.0,1741.95
2024-02-16,1749.95,1735.0
2024-02-19,1741.25,1732.0
2024-02-20,1739.7,1767.0
2024-02-21,1769.0,1742.4
2024-02-22,1744.5,1729.0
2024-02-23,1724.5,1720.0
2024-02-26,1722.1,1707.0
2024-02-27,1712.15,1708.2
2024-02-28,1711.0,1680.0
2024-02-29,1686.05,1697.0
2024-03-01,1698.8,1727.05
2024-03-02,1730.0,1724.8
2024-03-04,1727.95,1726.95
2024-03-05,1725.35,1718.0
2024-03-06,1722.85,1759.7
2024-03-07,1759.75,1749.7
2024-03-11,1765.9,1728.9
2024-03-12,1734.9,1722.4
2024-03-13,1720.35,1725.3
2024-03-14,1725.0,1739.95
2024-03-15,1735.8,1734.0
2024-03-18,1737.4,1738.0
2024-03-19,1734.85,1750.65
2024-03-20,1751.4,1766.5
2024-03-21,1772.1,1767.0
2024-03-22,1769.9,1774.0
2024-03-26,1765.0,1757.0
2024-03-27,1758.0,1771.25
2024-03-28,1777.95,1789.95
2024-04-01,1795.0,1789.0
2024-04-02,1793.9,1756.7
2024-04-03,1753.5,1733.0
2024-04-04,1747.0,1748.5
2024-04-05,1749.05,1783.95
2024-04-08,1793.8,1786.25
2024-04-09,1790.35,1785.0
2024-04-10,1788.9,1820.9
2024-04-12,1811.0,1813.0
2024-04-15,1789.95,1797.65
2024-04-16,1778.0,1799.9
2024-04-18,1790.05,1786.95
2024-04-19,1764.0,1789.9
2024-04-22,1813.0,1811.0
2024-04-23,1810.0,1810.0
2024-04-24,1812.0,1842.95
2024-04-25,1665.0,1645.0
2024-04-26,1642.45,1614.05
2024-04-29,1610.1,1641.95
2024-04-30,1640.4,1623.0
2024-05-02,1590.0,1578.0
2024-05-03,1583.0,1550.1
2024-05-06,1605.0,1624.5
2024-05-07,1628.7,1644.0
2024-05-08,1640.0,1648.0
2024-05-09,1648.0,1641.7
2024-05-10,1643.0,1622.4
2024-05-13,1627.0,1642.0
2024-05-14,1643.45,1646.0
2024-05-15,1649.7,1649.0
2024-05-16,1655.0,1670.9
2024-05-17,1674.0,1694.8
2024-05-18,1698.0,1695.25
2024-05-21,1692.0,1693.85
2024-05-22,1702.8,1699.0
2024-05-23,1700.0,1706.9
2024-05-24,1711.0,1702.0
2024-05-27,1703.45,1710.0
2024-05-28,1712.3,1700.0
2024-05-29,1698.0,1694.9
2024-05-30,1684.35,1690.0
2024-05-31,1703.0,1692.5
2024-06-03,1721.45,1720.45
2024-06-04,1703.25,1644.1
2024-06-05,1662.55,1713.0
2024-06-06,1721.0,1730.1
2024-06-07,1730.05,1752.3
2024-06-10,1750.1,1742.7
2024-06-11,1746.6,1722.9
2024-06-12,1720.1,1716.5
2024-06-13,1731.4,1726.8
2024-06-14,1723.0,1721.0
2024-06-18,1718.6,1720.75
2024-06-19,1729.0,1745.0
2024-06-20,1765.0,1765.0
2024-06-21,1770.0,1770.35
2024-06-24,1757.15,1770.3
2024-06-25,1776.55,1782.2
2024-06-26,1780.0,1797.0
2024-06-27,1791.0,1825.0
2024-06-28,1822.2,1803.1
2024-07-01,1802.5,1804.7
2024-07-02,1820.95,1765.0
2024-07-03,1765.8,1809.0
2024-07-04,1806.6,1832.0
2024-07-05,1820.0,1844.65
2024-07-08,1854.0,1855.8
2024-07-09,1861.2,1845.0
2024-07-10,1843.0,1833.0
2024-07-11,1830.85,1839.4
2024-07-12,1844.5,1834.0
2024-07-15,1839.0,1841.0
2024-07-16,1842.1,1806.9
2024-07-18,1805.0,1815.0
2024-07-19,1818.5,1812.0
2024-07-22,1821.0,1762.45
2024-07-23,1769.0,1767.0
2024-07-24,1767.95,1743.55
2024-07-25,1732.0,1778.2
2024-07-26,1758.1,1811.15
2024-07-29,1824.7,1794.55
2024-07-30,1793.9,1784.75
2024-07-31,1793.0,1811.05
2024-08-01,1807.1,1790.75
2024-08-02,1781.1,1797.5
2024-08-05,1770.2,1775.0
2024-08-06,1785.0,1766.0
2024-08-07,1785.0,1776.6
2024-08-08,1766.65,1769.1
2024-08-09,1785.05,1769.85
2024-08-12,1761.0,1775.0
2024-08-13,1763.0,1752.9
2024-08-14,1755.0,1749.0
2024-08-16,1762.0,1776.3
2024-08-19,1780.55,1778.0
2024-08-20,1783.0,1805.9
2024-08-21,1800.0,1814.0
2024-08-22,1814.0,1821.0
2024-08-23,1821.5,1819.9
2024-08-26,1820.0,1809.9
2024-08-27,1811.05,1802.45
2024-08-28,1796.0,1787.0
2024-08-29,1783.25,1777.85
2024-08-30,1777.3,1780.0
2024-09-02,1782.0,1781.0
2024-09-03,1780.05,1783.9
2024-09-04,1770.0,1785.0
2024-09-05,1781.25,1778.0
2024-09-06,1767.55,1767.5
2024-09-09,1767.7,1791.0
2024-09-10,1798.0,1789.55
2024-09-11,1795.0,1790.95
2024-09-12,1803.9,1831.0
2024-09-13,1837.0,1822.75
2024-09-16,1833.0,1829.4
2024-09-17,1839.4,1845.0
2024-09-18,1850.0,1838.5
2024-09-19,1849.9,1874.8
2024-09-20,1874.0,1909.3
2024-09-23,1914.95,1936.1
2024-09-24,1935.0,1915.0
2024-09-25,1910.05,1899.0
2024-09-26,1895.0,1903.35
2024-09-27,1900.0,1876.0
2024-09-30,1856.7,1859.95
2024-10-01,1847.0,1881.65
2024-10-03,1857.9,1824.6
2024-10-04,1815.5,1813.0
2024-10-07,1810.0,1795.3
2024-10-08,1800.0,1808.0
2024-10-09,1801.0,1804.9
2024-10-10,1809.9,1870.0
2024-10-11,1872.2,1884.45
2024-10-14,1885.05,1912.9
2024-10-15,1912.2,1895.4
2024-10-16,1884.0,1870.0
2024-10-17,1876.35,1859.55
2024-10-18,1868.0,1871.85
2024-10-21,1850.0,1782.5
2024-10-22,1791.95,1767.05
2024-10-23,1761.15,1765.95
2024-10-24,1766.0,1765.0
2024-10-25,1765.0,1770.0
2024-10-28,1768.0,1753.0
2024-10-29,1743.5,1762.0
2024-10-30,1727.0,1735.5
2024-10-31,1727.35,1736.0
2024-11-01,1739.6,1742.0
2024-11-04,1744.0,1729.0
2024-11-05,1721.5,1758.95
2024-11-06,1760.1,1764.0
2024-11-07,1763.0,1745.5
2024-11-08,1745.0,1749.0
2024-11-11,1745.0,1741.8
2024-11-12,1744.8,1721.0
2024-11-13,1714.0,1693.5
2024-11-14,1690.0,1708.55
2024-11-18,1714.0,1719.15
2024-11-19,1729.8,1722.5
2024-11-21,1715.1,1739.0
2024-11-22,1734.0,1761.8
2024-11-25,1782.0,1792.0
2024-11-26,1795.0,1782.45
2024-11-27,1780.95,1780.0
2024-11-28,1783.25,1763.8
2024-11-29,1757.0,1761.25
2024-12-02,1765.0,1755.05
2024-12-03,1760.0,1750.0
2024-12-04,1752.0,1759.65
2024-12-05,1764.0,1777.0
2024-12-06,1773.9,1775.25
2024-12-09,1768.1,1786.95
2024-12-10,1783.25,1797.0
2024-12-11,1796.0,1795.0
2024-12-12,1790.0,1773.0
2024-12-13,1758.35,1804.9
2024-12-16,1803.0,1800.0
2024-12-17,1796.1,1781.0
2024-12-18,1782.0,1780.0
2024-12-19,1763.45,1763.45
2024-12-20,1755.0,1748.7
2024-12-23,1747.5,1742.05
2024-12-24,1742.55,1750.0
2024-12-26,1756.8,1759.15
2024-12-27,1760.0,1760.05
2024-12-30,1765.0,1741.2
2024-12-31,1735.05,1785.0
2025-01-01,1779.25,1788.1
2025-01-02,1800.0,1834.05
2025-01-03,1851.0,1835.7
2025-01-06,1821.0,1777.9
2025-01-07,1787.0,1770.65
2025-01-08,1780.1,1765.05
2025-01-09,1774.0,1791.0
2025-01-10,1784.2,1759.5
2025-01-13,1732.9,1740.0
2025-01-14,1749.6,1759.5
2025-01-15,1760.1,1788.0
2025-01-16,1795.8,1806.0
2025-01-17,1797.0,1759.05
2025-01-20,1890.0,1918.2
2025-01-21,1920.95,1893.6
2025-01-22,1899.0,1915.1
2025-01-23,1907.1,1893.0
2025-01-24,1891.0,1883.4
2025-01-27,1875.0,1878.7
2025-01-28,1895.0,1887.0
2025-01-29,1887.8,1922.9
2025-01-30,1920.35,1903.8
2025-01-31,1903.05,1900.0
2025-02-01,1899.0,1910.7
2025-02-03,1893.6,1885.85
2025-02-04,1891.05,1931.3
2025-02-05,1937.8,1909.0
2025-02-06,1917.0,1916.8
2025-02-07,1921.0,1960.6
2025-02-10,1935.3,1961.5
2025-02-11,1964.6,1920.0
2025-02-12,1923.45,1945.5
2025-02-13,1963.0,1964.75
2025-02-14,1974.0,1949.8
2025-02-17,1955.0,1941.8
2025-02-18,1942.05,1962.25
2025-02-19,1963.95,1986.85
2025-02-20,1982.3,1970.0
2025-02-21,1970.55,1950.15
2025-02-24,1938.3,1960.7
2025-02-25,1969.0,1966.9
2025-02-27,1972.0,1941.9
2025-02-28,1937.05,1898.45
2025-03-03,1905.55,1914.95
2025-03-04,1901.15,1911.1
2025-03-05,1903.1,1936.8
2025-03-06,1944.0,1920.15
2025-03-07,1917.0,1932.0
2025-03-10,1932.5,1920.0
2025-03-11,1923.0,1937.95
2025-03-12,1940.0,1979.95
2025-03-13,1975.7,1984.0
2025-03-17,1980.1,1992.0
2025-03-18,2000.0,2035.15
2025-03-19,2039.25,2021.95
2025-03-20,2031.0,2033.0
2025-03-21,2040.0,2073.95
2025-03-24,2100.0,2180.0
2025-03-25,2179.9,2166.85
2025-03-26,2175.0,2148.65
2025-03-27,2144.0,2135.45
2025-03-28,2139.3,2174.0
2025-04-01,2174.3,2144.3
2025-04-02,2141.0,2153.05
2025-04-03,2129.0,2133.0
2025-04-04,2130.9,2132.1
2025-04-07,2018.7,2044.0
2025-04-08,2062.45,2058.0
2025-04-09,2054.0,2058.0
2025-04-11,2065.0,2114.6
2025-04-15,2145.0,2124.0
2025-04-16,2120.0,2121.6
2025-04-17,2115.0,2185.1
2025-04-21,2195.0,2248.7
2025-04-22,2249.0,2260.0
2025-04-23,2285.0,2225.8
2025-04-24,2218.0,2218.1
2025-04-25,2220.0,2196.6
2025-04-28,2197.0,2222.2
2025-04-29,2225.6,2202.1
2025-04-30,2213.9,2202.0
2025-05-02,2204.0,2180.1
2025-05-05,2105.1,2085.0
2025-05-06,2086.0,2070.0
2025-05-07,2063.7,2100.0
2025-05-08,2099.0,2106.2
2025-05-09,2075.0,2106.6
2025-05-12,2134.0,2143.0
2025-05-13,2135.0,2119.0
2025-05-14,2111.0,2091.9
2025-05-15,2085.1,2101.6
2025-05-16,2099.9,2109.8
2025-05-19,2102.0,2110.0
2025-05-20,2114.8,2095.5
2025-05-21,2095.0,2072.0
2025-05-22,2074.0,2073.0
2025-05-23,2065.8,2099.1
2025-05-26,2090.1,2090.0
2025-05-27,2090.0,2076.0
2025-05-28,2075.0,2075.8
2025-05-29,2077.3,2095.5
2025-05-30,2081.6,2077.3
2025-06-02,2067.0,2061.2
2025-06-03,2070.0,2041.0
2025-06-04,2047.1,2050.0
2025-06-05,2054.8,2038.7
2025-06-06,2043.9,2072.0
2025-06-09,2111.0,2139.8
2025-06-10,2146.7,2147.0
2025-06-11,2149.0,2142.9
2025-06-12,2145.3,2122.2
2025-06-13,2072.0,2102.1
2025-06-16,2107.9,2138.0
2025-06-17,2139.0,2137.0
2025-06-18,2125.0,2134.9
2025-06-19,2139.5,2143.1
2025-06-20,2145.0,2170.9
2025-06-23,2158.1,2177.8
2025-06-24,2208.0,2219.8
2025-06-25,2223.0,2196.0
2025-06-26,2202.4,2202.0
2025-06-27,2210.0,2201.0
2025-06-30,2207.9,2160.0
2025-07-01,2163.5,2182.0
2025-07-02,2185.0,2164.5
2025-07-03,2139.1,2125.0
2025-07-04,2124.0,2130.0
2025-07-07,2130.0,2150.0
2025-07-08,2185.0,2221.0
2025-07-09,2217.0,2228.2
2025-07-10,2229.1,2216.9
2025-07-11,2201.8,2216.0
2025-07-14,2223.9,2206.6
2025-07-15,2210.0,2188.1
2025-07-16,2184.1,2178.9
2025-07-17,2175.0,2172.8
2025-07-18,2167.6,2132.0
2025-07-21,2138.1,2164.5
2025-07-22,2172.0,2160.2
2025-07-23,2171.0,2165.3
2025-07-24,2165.4,2143.0
2025-07-25,2139.1,2121.2
2025-07-28,2025.3,1968.7
2025-07-29,1967.0,1970.2
2025-07-30,1966.1,1959.2
2025-07-31,1941.2,1980.0
2025-08-01,1983.0,1995.3
2025-08-04,1987.0,1996.1
2025-08-05,2008.0,2004.0
2025-08-06,2003.0,2002.4
