Date,Equity
2016-01-15,1000000.0
2016-01-18,1000000.0
2016-01-19,1000000.0
2016-01-20,1000000.0
2016-01-21,1000000.0
2016-01-22,1000000.0
2016-01-25,1000000.0
2016-01-27,1000000.0
2016-01-28,1000000.0
2016-01-29,1000000.0
2016-02-01,1000000.0
2016-02-02,1000000.0
2016-02-03,1000000.0
2016-02-04,1000000.0
2016-02-05,1000000.0
2016-02-08,1000000.0
2016-02-09,1000000.0
2016-02-10,1000000.0
2016-02-11,1000000.0
2016-02-12,1000000.0
2016-02-15,1000000.0
2016-02-16,1000000.0
2016-02-17,1000000.0
2016-02-18,1000000.0
2016-02-19,1000000.0
2016-02-22,1000000.0
2016-02-23,1000000.0
2016-02-24,1000000.0
2016-02-25,1000000.0
2016-02-26,1000000.0
2016-02-29,1000000.0
2016-03-01,1000000.0
2016-03-02,1000000.0
2016-03-03,1010544.6974182129
2016-03-04,1010544.6974182129
2016-03-08,1010544.6974182129
2016-03-09,1010544.6974182129
2016-03-10,1010544.6974182129
2016-03-11,1010544.6974182129
2016-03-14,1010544.6974182129
2016-03-15,1010544.6974182129
2016-03-16,1010544.6974182129
2016-03-17,1010544.6974182129
2016-03-18,1010544.6974182129
2016-03-21,1010544.6974182129
2016-03-22,1010544.6974182129
2016-03-23,1010544.6974182129
2016-03-28,1010544.6974182129
2016-03-29,1010544.6974182129
2016-03-30,1010544.6974182129
2016-03-31,1010544.6974182129
2016-04-01,1010544.6974182129
2016-04-04,1010544.6974182129
2016-04-05,1010544.6974182129
2016-04-06,1010544.6974182129
2016-04-07,1010544.6974182129
2016-04-08,1010544.6974182129
2016-04-11,1010544.6974182129
2016-04-12,1010544.6974182129
2016-04-13,1010544.6974182129
2016-04-18,1010544.6974182129
2016-04-20,1010544.6974182129
2016-04-21,1010544.6974182129
2016-04-22,1010544.6974182129
2016-04-25,1010544.6974182129
2016-04-26,1010544.6974182129
2016-04-27,1010544.6974182129
2016-04-28,1010544.6974182129
2016-04-29,1010544.6974182129
2016-05-02,1010544.6974182129
2016-05-03,1010544.6974182129
2016-05-04,1010544.6974182129
2016-05-05,1010544.6974182129
2016-05-06,1010544.6974182129
2016-05-09,1010544.6974182129
2016-05-10,1010544.6974182129
2016-05-11,1010544.6974182129
2016-05-12,1010544.6974182129
2016-05-13,1010544.6974182129
2016-05-16,1010544.6974182129
2016-05-17,1010544.6974182129
2016-05-18,1010544.6974182129
2016-05-19,1010544.6974182129
2016-05-20,1010544.6974182129
2016-05-23,1010544.6974182129
2016-05-24,1010544.6974182129
2016-05-25,1010544.6974182129
2016-05-26,1010544.6974182129
2016-05-27,1010544.6974182129
2016-05-30,1010544.6974182129
2016-05-31,1010544.6974182129
2016-06-01,1010544.6974182129
2016-06-02,1010544.6974182129
2016-06-03,1010544.6974182129
2016-06-06,1010544.6974182129
2016-06-07,1010544.6974182129
2016-06-08,1010544.6974182129
2016-06-09,1010544.6974182129
2016-06-10,1010544.6974182129
2016-06-13,1010544.6974182129
2016-06-14,1010544.6974182129
2016-06-15,1010544.6974182129
2016-06-16,1010544.6974182129
2016-06-17,1010544.6974182129
2016-06-20,1010544.6974182129
2016-06-21,1010544.6974182129
2016-06-22,1010544.6974182129
2016-06-23,1010544.6974182129
2016-06-24,1005848.7738939145
2016-06-27,1005848.7738939145
2016-06-28,1005848.7738939145
2016-06-29,1005848.7738939145
2016-06-30,1005848.7738939145
2016-07-01,1005848.7738939145
2016-07-04,1005848.7738939145
2016-07-05,1005848.7738939145
2016-07-07,1005848.7738939145
2016-07-08,1005848.7738939145
2016-07-11,1005848.7738939145
2016-07-12,1005848.7738939145
2016-07-13,1005848.7738939145
2016-07-14,1005848.7738939145
2016-07-15,1005848.7738939145
2016-07-18,1012158.89857348
2016-07-19,1012158.89857348
2016-07-20,1012158.89857348
2016-07-21,1012158.89857348
2016-07-22,1012158.89857348
2016-07-25,1012158.89857348
2016-07-26,1012158.89857348
2016-07-27,1012158.89857348
2016-07-28,1012158.89857348
2016-07-29,1012158.89857348
2016-08-01,1012158.89857348
2016-08-02,1012158.89857348
2016-08-03,1012158.89857348
2016-08-04,1012158.89857348
2016-08-05,1012158.89857348
2016-08-08,1012158.89857348
2016-08-09,1012158.89857348
2016-08-10,1012158.89857348
2016-08-11,1012158.89857348
2016-08-12,1012158.89857348
2016-08-16,1012158.89857348
2016-08-17,1006355.9739213804
2016-08-18,1006355.9739213804
2016-08-19,1006355.9739213804
2016-08-22,1006355.9739213804
2016-08-23,1006355.9739213804
2016-08-24,1006355.9739213804
2016-08-25,1006355.9739213804
2016-08-26,1006355.9739213804
2016-08-29,1006355.9739213804
2016-08-30,1006355.9739213804
2016-08-31,1006355.9739213804
2016-09-01,1006355.9739213804
2016-09-02,1006355.9739213804
2016-09-06,1006355.9739213804
2016-09-07,1006355.9739213804
2016-09-08,1006355.9739213804
2016-09-09,1006355.9739213804
2016-09-12,1006355.9739213804
2016-09-14,1006355.9739213804
2016-09-15,1006355.9739213804
2016-09-16,1006355.9739213804
2016-09-19,1006355.9739213804
2016-09-20,1013002.3144822934
2016-09-21,1013002.3144822934
2016-09-22,1013002.3144822934
2016-09-23,1013002.3144822934
2016-09-26,1013002.3144822934
2016-09-27,1013002.3144822934
2016-09-28,1013002.3144822934
2016-09-29,1013002.3144822934
2016-09-30,1013002.3144822934
2016-10-03,1013002.3144822934
2016-10-04,1013002.3144822934
2016-10-05,1013002.3144822934
2016-10-06,1013002.3144822934
2016-10-07,1013002.3144822934
2016-10-10,1013002.3144822934
2016-10-13,1013002.3144822934
2016-10-14,1013002.3144822934
2016-10-17,1013002.3144822934
2016-10-18,1013002.3144822934
2016-10-19,1013002.3144822934
2016-10-20,1013002.3144822934
2016-10-21,1013002.3144822934
2016-10-24,1013002.3144822934
2016-10-25,1013002.3144822934
2016-10-26,1013002.3144822934
2016-10-27,1013002.3144822934
2016-10-28,1013002.3144822934
2016-11-01,1013002.3144822934
2016-11-02,1013002.3144822934
2016-11-03,1013002.3144822934
2016-11-04,1013002.3144822934
2016-11-07,1013002.3144822934
2016-11-08,1013002.3144822934
2016-11-09,1013002.3144822934
2016-11-10,1013002.3144822934
2016-11-11,1013002.3144822934
2016-11-15,1013002.3144822934
2016-11-16,1013002.3144822934
2016-11-17,1013002.3144822934
2016-11-18,1013002.3144822934
2016-11-21,1013002.3144822934
2016-11-22,1013002.3144822934
2016-11-23,1013002.3144822934
2016-11-24,1013002.3144822934
2016-11-25,1013002.3144822934
2016-11-28,1013002.3144822934
2016-11-29,1013002.3144822934
2016-11-30,1013002.3144822934
2016-12-01,1013002.3144822934
2016-12-02,1013002.3144822934
2016-12-05,1013002.3144822934
2016-12-06,1013002.3144822934
2016-12-07,1013002.3144822934
2016-12-08,1013002.3144822934
2016-12-09,1013002.3144822934
2016-12-12,1013002.3144822934
2016-12-13,1013002.3144822934
2016-12-14,1025495.5635972837
2016-12-15,1025495.5635972837
2016-12-16,1025495.5635972837
2016-12-19,1025495.5635972837
2016-12-20,1025495.5635972837
2016-12-21,1025495.5635972837
2016-12-22,1025495.5635972837
2016-12-23,1025495.5635972837
2016-12-26,1025495.5635972837
2016-12-27,1025495.5635972837
2016-12-28,1025495.5635972837
2016-12-29,1025495.5635972837
2016-12-30,1025495.5635972837
2017-01-02,1025495.5635972837
2017-01-03,1025495.5635972837
2017-01-04,1025495.5635972837
2017-01-05,1025495.5635972837
2017-01-06,1025495.5635972837
2017-01-09,1025495.5635972837
2017-01-10,1025495.5635972837
2017-01-11,1025495.5635972837
2017-01-12,1025495.5635972837
2017-01-13,1025495.5635972837
2017-01-16,1025495.5635972837
2017-01-17,1025495.5635972837
2017-01-18,1025495.5635972837
2017-01-19,1025495.5635972837
2017-01-20,1025495.5635972837
2017-01-23,1025495.5635972837
2017-01-24,1025495.5635972837
2017-01-25,1025495.5635972837
2017-01-27,1025495.5635972837
2017-01-30,1025495.5635972837
2017-01-31,1025495.5635972837
2017-02-01,1025495.5635972837
2017-02-02,1025495.5635972837
2017-02-03,1025495.5635972837
2017-02-06,1025495.5635972837
2017-02-07,1025495.5635972837
2017-02-08,1025495.5635972837
2017-02-09,1025495.5635972837
2017-02-10,1025495.5635972837
2017-02-13,1025495.5635972837
2017-02-14,1025495.5635972837
2017-02-15,1025495.5635972837
2017-02-16,1025495.5635972837
2017-02-17,1025495.5635972837
2017-02-20,1033825.7573839048
2017-02-21,1033825.7573839048
2017-02-22,1033825.7573839048
2017-02-23,1033825.7573839048
2017-02-27,1033825.7573839048
2017-02-28,1033825.7573839048
2017-03-01,1033825.7573839048
2017-03-02,1033825.7573839048
2017-03-03,1033825.7573839048
2017-03-06,1033825.7573839048
2017-03-07,1033825.7573839048
2017-03-08,1033825.7573839048
2017-03-09,1033825.7573839048
2017-03-10,1033825.7573839048
2017-03-14,1033825.7573839048
2017-03-15,1033825.7573839048
2017-03-16,1033825.7573839048
2017-03-17,1033825.7573839048
2017-03-20,1033825.7573839048
2017-03-21,1033825.7573839048
2017-03-22,1033825.7573839048
2017-03-23,1033825.7573839048
2017-03-24,1033825.7573839048
2017-03-27,1033825.7573839048
2017-03-28,1033825.7573839048
2017-03-29,1033825.7573839048
2017-03-30,1033825.7573839048
2017-03-31,1033825.7573839048
2017-04-03,1033825.7573839048
2017-04-05,1033825.7573839048
2017-04-06,1033825.7573839048
2017-04-07,1033825.7573839048
2017-04-10,1033825.7573839048
2017-04-11,1033825.7573839048
2017-04-12,1033825.7573839048
2017-04-13,1033825.7573839048
2017-04-17,1033825.7573839048
2017-04-18,1033825.7573839048
2017-04-19,1033825.7573839048
2017-04-20,1033825.7573839048
2017-04-21,1033825.7573839048
2017-04-24,1033825.7573839048
2017-04-25,1033825.7573839048
2017-04-26,1033825.7573839048
2017-04-27,1033825.7573839048
2017-04-28,1033825.7573839048
2017-05-02,1033825.7573839048
2017-05-03,1033825.7573839048
2017-05-04,1033825.7573839048
2017-05-05,1033825.7573839048
2017-05-08,1033825.7573839048
2017-05-09,1033825.7573839048
2017-05-10,1033825.7573839048
2017-05-11,1033825.7573839048
2017-05-12,1033825.7573839048
2017-05-15,1033825.7573839048
2017-05-16,1033825.7573839048
2017-05-17,1033825.7573839048
2017-05-18,1033825.7573839048
2017-05-19,1033825.7573839048
2017-05-22,1033825.7573839048
2017-05-23,1033825.7573839048
2017-05-24,1033825.7573839048
2017-05-25,1033825.7573839048
2017-05-26,1033825.7573839048
2017-05-29,1033825.7573839048
2017-05-30,1033825.7573839048
2017-05-31,1033825.7573839048
2017-06-01,1033825.7573839048
2017-06-02,1027191.7737718442
2017-06-05,1027191.7737718442
2017-06-06,1027191.7737718442
2017-06-07,1027191.7737718442
2017-06-08,1027191.7737718442
2017-06-09,1027191.7737718442
2017-06-12,1024751.8045030454
2017-06-13,1024751.8045030454
2017-06-14,1024751.8045030454
2017-06-15,1024751.8045030454
2017-06-16,1024751.8045030454
2017-06-19,1024751.8045030454
2017-06-20,1035592.8436265806
2017-06-21,1035592.8436265806
2017-06-22,1035592.8436265806
2017-06-23,1035592.8436265806
2017-06-27,1035592.8436265806
2017-06-28,1035592.8436265806
2017-06-29,1035592.8436265806
2017-06-30,1035592.8436265806
2017-07-03,1035592.8436265806
2017-07-04,1035592.8436265806
2017-07-05,1035592.8436265806
2017-07-06,1035592.8436265806
2017-07-07,1035592.8436265806
2017-07-10,1035592.8436265806
2017-07-11,1035592.8436265806
2017-07-12,1035592.8436265806
2017-07-13,1035592.8436265806
2017-07-14,1035592.8436265806
2017-07-17,1035592.8436265806
2017-07-18,1035592.8436265806
2017-07-19,1035592.8436265806
2017-07-20,1035592.8436265806
2017-07-21,1035592.8436265806
2017-07-24,1035592.8436265806
2017-07-25,1035592.8436265806
2017-07-26,1035592.8436265806
2017-07-27,1035592.8436265806
2017-07-28,1035592.8436265806
2017-07-31,1035592.8436265806
2017-08-01,1035592.8436265806
2017-08-02,1035592.8436265806
2017-08-03,1035592.8436265806
2017-08-04,1035592.8436265806
2017-08-07,1035592.8436265806
2017-08-08,1035592.8436265806
2017-08-09,1035592.8436265806
2017-08-10,1035592.8436265806
2017-08-11,1035592.8436265806
2017-08-14,1035592.8436265806
2017-08-16,1035592.8436265806
2017-08-17,1035592.8436265806
2017-08-18,1035592.8436265806
2017-08-21,1035592.8436265806
2017-08-22,1035592.8436265806
2017-08-23,1035592.8436265806
2017-08-24,1035592.8436265806
2017-08-28,1035592.8436265806
2017-08-29,1035592.8436265806
2017-08-30,1035592.8436265806
2017-08-31,1035592.8436265806
2017-09-01,1035592.8436265806
2017-09-04,1035592.8436265806
2017-09-05,1035592.8436265806
2017-09-06,1035592.8436265806
2017-09-07,1035592.8436265806
2017-09-08,1035592.8436265806
2017-09-11,1035592.8436265806
2017-09-12,1035592.8436265806
2017-09-13,1035592.8436265806
2017-09-14,1035592.8436265806
2017-09-15,1035592.8436265806
2017-09-18,1035592.8436265806
2017-09-19,1035592.8436265806
2017-09-20,1035592.8436265806
2017-09-21,1035592.8436265806
2017-09-22,1035592.8436265806
2017-09-25,1035592.8436265806
2017-09-26,1035592.8436265806
2017-09-27,1035592.8436265806
2017-09-28,1035592.8436265806
2017-09-29,1035592.8436265806
2017-10-03,1035592.8436265806
2017-10-04,1035592.8436265806
2017-10-05,1035592.8436265806
2017-10-06,1035592.8436265806
2017-10-09,1035592.8436265806
2017-10-10,1035592.8436265806
2017-10-11,1035592.8436265806
2017-10-12,1035592.8436265806
2017-10-13,1035592.8436265806
2017-10-16,1035592.8436265806
2017-10-17,1035592.8436265806
2017-10-18,1035592.8436265806
2017-10-19,1035592.8436265806
2017-10-23,1035592.8436265806
2017-10-24,1035592.8436265806
2017-10-25,1035592.8436265806
2017-10-26,1035592.8436265806
2017-10-27,1035592.8436265806
2017-10-30,1035592.8436265806
2017-10-31,1035592.8436265806
2017-11-01,1035592.8436265806
2017-11-02,1035592.8436265806
2017-11-03,1035592.8436265806
2017-11-06,1035592.8436265806
2017-11-07,1035592.8436265806
2017-11-08,1035592.8436265806
2017-11-09,1035592.8436265806
2017-11-10,1035592.8436265806
2017-11-13,1035592.8436265806
2017-11-14,1035592.8436265806
2017-11-15,1035592.8436265806
2017-11-16,1035592.8436265806
2017-11-17,1035592.8436265806
2017-11-20,1035592.8436265806
2017-11-21,1035592.8436265806
2017-11-22,1035592.8436265806
2017-11-23,1035592.8436265806
2017-11-24,1035592.8436265806
2017-11-27,1035592.8436265806
2017-11-28,1035592.8436265806
2017-11-29,1035592.8436265806
2017-11-30,1035592.8436265806
2017-12-01,1035592.8436265806
2017-12-04,1035592.8436265806
2017-12-05,1035592.8436265806
2017-12-06,1035592.8436265806
2017-12-07,1035592.8436265806
2017-12-08,1035592.8436265806
2017-12-11,1035592.8436265806
2017-12-12,1035592.8436265806
2017-12-13,1035592.8436265806
2017-12-14,1035592.8436265806
2017-12-15,1035592.8436265806
2017-12-18,1035592.8436265806
2017-12-19,1035592.8436265806
2017-12-20,1035592.8436265806
2017-12-21,1035592.8436265806
2017-12-22,1035592.8436265806
2017-12-26,1035592.8436265806
2017-12-27,1035592.8436265806
2017-12-28,1035592.8436265806
2017-12-29,1035592.8436265806
2018-01-01,1035592.8436265806
2018-01-02,1035592.8436265806
2018-01-03,1035592.8436265806
2018-01-04,1035592.8436265806
2018-01-05,1035592.8436265806
2018-01-08,1035592.8436265806
2018-01-09,1035592.8436265806
2018-01-10,1035592.8436265806
2018-01-11,1035592.8436265806
2018-01-12,1035592.8436265806
2018-01-15,1035592.8436265806
2018-01-16,1035592.8436265806
2018-01-17,1035592.8436265806
2018-01-18,1032653.0487047056
2018-01-19,1032653.0487047056
2018-01-22,1032653.0487047056
2018-01-23,1032653.0487047056
2018-01-24,1032653.0487047056
2018-01-25,1032653.0487047056
2018-01-29,1032653.0487047056
2018-01-30,1032653.0487047056
2018-01-31,1032653.0487047056
2018-02-01,1032653.0487047056
2018-02-02,1032653.0487047056
2018-02-05,1032653.0487047056
2018-02-06,1032653.0487047056
2018-02-07,1032653.0487047056
2018-02-08,1032653.0487047056
2018-02-09,1032653.0487047056
2018-02-12,1032653.0487047056
2018-02-14,1032653.0487047056
2018-02-15,1032653.0487047056
2018-02-16,1032653.0487047056
2018-02-19,1032653.0487047056
2018-02-20,1032653.0487047056
2018-02-21,1032653.0487047056
2018-02-22,1032653.0487047056
2018-02-23,1032653.0487047056
2018-02-26,1032653.0487047056
2018-02-27,1032653.0487047056
2018-02-28,1032653.0487047056
2018-03-01,1032653.0487047056
2018-03-05,1032653.0487047056
2018-03-06,1030559.0579052584
2018-03-07,1030559.0579052584
2018-03-08,1030559.0579052584
2018-03-09,1030559.0579052584
2018-03-12,1030559.0579052584
2018-03-13,1030559.0579052584
2018-03-14,1030559.0579052584
2018-03-15,1025766.1193676607
2018-03-16,1025766.1193676607
2018-03-19,1025766.1193676607
2018-03-20,1025766.1193676607
2018-03-21,1025766.1193676607
2018-03-22,1025766.1193676607
2018-03-23,1025766.1193676607
2018-03-26,1025766.1193676607
2018-03-27,1025766.1193676607
2018-03-28,1025766.1193676607
2018-04-02,1025766.1193676607
2018-04-03,1025766.1193676607
2018-04-04,1025766.1193676607
2018-04-05,1025766.1193676607
2018-04-06,1025766.1193676607
2018-04-09,1025766.1193676607
2018-04-10,1025766.1193676607
2018-04-11,1025766.1193676607
2018-04-12,1025766.1193676607
2018-04-13,1034728.9989452974
2018-04-16,1034728.9989452974
2018-04-17,1034728.9989452974
2018-04-18,1034728.9989452974
2018-04-19,1034728.9989452974
2018-04-20,1034728.9989452974
2018-04-23,1034728.9989452974
2018-04-24,1034728.9989452974
2018-04-25,1034728.9989452974
2018-04-26,1034728.9989452974
2018-04-27,1034728.9989452974
2018-04-30,1034728.9989452974
2018-05-02,1034728.9989452974
2018-05-03,1034728.9989452974
2018-05-04,1034728.9989452974
2018-05-07,1034728.9989452974
2018-05-08,1034728.9989452974
2018-05-09,1034728.9989452974
2018-05-10,1034728.9989452974
2018-05-11,1034728.9989452974
2018-05-14,1034728.9989452974
2018-05-15,1034728.9989452974
2018-05-16,1034728.9989452974
2018-05-17,1034728.9989452974
2018-05-18,1034728.9989452974
2018-05-21,1034728.9989452974
2018-05-22,1034728.9989452974
2018-05-23,1034728.9989452974
2018-05-24,1034728.9989452974
2018-05-25,1034728.9989452974
2018-05-28,1034728.9989452974
2018-05-29,1034728.9989452974
2018-05-30,1034728.9989452974
2018-05-31,1034728.9989452974
2018-06-01,1034728.9989452974
2018-06-04,1034728.9989452974
2018-06-05,1034728.9989452974
2018-06-06,1034728.9989452974
2018-06-07,1034728.9989452974
2018-06-08,1046984.9521923678
2018-06-11,1046984.9521923678
2018-06-12,1046984.9521923678
2018-06-13,1046984.9521923678
2018-06-14,1046984.9521923678
2018-06-15,1046984.9521923678
2018-06-18,1046984.9521923678
2018-06-19,1046984.9521923678
2018-06-20,1046984.9521923678
2018-06-21,1046984.9521923678
2018-06-22,1046984.9521923678
2018-06-25,1046984.9521923678
2018-06-26,1046984.9521923678
2018-06-27,1046984.9521923678
2018-06-28,1046984.9521923678
2018-06-29,1046984.9521923678
2018-07-02,1046984.9521923678
2018-07-03,1046984.9521923678
2018-07-04,1046984.9521923678
2018-07-05,1046984.9521923678
2018-07-06,1046984.9521923678
2018-07-09,1046984.9521923678
2018-07-10,1046984.9521923678
2018-07-11,1046984.9521923678
2018-07-12,1046984.9521923678
2018-07-13,1046984.9521923678
2018-07-16,1046984.9521923678
2018-07-17,1046984.9521923678
2018-07-18,1046984.9521923678
2018-07-19,1046984.9521923678
2018-07-20,1046984.9521923678
2018-07-23,1046984.9521923678
2018-07-24,1046984.9521923678
2018-07-25,1046984.9521923678
2018-07-26,1046984.9521923678
2018-07-27,1046984.9521923678
2018-07-30,1046984.9521923678
2018-07-31,1046984.9521923678
2018-08-01,1046984.9521923678
2018-08-02,1046984.9521923678
2018-08-03,1046984.9521923678
2018-08-06,1046984.9521923678
2018-08-07,1046984.9521923678
2018-08-08,1046984.9521923678
2018-08-09,1046984.9521923678
2018-08-10,1046984.9521923678
2018-08-13,1046984.9521923678
2018-08-14,1046984.9521923678
2018-08-16,1046984.9521923678
2018-08-17,1046984.9521923678
2018-08-20,1046984.9521923678
2018-08-21,1046984.9521923678
2018-08-23,1046984.9521923678
2018-08-24,1046984.9521923678
2018-08-27,1046984.9521923678
2018-08-28,1046984.9521923678
2018-08-29,1046984.9521923678
2018-08-30,1046984.9521923678
2018-08-31,1046984.9521923678
2018-09-03,1046984.9521923678
2018-09-04,1046984.9521923678
2018-09-05,1046984.9521923678
2018-09-06,1046984.9521923678
2018-09-07,1046984.9521923678
2018-09-10,1046984.9521923678
2018-09-11,1046984.9521923678
2018-09-12,1046984.9521923678
2018-09-14,1046984.9521923678
2018-09-17,1046984.9521923678
2018-09-18,1046984.9521923678
2018-09-19,1046984.9521923678
2018-09-21,1046984.9521923678
2018-09-24,1046984.9521923678
2018-09-25,1046984.9521923678
2018-09-26,1046984.9521923678
2018-09-27,1046984.9521923678
2018-09-28,1046984.9521923678
2018-10-01,1046984.9521923678
2018-10-03,1046984.9521923678
2018-10-04,1046984.9521923678
2018-10-05,1046984.9521923678
2018-10-08,1046984.9521923678
2018-10-09,1046984.9521923678
2018-10-10,1046984.9521923678
2018-10-11,1046984.9521923678
2018-10-12,1046984.9521923678
2018-10-15,1046984.9521923678
2018-10-16,1046984.9521923678
2018-10-17,1046984.9521923678
2018-10-19,1046984.9521923678
2018-10-22,1046984.9521923678
2018-10-23,1046984.9521923678
2018-10-24,1046984.9521923678
2018-10-25,1046984.9521923678
2018-10-26,1046984.9521923678
2018-10-29,1046984.9521923678
2018-10-30,1046984.9521923678
2018-10-31,1046984.9521923678
2018-11-01,1046984.9521923678
2018-11-02,1046984.9521923678
2018-11-05,1046984.9521923678
2018-11-06,1046984.9521923678
2018-11-07,1046984.9521923678
2018-11-09,1046984.9521923678
2018-11-12,1046984.9521923678
2018-11-13,1046984.9521923678
2018-11-14,1046984.9521923678
2018-11-15,1046984.9521923678
2018-11-16,1046984.9521923678
2018-11-19,1057237.4480419771
2018-11-20,1057237.4480419771
2018-11-21,1057237.4480419771
2018-11-22,1057237.4480419771
2018-11-26,1057237.4480419771
2018-11-27,1057237.4480419771
2018-11-28,1057237.4480419771
2018-11-29,1057237.4480419771
2018-11-30,1057237.4480419771
2018-12-03,1057237.4480419771
2018-12-04,1057237.4480419771
2018-12-05,1057237.4480419771
2018-12-06,1057237.4480419771
2018-12-07,1057237.4480419771
2018-12-10,1057237.4480419771
2018-12-11,1057237.4480419771
2018-12-12,1057237.4480419771
2018-12-13,1057237.4480419771
2018-12-14,1057237.4480419771
2018-12-17,1057237.4480419771
2018-12-18,1057237.4480419771
2018-12-19,1057237.4480419771
2018-12-20,1057237.4480419771
2018-12-21,1051772.813642563
2018-12-24,1051772.813642563
2018-12-26,1051772.813642563
2018-12-27,1051772.813642563
2018-12-28,1051772.813642563
2018-12-31,1051772.813642563
2019-01-01,1051772.813642563
2019-01-02,1048760.382001938
2019-01-03,1048760.382001938
2019-01-04,1048760.382001938
2019-01-07,1048760.382001938
2019-01-08,1048760.382001938
2019-01-09,1048760.382001938
2019-01-10,1048760.382001938
2019-01-11,1048760.382001938
2019-01-14,1048760.382001938
2019-01-15,1048760.382001938
2019-01-16,1048760.382001938
2019-01-17,1048760.382001938
2019-01-18,1048760.382001938
2019-01-21,1073264.8641186373
2019-01-22,1073264.8641186373
2019-01-23,1073264.8641186373
2019-01-24,1073264.8641186373
2019-01-25,1073264.8641186373
2019-01-28,1073264.8641186373
2019-01-29,1073264.8641186373
2019-01-30,1073264.8641186373
2019-01-31,1073264.8641186373
2019-02-01,1073264.8641186373
2019-02-04,1073264.8641186373
2019-02-05,1073264.8641186373
2019-02-06,1073264.8641186373
2019-02-07,1073264.8641186373
2019-02-08,1073264.8641186373
2019-02-11,1073264.8641186373
2019-02-12,1073264.8641186373
2019-02-14,1073264.8641186373
2019-02-15,1073264.8641186373
2019-02-18,1073264.8641186373
2019-02-19,1073264.8641186373
2019-02-20,1073264.8641186373
2019-02-21,1073264.8641186373
2019-02-22,1073264.8641186373
2019-02-25,1073264.8641186373
2019-02-26,1073264.8641186373
2019-02-27,1073264.8641186373
2019-02-28,1073264.8641186373
2019-03-01,1073264.8641186373
2019-03-05,1073264.8641186373
2019-03-06,1073264.8641186373
2019-03-07,1073264.8641186373
2019-03-08,1073264.8641186373
2019-03-11,1073264.8641186373
2019-03-12,1086207.492170395
2019-03-13,1086207.492170395
2019-03-14,1086207.492170395
2019-03-15,1086207.492170395
2019-03-18,1086207.492170395
2019-03-19,1086207.492170395
2019-03-20,1086207.492170395
2019-03-22,1086207.492170395
2019-03-25,1086207.492170395
2019-03-26,1086207.492170395
2019-03-27,1086207.492170395
2019-03-28,1086207.492170395
2019-04-01,1086207.492170395
2019-04-02,1086207.492170395
2019-04-03,1086207.492170395
2019-04-04,1086207.492170395
2019-04-05,1086207.492170395
2019-04-08,1086207.492170395
2019-04-09,1086207.492170395
2019-04-10,1086207.492170395
2019-04-11,1086207.492170395
2019-04-12,1086207.492170395
2019-04-15,1086207.492170395
2019-04-16,1086207.492170395
2019-04-18,1086207.492170395
2019-04-22,1086207.492170395
2019-04-23,1086207.492170395
2019-04-24,1086207.492170395
2019-04-25,1086207.492170395
2019-04-26,1086207.492170395
2019-04-30,1086207.492170395
2019-05-02,1086207.492170395
2019-05-03,1086207.492170395
2019-05-06,1086207.492170395
2019-05-07,1078582.2579723382
2019-05-08,1078582.2579723382
2019-05-09,1078582.2579723382
2019-05-10,1078582.2579723382
2019-05-13,1078582.2579723382
2019-05-14,1078582.2579723382
2019-05-15,1078582.2579723382
2019-05-16,1078582.2579723382
2019-05-17,1078582.2579723382
2019-05-20,1078582.2579723382
2019-05-21,1078582.2579723382
2019-05-22,1078582.2579723382
2019-05-23,1078582.2579723382
2019-05-24,1078582.2579723382
2019-05-27,1078582.2579723382
2019-05-28,1078582.2579723382
2019-05-29,1078582.2579723382
2019-05-30,1078582.2579723382
2019-05-31,1078582.2579723382
2019-06-03,1078582.2579723382
2019-06-04,1078582.2579723382
2019-06-06,1078582.2579723382
2019-06-07,1078582.2579723382
2019-06-10,1078582.2579723382
2019-06-11,1078582.2579723382
2019-06-12,1078582.2579723382
2019-06-13,1078582.2579723382
2019-06-14,1078582.2579723382
2019-06-17,1070871.9766635548
2019-06-18,1070871.9766635548
2019-06-19,1070871.9766635548
2019-06-20,1070871.9766635548
2019-06-21,1070871.9766635548
2019-06-24,1070871.9766635548
2019-06-25,1070871.9766635548
2019-06-26,1070871.9766635548
2019-06-27,1070871.9766635548
2019-06-28,1070871.9766635548
2019-07-01,1070871.9766635548
2019-07-02,1070871.9766635548
2019-07-03,1070871.9766635548
2019-07-04,1070871.9766635548
2019-07-05,1070871.9766635548
2019-07-08,1070871.9766635548
2019-07-09,1070871.9766635548
2019-07-10,1070871.9766635548
2019-07-11,1070871.9766635548
2019-07-12,1070871.9766635548
2019-07-15,1070871.9766635548
2019-07-16,1070871.9766635548
2019-07-17,1070871.9766635548
2019-07-18,1070871.9766635548
2019-07-19,1064712.9317416798
2019-07-22,1064712.9317416798
2019-07-23,1064712.9317416798
2019-07-24,1064712.9317416798
2019-07-25,1054907.606424297
2019-07-26,1054907.606424297
2019-07-29,1054907.606424297
2019-07-30,1054907.606424297
2019-07-31,1054907.606424297
2019-08-01,1054907.606424297
2019-08-02,1054907.606424297
2019-08-05,1054907.606424297
2019-08-06,1054907.606424297
2019-08-07,1054907.606424297
2019-08-08,1054907.606424297
2019-08-09,1054907.606424297
2019-08-13,1054907.606424297
2019-08-14,1054907.606424297
2019-08-16,1054907.606424297
2019-08-19,1054907.606424297
2019-08-20,1054907.606424297
2019-08-21,1054907.606424297
2019-08-22,1054907.606424297
2019-08-23,1054907.606424297
2019-08-26,1054907.606424297
2019-08-27,1054907.606424297
2019-08-28,1054907.606424297
2019-08-29,1054907.606424297
2019-08-30,1054907.606424297
2019-09-03,1047638.4204702211
2019-09-04,1047638.4204702211
2019-09-05,1047638.4204702211
2019-09-06,1047638.4204702211
2019-09-09,1047638.4204702211
2019-09-11,1047638.4204702211
2019-09-12,1047638.4204702211
2019-09-13,1047638.4204702211
2019-09-16,1047638.4204702211
2019-09-17,1047638.4204702211
2019-09-18,1047638.4204702211
2019-09-19,1047638.4204702211
2019-09-20,1047638.4204702211
2019-09-23,1047638.4204702211
2019-09-24,1047638.4204702211
2019-09-25,1047638.4204702211
2019-09-26,1047638.4204702211
2019-09-27,1047638.4204702211
2019-09-30,1047638.4204702211
2019-10-01,1047638.4204702211
2019-10-03,1047638.4204702211
2019-10-04,1047638.4204702211
2019-10-07,1047638.4204702211
2019-10-09,1047638.4204702211
2019-10-10,1047638.4204702211
2019-10-11,1047638.4204702211
2019-10-14,1047638.4204702211
2019-10-15,1047638.4204702211
2019-10-16,1047638.4204702211
2019-10-17,1047638.4204702211
2019-10-18,1047638.4204702211
2019-10-22,1047638.4204702211
2019-10-23,1047638.4204702211
2019-10-24,1047638.4204702211
2019-10-25,1047638.4204702211
2019-10-27,1047638.4204702211
2019-10-29,1047638.4204702211
2019-10-30,1047638.4204702211
2019-10-31,1047638.4204702211
2019-11-01,1047638.4204702211
2019-11-04,1047638.4204702211
2019-11-05,1047638.4204702211
2019-11-06,1047638.4204702211
2019-11-07,1047638.4204702211
2019-11-08,1047638.4204702211
2019-11-11,1047638.4204702211
2019-11-13,1047638.4204702211
2019-11-14,1047638.4204702211
2019-11-15,1047638.4204702211
2019-11-18,1047638.4204702211
2019-11-19,1047638.4204702211
2019-11-20,1047638.4204702211
2019-11-21,1047638.4204702211
2019-11-22,1047638.4204702211
2019-11-25,1047638.4204702211
2019-11-26,1047638.4204702211
2019-11-27,1047638.4204702211
2019-11-28,1047638.4204702211
2019-11-29,1047638.4204702211
2019-12-02,1047638.4204702211
2019-12-03,1047638.4204702211
2019-12-04,1047638.4204702211
2019-12-05,1047638.4204702211
2019-12-06,1047638.4204702211
2019-12-09,1047638.4204702211
2019-12-10,1047638.4204702211
2019-12-11,1047638.4204702211
2019-12-12,1047638.4204702211
2019-12-13,1047638.4204702211
2019-12-16,1047638.4204702211
2019-12-17,1047638.4204702211
2019-12-18,1047638.4204702211
2019-12-19,1047638.4204702211
2019-12-20,1047638.4204702211
2019-12-23,1047638.4204702211
2019-12-24,1047638.4204702211
2019-12-26,1047638.4204702211
2019-12-27,1047638.4204702211
2019-12-30,1047638.4204702211
2019-12-31,1047638.4204702211
2020-01-01,1047638.4204702211
2020-01-02,1047638.4204702211
2020-01-03,1047638.4204702211
2020-01-06,1047638.4204702211
2020-01-07,1047638.4204702211
2020-01-08,1047638.4204702211
2020-01-09,1047638.4204702211
2020-01-10,1047638.4204702211
2020-01-13,1047638.4204702211
2020-01-14,1047638.4204702211
2020-01-15,1047638.4204702211
2020-01-16,1047638.4204702211
2020-01-17,1047638.4204702211
2020-01-20,1047638.4204702211
2020-01-21,1047638.4204702211
2020-01-22,1038984.009093268
2020-01-23,1038984.009093268
2020-01-24,1038984.009093268
2020-01-27,1038984.009093268
2020-01-28,1038984.009093268
2020-01-29,1038984.009093268
2020-01-30,1038984.009093268
2020-01-31,1038984.009093268
2020-02-03,1038984.009093268
2020-02-04,1038984.009093268
2020-02-05,1038984.009093268
2020-02-06,1038984.009093268
2020-02-07,1038984.009093268
2020-02-10,1038984.009093268
2020-02-11,1038984.009093268
2020-02-12,1038984.009093268
2020-02-13,1038984.009093268
2020-02-14,1038984.009093268
2020-02-17,1038984.009093268
2020-02-18,1038984.009093268
2020-02-19,1038984.009093268
2020-02-20,1038984.009093268
2020-02-24,1038984.009093268
2020-02-25,1034114.1238270489
2020-02-26,1034114.1238270489
2020-02-27,1034114.1238270489
2020-02-28,1034114.1238270489
2020-03-02,1034114.1238270489
2020-03-03,1034114.1238270489
2020-03-04,1034114.1238270489
2020-03-05,1034114.1238270489
2020-03-06,1034114.1238270489
2020-03-09,1034114.1238270489
2020-03-11,1034114.1238270489
2020-03-12,1034114.1238270489
2020-03-13,1034114.1238270489
2020-03-16,1034114.1238270489
2020-03-17,1034114.1238270489
2020-03-18,1034114.1238270489
2020-03-19,1034114.1238270489
2020-03-20,1034114.1238270489
2020-03-23,1034114.1238270489
2020-03-24,1034114.1238270489
2020-03-25,1034114.1238270489
2020-03-26,1034114.1238270489
2020-03-27,1034114.1238270489
2020-03-30,1034114.1238270489
2020-03-31,1034114.1238270489
2020-04-01,1034114.1238270489
2020-04-03,1034114.1238270489
2020-04-07,1034114.1238270489
2020-04-08,1034114.1238270489
2020-04-09,1034114.1238270489
2020-04-13,1034114.1238270489
2020-04-15,1034114.1238270489
2020-04-16,1034114.1238270489
2020-04-17,1034114.1238270489
2020-04-20,1034114.1238270489
2020-04-21,1034114.1238270489
2020-04-22,1034114.1238270489
2020-04-23,1034114.1238270489
2020-04-24,1034114.1238270489
2020-04-27,1034114.1238270489
2020-04-28,1034114.1238270489
2020-04-29,1034114.1238270489
2020-04-30,1034114.1238270489
2020-05-04,1034114.1238270489
2020-05-05,1034114.1238270489
2020-05-06,1034114.1238270489
2020-05-07,1034114.1238270489
2020-05-08,1034114.1238270489
2020-05-11,1034114.1238270489
2020-05-12,1034114.1238270489
2020-05-13,1034114.1238270489
2020-05-14,1034114.1238270489
2020-05-15,1034114.1238270489
2020-05-18,1034114.1238270489
2020-05-19,1034114.1238270489
2020-05-20,1034114.1238270489
2020-05-21,1034114.1238270489
2020-05-22,1034114.1238270489
2020-05-26,1034114.1238270489
2020-05-27,1034114.1238270489
2020-05-28,1034114.1238270489
2020-05-29,1034114.1238270489
2020-06-01,1034114.1238270489
2020-06-02,1034114.1238270489
2020-06-03,1034114.1238270489
2020-06-04,1034114.1238270489
2020-06-05,1034114.1238270489
2020-06-08,1034114.1238270489
2020-06-09,1034114.1238270489
2020-06-10,1034114.1238270489
2020-06-11,1034114.1238270489
2020-06-12,1034114.1238270489
2020-06-15,1034114.1238270489
2020-06-16,1034114.1238270489
2020-06-17,1034114.1238270489
2020-06-18,1034114.1238270489
2020-06-19,1034114.1238270489
2020-06-22,1034114.1238270489
2020-06-23,1034114.1238270489
2020-06-24,1034114.1238270489
2020-06-25,1034114.1238270489
2020-06-26,1034114.1238270489
2020-06-29,1034114.1238270489
2020-06-30,1034114.1238270489
2020-07-01,1034114.1238270489
2020-07-02,1034114.1238270489
2020-07-03,1034114.1238270489
2020-07-06,1034114.1238270489
2020-07-07,1034114.1238270489
2020-07-08,1034114.1238270489
2020-07-09,1034114.1238270489
2020-07-10,1034114.1238270489
2020-07-13,1034114.1238270489
2020-07-14,1034114.1238270489
2020-07-15,1034114.1238270489
2020-07-16,1034114.1238270489
2020-07-17,1034114.1238270489
2020-07-20,1034114.1238270489
2020-07-21,1034114.1238270489
2020-07-22,1034114.1238270489
2020-07-23,1034114.1238270489
2020-07-24,1034114.1238270489
2020-07-27,1034114.1238270489
2020-07-28,1034114.1238270489
2020-07-29,1034114.1238270489
2020-07-30,1034114.1238270489
2020-07-31,1034114.1238270489
2020-08-03,1034114.1238270489
2020-08-04,1034114.1238270489
2020-08-05,1034114.1238270489
2020-08-06,1034114.1238270489
2020-08-07,1034114.1238270489
2020-08-10,1034114.1238270489
2020-08-11,1034114.1238270489
2020-08-12,1034114.1238270489
2020-08-13,1034114.1238270489
2020-08-14,1034114.1238270489
2020-08-17,1034114.1238270489
2020-08-18,1034114.1238270489
2020-08-19,1034114.1238270489
2020-08-20,1034114.1238270489
2020-08-21,1034114.1238270489
2020-08-24,1034114.1238270489
2020-08-25,1034114.1238270489
2020-08-26,1034114.1238270489
2020-08-27,1034114.1238270489
2020-08-28,1034114.1238270489
2020-08-31,1034114.1238270489
2020-09-01,1034114.1238270489
2020-09-02,1034114.1238270489
2020-09-03,1034114.1238270489
2020-09-04,1034114.1238270489
2020-09-07,1034114.1238270489
2020-09-08,1034114.1238270489
2020-09-09,1034114.1238270489
2020-09-10,1034114.1238270489
2020-09-11,1034114.1238270489
2020-09-14,1034114.1238270489
2020-09-15,1034114.1238270489
2020-09-16,1034114.1238270489
2020-09-17,1034114.1238270489
2020-09-18,1034114.1238270489
2020-09-21,1034114.1238270489
2020-09-22,1034114.1238270489
2020-09-23,1034114.1238270489
2020-09-24,1034114.1238270489
2020-09-25,1034114.1238270489
2020-09-28,1034114.1238270489
2020-09-29,1034114.1238270489
2020-09-30,1034114.1238270489
2020-10-01,1034114.1238270489
2020-10-05,1034114.1238270489
2020-10-06,1034114.1238270489
2020-10-07,1034114.1238270489
2020-10-08,1034114.1238270489
2020-10-09,1034114.1238270489
2020-10-12,1034114.1238270489
2020-10-13,1034114.1238270489
2020-10-14,1034114.1238270489
2020-10-15,1034114.1238270489
2020-10-16,1034114.1238270489
2020-10-19,1034114.1238270489
2020-10-20,1034114.1238270489
2020-10-21,1034114.1238270489
2020-10-22,1034114.1238270489
2020-10-23,1034114.1238270489
2020-10-26,1034114.1238270489
2020-10-27,1034114.1238270489
2020-10-28,1034114.1238270489
2020-10-29,1034114.1238270489
2020-10-30,1034114.1238270489
2020-11-02,1034114.1238270489
2020-11-03,1034114.1238270489
2020-11-04,1034114.1238270489
2020-11-05,1034114.1238270489
2020-11-06,1034114.1238270489
2020-11-09,1034114.1238270489
2020-11-10,1034114.1238270489
2020-11-11,1034114.1238270489
2020-11-12,1034114.1238270489
2020-11-13,1034114.1238270489
2020-11-14,1034114.1238270489
2020-11-17,1034114.1238270489
2020-11-18,1034114.1238270489
2020-11-19,1034114.1238270489
2020-11-20,1023813.998612577
2020-11-23,1023813.998612577
2020-11-24,1023813.998612577
2020-11-25,1023813.998612577
2020-11-26,1023813.998612577
2020-11-27,1023813.998612577
2020-12-01,1023813.998612577
2020-12-02,1023813.998612577
2020-12-03,1023813.998612577
2020-12-04,1023813.998612577
2020-12-07,1023813.998612577
2020-12-08,1023813.998612577
2020-12-09,1023813.998612577
2020-12-10,1023813.998612577
2020-12-11,1023813.998612577
2020-12-14,1023813.998612577
2020-12-15,1023813.998612577
2020-12-16,1023813.998612577
2020-12-17,1023813.998612577
2020-12-18,1023813.998612577
2020-12-21,1023813.998612577
2020-12-22,1023813.998612577
2020-12-23,1023813.998612577
2020-12-24,1023813.998612577
2020-12-28,1023813.998612577
2020-12-29,1023813.998612577
2020-12-30,1023813.998612577
2020-12-31,1023813.998612577
2021-01-01,1023813.998612577
2021-01-04,1023813.998612577
2021-01-05,1023813.998612577
2021-01-06,1016024.7234050574
2021-01-07,1016024.7234050574
2021-01-08,1016024.7234050574
2021-01-11,1016024.7234050574
2021-01-12,1016024.7234050574
2021-01-13,1016024.7234050574
2021-01-14,1016024.7234050574
2021-01-15,1016024.7234050574
2021-01-18,1016024.7234050574
2021-01-19,1016024.7234050574
2021-01-20,1016024.7234050574
2021-01-21,1028588.38063162
2021-01-22,1028588.38063162
2021-01-25,1028588.38063162
2021-01-27,1028588.38063162
2021-01-28,1028588.38063162
2021-01-29,1028588.38063162
2021-02-01,1028588.38063162
2021-02-02,1028588.38063162
2021-02-03,1028588.38063162
2021-02-04,1028588.38063162
2021-02-05,1028588.38063162
2021-02-08,1028588.38063162
2021-02-09,1028588.38063162
2021-02-10,1028588.38063162
2021-02-11,1028588.38063162
2021-02-12,1036841.2205974403
2021-02-15,1036841.2205974403
2021-02-16,1036841.2205974403
2021-02-17,1036841.2205974403
2021-02-18,1036841.2205974403
2021-02-19,1036841.2205974403
2021-02-22,1036841.2205974403
2021-02-23,1036841.2205974403
2021-02-24,1036841.2205974403
2021-02-25,1036841.2205974403
2021-02-26,1036841.2205974403
2021-03-01,1036841.2205974403
2021-03-02,1036841.2205974403
2021-03-03,1036841.2205974403
2021-03-04,1036841.2205974403
2021-03-05,1036841.2205974403
2021-03-08,1036841.2205974403
2021-03-09,1036841.2205974403
2021-03-10,1036841.2205974403
2021-03-12,1036841.2205974403
2021-03-15,1036841.2205974403
2021-03-16,1036841.2205974403
2021-03-17,1036841.2205974403
2021-03-18,1036841.2205974403
2021-03-19,1036841.2205974403
2021-03-22,1036841.2205974403
2021-03-23,1036841.2205974403
2021-03-24,1036841.2205974403
2021-03-25,1036841.2205974403
2021-03-26,1036841.2205974403
2021-03-30,1036841.2205974403
2021-03-31,1036841.2205974403
2021-04-01,1036841.2205974403
2021-04-05,1036841.2205974403
2021-04-06,1036841.2205974403
2021-04-07,1036841.2205974403
2021-04-08,1036841.2205974403
2021-04-09,1036841.2205974403
2021-04-12,1036841.2205974403
2021-04-13,1036841.2205974403
2021-04-15,1036841.2205974403
2021-04-16,1036841.2205974403
2021-04-19,1036841.2205974403
2021-04-20,1036841.2205974403
2021-04-22,1036841.2205974403
2021-04-23,1036841.2205974403
2021-04-26,1036841.2205974403
2021-04-27,1036841.2205974403
2021-04-28,1036841.2205974403
2021-04-29,1036841.2205974403
2021-04-30,1036841.2205974403
2021-05-03,1036841.2205974403
2021-05-04,1036841.2205974403
2021-05-05,1036841.2205974403
2021-05-06,1036841.2205974403
2021-05-07,1036841.2205974403
2021-05-10,1036841.2205974403
2021-05-11,1036841.2205974403
2021-05-12,1036841.2205974403
2021-05-14,1036841.2205974403
2021-05-17,1036841.2205974403
2021-05-18,1036841.2205974403
2021-05-19,1036841.2205974403
2021-05-20,1036841.2205974403
2021-05-21,1036841.2205974403
2021-05-24,1036841.2205974403
2021-05-25,1036841.2205974403
2021-05-26,1036841.2205974403
2021-05-27,1036841.2205974403
2021-05-28,1036841.2205974403
2021-05-31,1036841.2205974403
2021-06-01,1036841.2205974403
2021-06-02,1036841.2205974403
2021-06-03,1036841.2205974403
2021-06-04,1036841.2205974403
2021-06-07,1036841.2205974403
2021-06-08,1036841.2205974403
2021-06-09,1036841.2205974403
2021-06-10,1036841.2205974403
2021-06-11,1036841.2205974403
2021-06-14,1036841.2205974403
2021-06-15,1036841.2205974403
2021-06-16,1036841.2205974403
2021-06-17,1036841.2205974403
2021-06-18,1036841.2205974403
2021-06-21,1036841.2205974403
2021-06-22,1036841.2205974403
2021-06-23,1036841.2205974403
2021-06-24,1036841.2205974403
2021-06-25,1036841.2205974403
2021-06-28,1036841.2205974403
2021-06-29,1036841.2205974403
2021-06-30,1036841.2205974403
2021-07-01,1036841.2205974403
2021-07-02,1036841.2205974403
2021-07-05,1036841.2205974403
2021-07-06,1036841.2205974403
2021-07-07,1036841.2205974403
2021-07-08,1036841.2205974403
2021-07-09,1036841.2205974403
2021-07-12,1036841.2205974403
2021-07-13,1036841.2205974403
2021-07-14,1036841.2205974403
2021-07-15,1036841.2205974403
2021-07-16,1036841.2205974403
2021-07-19,1036841.2205974403
2021-07-20,1036841.2205974403
2021-07-22,1036841.2205974403
2021-07-23,1036841.2205974403
2021-07-26,1036841.2205974403
2021-07-27,1036841.2205974403
2021-07-28,1036841.2205974403
2021-07-29,1036841.2205974403
2021-07-30,1036841.2205974403
2021-08-02,1036841.2205974403
2021-08-03,1036841.2205974403
2021-08-04,1036841.2205974403
2021-08-05,1036841.2205974403
2021-08-06,1036841.2205974403
2021-08-09,1036841.2205974403
2021-08-10,1036841.2205974403
2021-08-11,1036841.2205974403
2021-08-12,1036841.2205974403
2021-08-13,1036841.2205974403
2021-08-16,1036841.2205974403
2021-08-17,1045622.7353069129
2021-08-18,1045622.7353069129
2021-08-20,1045622.7353069129
2021-08-23,1045622.7353069129
2021-08-24,1045622.7353069129
2021-08-25,1045622.7353069129
2021-08-26,1045622.7353069129
2021-08-27,1045622.7353069129
2021-08-30,1045622.7353069129
2021-08-31,1045622.7353069129
2021-09-01,1045622.7353069129
2021-09-02,1045622.7353069129
2021-09-03,1045622.7353069129
2021-09-06,1045622.7353069129
2021-09-07,1045622.7353069129
2021-09-08,1045622.7353069129
2021-09-09,1045622.7353069129
2021-09-13,1045622.7353069129
2021-09-14,1045622.7353069129
2021-09-15,1045622.7353069129
2021-09-16,1045622.7353069129
2021-09-17,1045622.7353069129
2021-09-20,1045622.7353069129
2021-09-21,1045622.7353069129
2021-09-22,1045622.7353069129
2021-09-23,1045622.7353069129
2021-09-24,1045622.7353069129
2021-09-27,1045622.7353069129
2021-09-28,1045622.7353069129
2021-09-29,1045622.7353069129
2021-09-30,1045622.7353069129
2021-10-01,1045622.7353069129
2021-10-04,1045622.7353069129
2021-10-05,1045622.7353069129
2021-10-06,1045622.7353069129
2021-10-07,1045622.7353069129
2021-10-08,1045622.7353069129
2021-10-11,1045622.7353069129
2021-10-12,1045622.7353069129
2021-10-13,1045622.7353069129
2021-10-14,1045622.7353069129
2021-10-18,1045622.7353069129
2021-10-19,1045622.7353069129
2021-10-20,1045622.7353069129
2021-10-21,1045622.7353069129
2021-10-22,1045622.7353069129
2021-10-25,1045622.7353069129
2021-10-26,1045622.7353069129
2021-10-27,1045622.7353069129
2021-10-28,1045622.7353069129
2021-10-29,1045622.7353069129
2021-11-01,1045622.7353069129
2021-11-02,1045622.7353069129
2021-11-03,1045622.7353069129
2021-11-04,1045622.7353069129
2021-11-08,1045622.7353069129
2021-11-09,1045622.7353069129
2021-11-10,1045622.7353069129
2021-11-11,1045622.7353069129
2021-11-12,1045622.7353069129
2021-11-15,1045622.7353069129
2021-11-16,1045622.7353069129
2021-11-17,1045622.7353069129
2021-11-18,1045622.7353069129
2021-11-22,1045622.7353069129
2021-11-23,1045622.7353069129
2021-11-24,1045622.7353069129
2021-11-25,1045622.7353069129
2021-11-26,1045622.7353069129
2021-11-29,1045622.7353069129
2021-11-30,1045622.7353069129
2021-12-01,1045622.7353069129
2021-12-02,1045622.7353069129
2021-12-03,1040089.8483440223
2021-12-06,1040089.8483440223
2021-12-07,1040089.8483440223
2021-12-08,1040089.8483440223
2021-12-09,1040089.8483440223
2021-12-10,1040089.8483440223
2021-12-13,1040089.8483440223
2021-12-14,1040089.8483440223
2021-12-15,1033726.0895549598
2021-12-16,1033726.0895549598
2021-12-17,1028385.0727092567
2021-12-20,1028385.0727092567
2021-12-21,1028385.0727092567
2021-12-22,1028385.0727092567
2021-12-23,1028385.0727092567
2021-12-24,1028385.0727092567
2021-12-27,1028385.0727092567
2021-12-28,1028385.0727092567
2021-12-29,1028385.0727092567
2021-12-30,1028385.0727092567
2021-12-31,1028385.0727092567
2022-01-03,1028385.0727092567
2022-01-04,1028385.0727092567
2022-01-05,1036445.3157512489
2022-01-06,1036445.3157512489
2022-01-07,1036445.3157512489
2022-01-10,1036445.3157512489
2022-01-11,1036445.3157512489
2022-01-12,1036445.3157512489
2022-01-13,1036445.3157512489
2022-01-14,1036445.3157512489
2022-01-17,1036445.3157512489
2022-01-18,1036445.3157512489
2022-01-19,1036445.3157512489
2022-01-20,1036445.3157512489
2022-01-21,1036445.3157512489
2022-01-24,1036445.3157512489
2022-01-25,1036445.3157512489
2022-01-27,1036445.3157512489
2022-01-28,1036445.3157512489
2022-01-31,1036445.3157512489
2022-02-01,1036445.3157512489
2022-02-02,1036445.3157512489
2022-02-03,1036445.3157512489
2022-02-04,1036445.3157512489
2022-02-07,1036445.3157512489
2022-02-08,1036445.3157512489
2022-02-09,1036445.3157512489
2022-02-10,1036445.3157512489
2022-02-11,1036445.3157512489
2022-02-14,1036445.3157512489
2022-02-15,1036445.3157512489
2022-02-16,1036445.3157512489
2022-02-17,1036445.3157512489
2022-02-18,1036445.3157512489
2022-02-21,1036445.3157512489
2022-02-22,1036445.3157512489
2022-02-23,1036445.3157512489
2022-02-24,1028889.4565380019
2022-02-25,1028889.4565380019
2022-02-28,1028889.4565380019
2022-03-02,1028889.4565380019
2022-03-03,1028889.4565380019
2022-03-04,1024425.11596183
2022-03-07,1024425.11596183
2022-03-08,1024425.11596183
2022-03-09,1024425.11596183
2022-03-10,1024425.11596183
2022-03-11,1024425.11596183
2022-03-14,1024425.11596183
2022-03-15,1024425.11596183
2022-03-16,1024425.11596183
2022-03-17,1024425.11596183
2022-03-21,1024425.11596183
2022-03-22,1034979.7524364394
2022-03-23,1034979.7524364394
2022-03-24,1034979.7524364394
2022-03-25,1034979.7524364394
2022-03-28,1034979.7524364394
2022-03-29,1034979.7524364394
2022-03-30,1034979.7524364394
2022-03-31,1034979.7524364394
2022-04-01,1034979.7524364394
2022-04-04,1034979.7524364394
2022-04-05,1034979.7524364394
2022-04-06,1034979.7524364394
2022-04-07,1034979.7524364394
2022-04-08,1034979.7524364394
2022-04-11,1034979.7524364394
2022-04-12,1034979.7524364394
2022-04-13,1034979.7524364394
2022-04-18,1034979.7524364394
2022-04-19,1034979.7524364394
2022-04-20,1034979.7524364394
2022-04-21,1034979.7524364394
2022-04-22,1034979.7524364394
2022-04-25,1034979.7524364394
2022-04-26,1034979.7524364394
2022-04-27,1034979.7524364394
2022-04-28,1034979.7524364394
2022-04-29,1034979.7524364394
2022-05-02,1034979.7524364394
2022-05-04,1034979.7524364394
2022-05-05,1034979.7524364394
2022-05-06,1034979.7524364394
2022-05-09,1034979.7524364394
2022-05-10,1034979.7524364394
2022-05-11,1034979.7524364394
2022-05-12,1034979.7524364394
2022-05-13,1034979.7524364394
2022-05-16,1034979.7524364394
2022-05-17,1034979.7524364394
2022-05-18,1034979.7524364394
2022-05-19,1034979.7524364394
2022-05-20,1034979.7524364394
2022-05-23,1034979.7524364394
2022-05-24,1034979.7524364394
2022-05-25,1034979.7524364394
2022-05-26,1034979.7524364394
2022-05-27,1034979.7524364394
2022-05-30,1034979.7524364394
2022-05-31,1034979.7524364394
2022-06-01,1034979.7524364394
2022-06-02,1034979.7524364394
2022-06-03,1046131.727289955
2022-06-06,1046131.727289955
2022-06-07,1046131.727289955
2022-06-08,1046131.727289955
2022-06-09,1046131.727289955
2022-06-10,1046131.727289955
2022-06-13,1046131.727289955
2022-06-14,1046131.727289955
2022-06-15,1046131.727289955
2022-06-16,1046131.727289955
2022-06-17,1046131.727289955
2022-06-20,1046131.727289955
2022-06-21,1046131.727289955
2022-06-22,1046131.727289955
2022-06-23,1046131.727289955
2022-06-24,1046131.727289955
2022-06-27,1046131.727289955
2022-06-28,1046131.727289955
2022-06-29,1046131.727289955
2022-06-30,1046131.727289955
2022-07-01,1046131.727289955
2022-07-04,1046131.727289955
2022-07-05,1046131.727289955
2022-07-06,1046131.727289955
2022-07-07,1046131.727289955
2022-07-08,1046131.727289955
2022-07-11,1046131.727289955
2022-07-12,1046131.727289955
2022-07-13,1046131.727289955
2022-07-14,1046131.727289955
2022-07-15,1046131.727289955
2022-07-18,1046131.727289955
2022-07-19,1046131.727289955
2022-07-20,1046131.727289955
2022-07-21,1046131.727289955
2022-07-22,1046131.727289955
2022-07-25,1046131.727289955
2022-07-26,1046131.727289955
2022-07-27,1046131.727289955
2022-07-28,1046131.727289955
2022-07-29,1046131.727289955
2022-08-01,1046131.727289955
2022-08-02,1046131.727289955
2022-08-03,1046131.727289955
2022-08-04,1046131.727289955
2022-08-05,1046131.727289955
2022-08-08,1046131.727289955
2022-08-10,1046131.727289955
2022-08-11,1046131.727289955
2022-08-12,1046131.727289955
2022-08-16,1046131.727289955
2022-08-17,1046131.727289955
2022-08-18,1046131.727289955
2022-08-19,1046131.727289955
2022-08-22,1046131.727289955
2022-08-23,1046131.727289955
2022-08-24,1046131.727289955
2022-08-25,1046131.727289955
2022-08-26,1046131.727289955
2022-08-29,1046131.727289955
2022-08-30,1046131.727289955
2022-09-01,1046131.727289955
2022-09-02,1046131.727289955
2022-09-05,1046131.727289955
2022-09-06,1046131.727289955
2022-09-07,1046131.727289955
2022-09-08,1046131.727289955
2022-09-09,1046131.727289955
2022-09-12,1046131.727289955
2022-09-13,1046131.727289955
2022-09-14,1046131.727289955
2022-09-15,1046131.727289955
2022-09-16,1046131.727289955
2022-09-19,1046131.727289955
2022-09-20,1046131.727289955
2022-09-21,1046131.727289955
2022-09-22,1046131.727289955
2022-09-23,1046131.727289955
2022-09-26,1046131.727289955
2022-09-27,1046131.727289955
2022-09-28,1046131.727289955
2022-09-29,1046131.727289955
2022-09-30,1046131.727289955
2022-10-03,1046131.727289955
2022-10-04,1046131.727289955
2022-10-06,1046131.727289955
2022-10-07,1046131.727289955
2022-10-10,1046131.727289955
2022-10-11,1046131.727289955
2022-10-12,1046131.727289955
2022-10-13,1046131.727289955
2022-10-14,1046131.727289955
2022-10-17,1046131.727289955
2022-10-18,1046131.727289955
2022-10-19,1046131.727289955
2022-10-20,1046131.727289955
2022-10-21,1046131.727289955
2022-10-24,1046131.727289955
2022-10-25,1046131.727289955
2022-10-27,1046131.727289955
2022-10-28,1046131.727289955
2022-10-31,1046131.727289955
2022-11-01,1046131.727289955
2022-11-02,1046131.727289955
2022-11-03,1046131.727289955
2022-11-04,1046131.727289955
2022-11-07,1046131.727289955
2022-11-09,1046131.727289955
2022-11-10,1046131.727289955
2022-11-11,1046131.727289955
2022-11-14,1046131.727289955
2022-11-15,1046131.727289955
2022-11-16,1046131.727289955
2022-11-17,1046131.727289955
2022-11-18,1046131.727289955
2022-11-21,1046131.727289955
2022-11-22,1046131.727289955
2022-11-23,1046131.727289955
2022-11-24,1046131.727289955
2022-11-25,1046131.727289955
2022-11-28,1046131.727289955
2022-11-29,1046131.727289955
2022-11-30,1046131.727289955
2022-12-01,1046131.727289955
2022-12-02,1046131.727289955
2022-12-05,1046131.727289955
2022-12-06,1046131.727289955
2022-12-07,1046131.727289955
2022-12-08,1046131.727289955
2022-12-09,1046131.727289955
2022-12-12,1046131.727289955
2022-12-13,1046131.727289955
2022-12-14,1046131.727289955
2022-12-15,1046131.727289955
2022-12-16,1046131.727289955
2022-12-19,1046131.727289955
2022-12-20,1046131.727289955
2022-12-21,1046131.727289955
2022-12-22,1046131.727289955
2022-12-23,1046131.727289955
2022-12-26,1046131.727289955
2022-12-27,1046131.727289955
2022-12-28,1046131.727289955
2022-12-29,1046131.727289955
2022-12-30,1046131.727289955
2023-01-02,1046131.727289955
2023-01-03,1046131.727289955
2023-01-04,1046131.727289955
2023-01-05,1046131.727289955
2023-01-06,1046131.727289955
2023-01-09,1046131.727289955
2023-01-10,1046131.727289955
2023-01-11,1046131.727289955
2023-01-12,1035709.7328764895
2023-01-13,1035709.7328764895
2023-01-16,1035709.7328764895
2023-01-17,1035709.7328764895
2023-01-18,1035709.7328764895
2023-01-19,1035709.7328764895
2023-01-20,1035709.7328764895
2023-01-23,1035709.7328764895
2023-01-24,1035709.7328764895
2023-01-25,1035709.7328764895
2023-01-27,1035709.7328764895
2023-01-30,1035709.7328764895
2023-01-31,1035709.7328764895
2023-02-01,1035709.7328764895
2023-02-02,1035709.7328764895
2023-02-03,1035709.7328764895
2023-02-06,1035709.7328764895
2023-02-07,1035709.7328764895
2023-02-08,1035709.7328764895
2023-02-09,1035709.7328764895
2023-02-10,1035709.7328764895
2023-02-13,1035709.7328764895
2023-02-14,1035709.7328764895
2023-02-15,1035709.7328764895
2023-02-16,1035709.7328764895
2023-02-17,1035709.7328764895
2023-02-20,1035709.7328764895
2023-02-21,1035709.7328764895
2023-02-22,1035709.7328764895
2023-02-23,1035709.7328764895
2023-02-24,1035709.7328764895
2023-02-27,1035709.7328764895
2023-02-28,1035709.7328764895
2023-03-01,1035709.7328764895
2023-03-02,1035709.7328764895
2023-03-03,1035709.7328764895
2023-03-06,1035709.7328764895
2023-03-08,1035709.7328764895
2023-03-09,1035709.7328764895
2023-03-10,1035709.7328764895
2023-03-13,1035709.7328764895
2023-03-14,1035709.7328764895
2023-03-15,1035709.7328764895
2023-03-16,1035709.7328764895
2023-03-17,1035709.7328764895
2023-03-20,1035709.7328764895
2023-03-21,1035709.7328764895
2023-03-22,1035709.7328764895
2023-03-23,1035709.7328764895
2023-03-24,1035709.7328764895
2023-03-27,1035709.7328764895
2023-03-28,1035709.7328764895
2023-03-29,1035709.7328764895
2023-03-31,1035709.7328764895
2023-04-03,1035709.7328764895
2023-04-05,1035709.7328764895
2023-04-06,1035709.7328764895
2023-04-10,1035709.7328764895
2023-04-11,1035709.7328764895
2023-04-12,1035709.7328764895
2023-04-13,1035709.7328764895
2023-04-17,1035709.7328764895
2023-04-18,1035709.7328764895
2023-04-19,1035709.7328764895
2023-04-20,1035709.7328764895
2023-04-21,1035709.7328764895
2023-04-24,1035709.7328764895
2023-04-25,1035709.7328764895
2023-04-26,1035709.7328764895
2023-04-27,1035709.7328764895
2023-04-28,1035709.7328764895
2023-05-02,1035709.7328764895
2023-05-03,1035709.7328764895
2023-05-04,1035709.7328764895
2023-05-05,1035709.7328764895
2023-05-08,1035709.7328764895
2023-05-09,1035709.7328764895
2023-05-10,1035709.7328764895
2023-05-11,1035709.7328764895
2023-05-12,1035709.7328764895
2023-05-15,1035709.7328764895
2023-05-16,1035709.7328764895
2023-05-17,1035709.7328764895
2023-05-18,1035709.7328764895
2023-05-19,1035709.7328764895
2023-05-22,1035709.7328764895
2023-05-23,1035709.7328764895
2023-05-24,1035709.7328764895
2023-05-25,1035709.7328764895
2023-05-26,1035709.7328764895
2023-05-29,1035709.7328764895
2023-05-30,1035709.7328764895
2023-05-31,1035709.7328764895
2023-06-01,1035709.7328764895
2023-06-02,1035709.7328764895
2023-06-05,1035709.7328764895
2023-06-06,1035709.7328764895
2023-06-07,1035709.7328764895
2023-06-08,1035709.7328764895
2023-06-09,1035709.7328764895
2023-06-12,1035709.7328764895
2023-06-13,1035709.7328764895
2023-06-14,1035709.7328764895
2023-06-15,1035709.7328764895
2023-06-16,1035709.7328764895
2023-06-19,1035709.7328764895
2023-06-20,1035709.7328764895
2023-06-21,1035709.7328764895
2023-06-22,1035709.7328764895
2023-06-23,1035709.7328764895
2023-06-26,1035709.7328764895
2023-06-27,1035709.7328764895
2023-06-28,1035709.7328764895
2023-06-30,1035709.7328764895
2023-07-03,1035709.7328764895
2023-07-04,1035709.7328764895
2023-07-05,1035709.7328764895
2023-07-06,1035709.7328764895
2023-07-07,1035709.7328764895
2023-07-10,1035709.7328764895
2023-07-11,1035709.7328764895
2023-07-12,1035709.7328764895
2023-07-13,1035709.7328764895
2023-07-14,1035709.7328764895
2023-07-17,1035709.7328764895
2023-07-18,1035709.7328764895
2023-07-19,1035709.7328764895
2023-07-20,1035709.7328764895
2023-07-21,1035709.7328764895
2023-07-24,1035709.7328764895
2023-07-25,1035709.7328764895
2023-07-26,1035709.7328764895
2023-07-27,1035709.7328764895
2023-07-28,1035709.7328764895
2023-07-31,1035709.7328764895
2023-08-01,1035709.7328764895
2023-08-02,1035709.7328764895
2023-08-03,1035709.7328764895
2023-08-04,1035709.7328764895
2023-08-07,1035709.7328764895
2023-08-08,1035709.7328764895
2023-08-09,1035709.7328764895
2023-08-10,1035709.7328764895
2023-08-11,1035709.7328764895
2023-08-14,1035709.7328764895
2023-08-16,1035709.7328764895
2023-08-17,1035709.7328764895
2023-08-18,1035709.7328764895
2023-08-21,1035709.7328764895
2023-08-22,1035709.7328764895
2023-08-23,1035709.7328764895
2023-08-24,1035709.7328764895
2023-08-25,1035709.7328764895
2023-08-28,1035709.7328764895
2023-08-29,1035709.7328764895
2023-08-30,1035709.7328764895
2023-08-31,1035709.7328764895
2023-09-01,1035709.7328764895
2023-09-04,1035709.7328764895
2023-09-05,1035709.7328764895
2023-09-06,1035709.7328764895
2023-09-07,1035709.7328764895
2023-09-08,1035709.7328764895
2023-09-11,1035709.7328764895
2023-09-12,1035709.7328764895
2023-09-13,1035709.7328764895
2023-09-14,1035709.7328764895
2023-09-15,1035709.7328764895
2023-09-18,1035709.7328764895
2023-09-20,1028699.6467506496
2023-09-21,1028699.6467506496
2023-09-22,1028699.6467506496
2023-09-25,1028699.6467506496
2023-09-26,1028699.6467506496
2023-09-27,1028699.6467506496
2023-09-28,1028699.6467506496
2023-09-29,1028699.6467506496
2023-10-03,1028699.6467506496
2023-10-04,1028699.6467506496
2023-10-05,1028699.6467506496
2023-10-06,1028699.6467506496
2023-10-09,1028699.6467506496
2023-10-10,1028699.6467506496
2023-10-11,1028699.6467506496
2023-10-12,1028699.6467506496
2023-10-13,1028699.6467506496
2023-10-16,1028699.6467506496
2023-10-17,1028699.6467506496
2023-10-18,1028699.6467506496
2023-10-19,1028699.6467506496
2023-10-20,1028699.6467506496
2023-10-23,1028699.6467506496
2023-10-25,1028699.6467506496
2023-10-26,1028699.6467506496
2023-10-27,1028699.6467506496
2023-10-30,1028699.6467506496
2023-10-31,1028699.6467506496
2023-11-01,1028699.6467506496
2023-11-02,1028699.6467506496
2023-11-03,1028699.6467506496
2023-11-06,1028699.6467506496
2023-11-07,1028699.6467506496
2023-11-08,1028699.6467506496
2023-11-09,1028699.6467506496
2023-11-10,1028699.6467506496
2023-11-13,1028699.6467506496
2023-11-15,1028699.6467506496
2023-11-16,1028699.6467506496
2023-11-17,1028699.6467506496
2023-11-20,1028699.6467506496
2023-11-21,1028699.6467506496
2023-11-22,1028699.6467506496
2023-11-23,1028699.6467506496
2023-11-24,1028699.6467506496
2023-11-28,1028699.6467506496
2023-11-29,1036587.6350318996
2023-11-30,1036587.6350318996
2023-12-01,1036587.6350318996
2023-12-04,1036587.6350318996
2023-12-05,1036587.6350318996
2023-12-06,1036587.6350318996
2023-12-07,1036587.6350318996
2023-12-08,1036587.6350318996
2023-12-11,1036587.6350318996
2023-12-12,1036587.6350318996
2023-12-13,1036587.6350318996
2023-12-14,1036587.6350318996
2023-12-15,1036587.6350318996
2023-12-18,1036587.6350318996
2023-12-19,1036587.6350318996
2023-12-20,1036587.6350318996
2023-12-21,1036587.6350318996
2023-12-22,1036587.6350318996
2023-12-26,1036587.6350318996
2023-12-27,1036587.6350318996
2023-12-28,1036587.6350318996
2023-12-29,1036587.6350318996
2024-01-01,1036587.6350318996
2024-01-02,1036587.6350318996
2024-01-03,1036587.6350318996
2024-01-04,1036587.6350318996
2024-01-05,1036587.6350318996
2024-01-08,1036587.6350318996
2024-01-09,1036587.6350318996
2024-01-10,1036587.6350318996
2024-01-11,1036587.6350318996
2024-01-12,1036587.6350318996
2024-01-15,1036587.6350318996
2024-01-16,1036587.6350318996
2024-01-17,1036587.6350318996
2024-01-18,1036587.6350318996
2024-01-19,1036587.6350318996
2024-01-23,1036587.6350318996
2024-01-24,1036587.6350318996
2024-01-25,1036587.6350318996
2024-01-29,1036587.6350318996
2024-01-30,1036587.6350318996
2024-01-31,1036587.6350318996
2024-02-01,1036587.6350318996
2024-02-02,1036587.6350318996
2024-02-05,1036587.6350318996
2024-02-06,1036587.6350318996
2024-02-07,1036587.6350318996
2024-02-08,1036587.6350318996
2024-02-09,1036587.6350318996
2024-02-12,1036587.6350318996
2024-02-13,1036587.6350318996
2024-02-14,1036587.6350318996
2024-02-15,1036587.6350318996
2024-02-16,1036587.6350318996
2024-02-19,1036587.6350318996
2024-02-20,1036587.6350318996
2024-02-21,1036587.6350318996
2024-02-22,1036587.6350318996
2024-02-23,1036587.6350318996
2024-02-26,1036587.6350318996
2024-02-27,1036587.6350318996
2024-02-28,1036587.6350318996
2024-02-29,1036587.6350318996
2024-03-01,1036587.6350318996
2024-03-04,1036587.6350318996
2024-03-05,1036587.6350318996
2024-03-06,1036587.6350318996
2024-03-07,1036587.6350318996
2024-03-11,1036587.6350318996
2024-03-12,1036587.6350318996
2024-03-13,1036587.6350318996
2024-03-14,1036587.6350318996
2024-03-15,1036587.6350318996
2024-03-18,1036587.6350318996
2024-03-19,1036587.6350318996
2024-03-20,1036587.6350318996
2024-03-21,1036587.6350318996
2024-03-22,1036587.6350318996
2024-03-26,1036587.6350318996
2024-03-27,1036587.6350318996
2024-03-28,1036587.6350318996
2024-04-01,1036587.6350318996
2024-04-02,1036587.6350318996
2024-04-03,1036587.6350318996
2024-04-04,1036587.6350318996
2024-04-05,1031603.2569801417
2024-04-08,1031603.2569801417
2024-04-09,1026949.470359048
2024-04-10,1026949.470359048
2024-04-12,1024384.052390298
2024-04-15,1024384.052390298
2024-04-16,1024384.052390298
2024-04-18,1024384.052390298
2024-04-19,1024384.052390298
2024-04-22,1024384.052390298
2024-04-23,1024384.052390298
2024-04-24,1024384.052390298
2024-04-25,1024384.052390298
2024-04-26,1024384.052390298
2024-04-29,1024384.052390298
2024-04-30,1024384.052390298
2024-05-02,1024384.052390298
2024-05-03,1024384.052390298
2024-05-06,1024384.052390298
2024-05-07,1024384.052390298
2024-05-08,1024384.052390298
2024-05-09,1024384.052390298
2024-05-10,1024384.052390298
2024-05-13,1024384.052390298
2024-05-14,1024384.052390298
2024-05-15,1024384.052390298
2024-05-16,1024384.052390298
2024-05-17,1024384.052390298
2024-05-21,1024384.052390298
2024-05-22,1024384.052390298
2024-05-23,1024384.052390298
2024-05-24,1033184.360984048
2024-05-27,1033184.360984048
2024-05-28,1033184.360984048
2024-05-29,1033184.360984048
2024-05-30,1033184.360984048
2024-05-31,1033184.360984048
2024-06-03,1033184.360984048
2024-06-04,1033184.360984048
2024-06-05,1033184.360984048
2024-06-06,1033184.360984048
2024-06-07,1033184.360984048
2024-06-10,1033184.360984048
2024-06-11,1033184.360984048
2024-06-12,1033184.360984048
2024-06-13,1033184.360984048
2024-06-14,1033184.360984048
2024-06-18,1033184.360984048
2024-06-19,1033184.360984048
2024-06-20,1033184.360984048
2024-06-21,1033184.360984048
2024-06-24,1029283.6878883449
2024-06-25,1029283.6878883449
2024-06-26,1029283.6878883449
2024-06-27,1029283.6878883449
2024-06-28,1029283.6878883449
2024-07-01,1029283.6878883449
2024-07-02,1029283.6878883449
2024-07-03,1029283.6878883449
2024-07-04,1029283.6878883449
2024-07-05,1029283.6878883449
2024-07-08,1029283.6878883449
2024-07-09,1029283.6878883449
2024-07-10,1029283.6878883449
2024-07-11,1029283.6878883449
2024-07-12,1029283.6878883449
2024-07-15,1029283.6878883449
2024-07-16,1029283.6878883449
2024-07-18,1029283.6878883449
2024-07-19,1029283.6878883449
2024-07-22,1029283.6878883449
2024-07-23,1029283.6878883449
2024-07-24,1029283.6878883449
2024-07-25,1029283.6878883449
2024-07-26,1029283.6878883449
2024-07-29,1029283.6878883449
2024-07-30,1029283.6878883449
2024-07-31,1029283.6878883449
2024-08-01,1029283.6878883449
2024-08-02,1029283.6878883449
2024-08-05,1029283.6878883449
2024-08-06,1029283.6878883449
2024-08-07,1029283.6878883449
2024-08-08,1029283.6878883449
2024-08-09,1029283.6878883449
2024-08-12,1029283.6878883449
2024-08-13,1029283.6878883449
2024-08-14,1029283.6878883449
2024-08-16,1029283.6878883449
2024-08-19,1029283.6878883449
2024-08-20,1029283.6878883449
2024-08-21,1029283.6878883449
2024-08-22,1029283.6878883449
2024-08-23,1029283.6878883449
2024-08-26,1029283.6878883449
2024-08-27,1029283.6878883449
2024-08-28,1029283.6878883449
2024-08-29,1029283.6878883449
2024-08-30,1029283.6878883449
2024-09-02,1029283.6878883449
2024-09-03,1029283.6878883449
2024-09-04,1029283.6878883449
2024-09-05,1029283.6878883449
2024-09-06,1026463.5959188769
2024-09-09,1026463.5959188769
2024-09-10,1026463.5959188769
2024-09-11,1026463.5959188769
2024-09-12,1026463.5959188769
2024-09-13,1026463.5959188769
2024-09-16,1026463.5959188769
2024-09-17,1026463.5959188769
2024-09-18,1026463.5959188769
2024-09-19,1026463.5959188769
2024-09-20,1026463.5959188769
2024-09-23,1026463.5959188769
2024-09-24,1026463.5959188769
2024-09-25,1026463.5959188769
2024-09-26,1026463.5959188769
2024-09-27,1026463.5959188769
2024-09-30,1023840.4281264893
2024-10-01,1023840.4281264893
2024-10-03,1023840.4281264893
2024-10-04,1023840.4281264893
2024-10-07,1023840.4281264893
2024-10-08,1023840.4281264893
2024-10-09,1023840.4281264893
2024-10-10,1023840.4281264893
2024-10-11,1023840.4281264893
2024-10-14,1023840.4281264893
2024-10-15,1023840.4281264893
2024-10-16,1023840.4281264893
2024-10-17,1023840.4281264893
2024-10-18,1023840.4281264893
2024-10-21,1023840.4281264893
2024-10-22,1023840.4281264893
2024-10-23,1023840.4281264893
2024-10-24,1023840.4281264893
2024-10-25,1023840.4281264893
2024-10-28,1023840.4281264893
2024-10-29,1023840.4281264893
2024-10-30,1023840.4281264893
2024-10-31,1023840.4281264893
2024-11-01,1023840.4281264893
2024-11-04,1023840.4281264893
2024-11-05,1023840.4281264893
2024-11-06,1023840.4281264893
2024-11-07,1023840.4281264893
2024-11-08,1023840.4281264893
2024-11-11,1023840.4281264893
2024-11-12,1023840.4281264893
2024-11-13,1023840.4281264893
2024-11-14,1023840.4281264893
2024-11-18,1023840.4281264893
2024-11-19,1023840.4281264893
2024-11-21,1023840.4281264893
2024-11-22,1023840.4281264893
2024-11-25,1023840.4281264893
2024-11-26,1023840.4281264893
2024-11-27,1023840.4281264893
2024-11-28,1023840.4281264893
2024-11-29,1023840.4281264893
2024-12-02,1023840.4281264893
2024-12-03,1023840.4281264893
2024-12-04,1023840.4281264893
2024-12-05,1023840.4281264893
2024-12-06,1023840.4281264893
2024-12-09,1023840.4281264893
2024-12-10,1023840.4281264893
2024-12-11,1023840.4281264893
2024-12-12,1023840.4281264893
2024-12-13,1023840.4281264893
2024-12-16,1023840.4281264893
2024-12-17,1023840.4281264893
2024-12-18,1023840.4281264893
2024-12-19,1023840.4281264893
2024-12-20,1023840.4281264893
2024-12-23,1023840.4281264893
2024-12-24,1023840.4281264893
2024-12-26,1023840.4281264893
2024-12-27,1023840.4281264893
2024-12-30,1023840.4281264893
2024-12-31,1023840.4281264893
2025-01-01,1023840.4281264893
2025-01-02,1023840.4281264893
2025-01-03,1023840.4281264893
2025-01-06,1023840.4281264893
2025-01-07,1023840.4281264893
2025-01-08,1023840.4281264893
2025-01-09,1023840.4281264893
2025-01-10,1023840.4281264893
2025-01-13,1023840.4281264893
2025-01-14,1023840.4281264893
2025-01-15,1023840.4281264893
2025-01-16,1023840.4281264893
2025-01-17,1023840.4281264893
2025-01-20,1023840.4281264893
2025-01-21,1023840.4281264893
2025-01-22,1023840.4281264893
2025-01-23,1023840.4281264893
2025-01-24,1023840.4281264893
2025-01-27,1023840.4281264893
2025-01-28,1023840.4281264893
2025-01-29,1023840.4281264893
2025-01-30,1023840.4281264893
2025-01-31,1023840.4281264893
2025-02-01,1023840.4281264893
2025-02-03,1023840.4281264893
2025-02-04,1023840.4281264893
2025-02-05,1023840.4281264893
2025-02-06,1023840.4281264893
2025-02-07,1023840.4281264893
2025-02-10,1023840.4281264893
2025-02-11,1023840.4281264893
2025-02-12,1023840.4281264893
2025-02-13,1023840.4281264893
2025-02-14,1023840.4281264893
2025-02-17,1023840.4281264893
2025-02-18,1023840.4281264893
2025-02-19,1023840.4281264893
2025-02-20,1023840.4281264893
2025-02-21,1023840.4281264893
2025-02-24,1023840.4281264893
2025-02-25,1023840.4281264893
2025-02-27,1023840.4281264893
2025-02-28,1023840.4281264893
2025-03-03,1023840.4281264893
2025-03-04,1023840.4281264893
2025-03-05,1023840.4281264893
2025-03-06,1023840.4281264893
2025-03-07,1023840.4281264893
2025-03-10,1023840.4281264893
2025-03-11,1023840.4281264893
2025-03-12,1023840.4281264893
2025-03-13,1023840.4281264893
2025-03-17,1023840.4281264893
2025-03-18,1023840.4281264893
2025-03-19,1023840.4281264893
2025-03-20,1023840.4281264893
2025-03-21,1023840.4281264893
2025-03-24,1023840.4281264893
2025-03-25,1023840.4281264893
2025-03-26,1023840.4281264893
2025-03-27,1023840.4281264893
2025-03-28,1023840.4281264893
2025-04-01,1023840.4281264893
2025-04-02,1023840.4281264893
2025-04-03,1023840.4281264893
2025-04-04,1023840.4281264893
2025-04-07,1023840.4281264893
2025-04-08,1023840.4281264893
2025-04-09,1023840.4281264893
2025-04-11,1023840.4281264893
2025-04-15,1023840.4281264893
2025-04-16,1023840.4281264893
2025-04-17,1023840.4281264893
2025-04-21,1023840.4281264893
2025-04-22,1023840.4281264893
2025-04-23,1023840.4281264893
2025-04-24,1023840.4281264893
2025-04-25,1023840.4281264893
2025-04-28,1023840.4281264893
2025-04-29,1023840.4281264893
2025-04-30,1023840.4281264893
2025-05-02,1023840.4281264893
2025-05-05,1023840.4281264893
2025-05-06,1023840.4281264893
2025-05-07,1023840.4281264893
2025-05-08,1023840.4281264893
2025-05-09,1023840.4281264893
2025-05-12,1023840.4281264893
2025-05-13,1023840.4281264893
2025-05-14,1023840.4281264893
2025-05-15,1023840.4281264893
2025-05-16,1023840.4281264893
2025-05-19,1023840.4281264893
2025-05-20,1023840.4281264893
2025-05-21,1023840.4281264893
2025-05-22,1023840.4281264893
2025-05-23,1023840.4281264893
2025-05-26,1023840.4281264893
2025-05-27,1023840.4281264893
2025-05-28,1023840.4281264893
2025-05-29,1023840.4281264893
2025-05-30,1023840.4281264893
2025-06-02,1023840.4281264893
2025-06-03,1023840.4281264893
2025-06-04,1023840.4281264893
2025-06-05,1023840.4281264893
2025-06-06,1023840.4281264893
2025-06-09,1023840.4281264893
2025-06-10,1023840.4281264893
2025-06-11,1023840.4281264893
2025-06-12,1023840.4281264893
2025-06-13,1023840.4281264893
2025-06-16,1023840.4281264893
2025-06-17,1023840.4281264893
2025-06-18,1023840.4281264893
2025-06-19,1023840.4281264893
2025-06-20,1023840.4281264893
2025-06-23,1023840.4281264893
2025-06-24,1023840.4281264893
2025-06-25,1023840.4281264893
2025-06-26,1023840.4281264893
2025-06-27,1023840.4281264893
2025-06-30,1023840.4281264893
2025-07-01,1023840.4281264893
2025-07-02,1023840.4281264893
2025-07-03,1023840.4281264893
2025-07-04,1023840.4281264893
2025-07-07,1023840.4281264893
2025-07-08,1023840.4281264893
2025-07-09,1023840.4281264893
2025-07-10,1023840.4281264893
2025-07-11,1023840.4281264893
2025-07-14,1023840.4281264893
2025-07-15,1023840.4281264893
2025-07-16,1023840.4281264893
2025-07-17,1023840.4281264893
2025-07-18,1023840.4281264893
2025-07-21,1023840.4281264893
2025-07-22,1023840.4281264893
2025-07-23,1023840.4281264893
2025-07-24,1023840.4281264893
2025-07-25,1023840.4281264893
2025-07-28,1023840.4281264893
2025-07-29,1023840.4281264893
2025-07-30,1023840.4281264893
2025-07-31,1023840.4281264893
2025-08-01,1023840.4281264893
2025-08-04,1023840.4281264893
2025-08-05,1023840.4281264893
2025-08-06,1023840.4281264893
2025-08-07,1023840.4281264893
2025-08-08,1023840.4281264893
2025-08-11,1023840.4281264893
2025-08-12,1023840.4281264893
2025-08-13,1023840.4281264893
2025-08-14,1023840.4281264893
2025-08-18,1023840.4281264893
2025-08-19,1023840.4281264893
2025-08-20,1023840.4281264893
2025-08-21,1023840.4281264893
2025-08-22,1023840.4281264893
2025-08-25,1023840.4281264893
2025-08-26,1023840.4281264893
2025-08-27,1023840.4281264893
2025-08-28,1023840.4281264893
2025-08-29,1023840.4281264893
2025-09-01,1023840.4281264893
2025-09-02,1023840.4281264893
2025-09-03,1023840.4281264893
2025-09-04,1023840.4281264893
2025-09-05,1023840.4281264893
2025-09-08,1023840.4281264893
2025-09-09,1023840.4281264893
2025-09-10,1023840.4281264893
2025-09-11,1023840.4281264893
2025-09-12,1023840.4281264893
2025-09-15,1023840.4281264893
2025-09-17,1023840.4281264893
