Stock,Entry_Date,Exit_Date,Entry_Price,Exit_Price,Position,PnL,Quantity,Exit_Reason
RELIANCE.NS,2014-10-30,2014-11-10,209.54759216308594,209.07341408222925,LONG,-1053.623695663562,2222,STOP LOSS
RELIANCE.NS,2014-11-18,2014-12-01,211.55908203125,205.77069091796875,LONG,-14031.06005859375,2424,SIGNAL REVERSAL
RELIANCE.NS,2015-07-23,2015-07-24,226.49972534179688,222.11183166503906,LONG,-9381.316680908203,2138,SIGNAL REVERSAL
RELIANCE.NS,2015-10-07,2015-10-12,198.0057373046875,193.22787475585938,LONG,-9689.505249023438,2028,SIGNAL REVERSAL
RELIANCE.NS,2015-11-26,2015-12-07,214.2245330810547,207.16576200250813,LONG,-14484.598253177533,2052,STOP LOSS
RELIANCE.NS,2015-12-16,2016-01-05,212.05770874023438,217.79983520507812,LONG,11995.302185058594,2089,SIGNAL REVERSAL
RELIANCE.NS,2016-01-06,2016-01-18,223.66114807128906,227.0376839290612,LONG,7414.872743667588,2196,STOP LOSS
RELIANCE.NS,2016-03-02,2016-03-28,217.00894165039062,223.6107191886287,LONG,10384.596067648503,1573,STOP LOSS
RELIANCE.NS,2016-04-13,2016-04-20,233.59669494628906,227.29690551757812,LONG,-13513.048324584961,2145,SIGNAL REVERSAL
RELIANCE.NS,2016-07-04,2016-08-01,216.209228515625,221.2052459716797,LONG,14163.709487915039,2835,SIGNAL REVERSAL
RELIANCE.NS,2016-08-12,2016-08-17,226.9682159423828,222.0379638671875,LONG,-11255.765487670898,2283,SIGNAL REVERSAL
RELIANCE.NS,2016-08-29,2016-09-02,231.71224975585938,225.45381174213793,LONG,-14557.126819916082,2326,STOP LOSS
RELIANCE.NS,2016-09-12,2016-09-29,229.3128662109375,237.69155787846398,LONG,17436.05736012261,2081,STOP LOSS
RELIANCE.NS,2016-10-07,2016-10-10,243.008056640625,240.2361602783203,LONG,-5158.499130249023,1861,SIGNAL REVERSAL
RELIANCE.NS,2016-12-13,2017-01-04,227.84471130371094,234.10656726992173,LONG,15610.806923763495,2493,STOP LOSS
RELIANCE.NS,2017-02-14,2017-02-22,230.0359649658203,242.97834070050013,LONG,36885.77084383747,2850,TAKE PROFIT
RELIANCE.NS,2017-02-23,2017-03-06,259.1684265136719,279.64844142097036,LONG,38277.147861740865,1869,TAKE PROFIT
RELIANCE.NS,2017-04-05,2017-04-12,310.0599060058594,299.2704046908159,LONG,-15882.145935744004,1472,STOP LOSS
RELIANCE.NS,2017-05-30,2017-06-02,297.8656311035156,290.283935546875,LONG,-13381.692657470703,1765,SIGNAL REVERSAL
RELIANCE.NS,2017-06-14,2017-06-28,297.46026611328125,308.5835971535837,LONG,20177.722507108636,1814,STOP LOSS
RELIANCE.NS,2017-07-05,2017-07-14,316.11865234375,337.5019252156927,LONG,39366.60535724655,1841,TAKE PROFIT
RELIANCE.NS,2017-07-17,2017-08-03,342.7280578613281,363.7870797202264,LONG,40833.443384403785,1939,TAKE PROFIT
RELIANCE.NS,2017-09-05,2017-09-22,360.5850524902344,366.5093189463509,LONG,9810.585251328968,1656,STOP LOSS
RELIANCE.NS,2017-10-10,2017-10-18,372.4675598144531,402.6028552855399,LONG,42731.84897800101,1418,TAKE PROFIT
RELIANCE.NS,2017-10-19,2017-11-06,401.9310607910156,411.9141845703125,LONG,12349.124114990234,1237,SIGNAL REVERSAL
RELIANCE.NS,2017-11-23,2017-12-01,418.31927490234375,404.8818440490529,LONG,-17925.532758289974,1334,STOP LOSS
RELIANCE.NS,2018-01-08,2018-01-16,410.1694030761719,411.36766929673826,LONG,2050.2335033890786,1711,STOP LOSS
RELIANCE.NS,2018-01-22,2018-02-01,429.1416931152344,417.19100399624955,LONG,-17687.019896097543,1480,STOP LOSS
RELIANCE.NS,2018-02-21,2018-03-05,410.5227355957031,412.03016172162074,LONG,1968.6985204484095,1306,STOP LOSS
RELIANCE.NS,2018-04-11,2018-04-27,411.1853332519531,437.9154203088221,LONG,43623.50207681015,1632,TAKE PROFIT
RELIANCE.NS,2018-05-10,2018-05-16,433.40435791015625,422.3611145019531,LONG,-16045.83267211914,1453,SIGNAL REVERSAL
RELIANCE.NS,2018-06-05,2018-06-14,418.6064758300781,444.24162005112686,LONG,44656.421233066896,1742,TAKE PROFIT
RELIANCE.NS,2018-06-15,2018-06-26,448.00360107421875,436.0852178319261,LONG,-18533.085941765046,1555,STOP LOSS
RELIANCE.NS,2018-07-10,2018-07-20,456.11224365234375,494.26738746261344,LONG,45633.551997082555,1196,TAKE PROFIT
RELIANCE.NS,2018-07-31,2018-08-13,527.39501953125,528.1510620117188,LONG,813.501708984375,1076,SIGNAL REVERSAL
RELIANCE.NS,2018-08-23,2018-08-30,564.5039672851562,573.1845798370745,LONG,9713.605445596484,1119,STOP LOSS
RELIANCE.NS,2018-11-19,2018-11-22,511.3864440917969,490.47459722892955,LONG,-19092.516185797864,913,STOP LOSS
RELIANCE.NS,2018-11-28,2018-12-10,512.5648803710938,492.57194952036326,LONG,-18813.347930537388,941,STOP LOSS
RELIANCE.NS,2018-12-20,2018-12-21,501.80352783203125,489.2412109375,LONG,-12775.876281738281,1017,SIGNAL REVERSAL
RELIANCE.NS,2019-01-01,2019-01-02,498.4905700683594,491.9981994628906,LONG,-6998.7755126953125,1078,SIGNAL REVERSAL
RELIANCE.NS,2019-01-15,2019-01-21,502.3371887207031,540.8320615382061,LONG,45577.92941592348,1184,TAKE PROFIT
RELIANCE.NS,2019-01-22,2019-02-11,549.2512817382812,566.7199824893164,LONG,18464.416693844163,1057,STOP LOSS
RELIANCE.NS,2019-03-08,2019-03-19,563.4590454101562,607.7880983622297,LONG,47964.03529414345,1082,TAKE PROFIT
RELIANCE.NS,2019-04-02,2019-04-04,617.9771118164062,601.679443359375,LONG,-15205.724670410156,933,SIGNAL REVERSAL
RELIANCE.NS,2019-04-26,2019-05-07,619.3556518554688,598.8375576174852,LONG,-19676.852374226193,959,STOP LOSS
RELIANCE.NS,2019-05-22,2019-06-17,596.05419921875,573.201289924823,LONG,-19379.26708125013,848,STOP LOSS
RELIANCE.NS,2019-08-13,2019-09-03,570.2633666992188,543.0872759294175,LONG,-19077.615720400478,702,STOP LOSS
RELIANCE.NS,2019-10-30,2019-11-05,661.6799926757812,647.4542236328125,LONG,-12433.322143554688,874,SIGNAL REVERSAL
RELIANCE.NS,2019-11-20,2019-12-04,692.3460693359375,694.6051635742188,LONG,1872.7891235351562,829,SIGNAL REVERSAL
RELIANCE.NS,2020-01-17,2020-01-20,707.2652587890625,687.9344543719426,LONG,-18654.22626252071,965,STOP LOSS
RELIANCE.NS,2020-06-15,2020-06-30,729.1204223632812,769.5606079101562,LONG,20422.293701171875,505,SIGNAL REVERSAL
RELIANCE.NS,2020-07-03,2020-07-15,810.689697265625,848.5163677510059,LONG,20804.66876695948,550,STOP LOSS
RELIANCE.NS,2020-07-21,2020-07-29,893.9623413085938,952.6522272293972,LONG,26938.657637648797,459,STOP LOSS
RELIANCE.NS,2020-09-10,2020-09-22,1049.2398681640625,1003.992428546465,LONG,-19365.904156331722,428,STOP LOSS
RELIANCE.NS,2020-12-28,2021-01-06,908.35888671875,874.1892155369485,LONG,-19100.846190627042,559,STOP LOSS
RELIANCE.NS,2021-01-18,2021-01-25,899.5850219726562,925.4408154476585,LONG,15306.629737201303,592,STOP LOSS
RELIANCE.NS,2021-02-10,2021-02-22,895.2092895507812,915.2340867071869,LONG,10472.968912800136,523,STOP LOSS
RELIANCE.NS,2021-03-04,2021-03-15,986.598388671875,956.2411499023438,LONG,-14389.331176757812,474,SIGNAL REVERSAL
RELIANCE.NS,2021-08-05,2021-08-09,971.1094360351562,946.0461707939028,LONG,-18972.89178762888,757,STOP LOSS
RELIANCE.NS,2021-08-13,2021-09-02,976.2965087890625,1039.3797015220262,LONG,46744.64581512607,741,TAKE PROFIT
RELIANCE.NS,2021-09-03,2021-09-13,1086.7962646484375,1084.7117855046204,LONG,-1340.3200894744173,643,STOP LOSS
RELIANCE.NS,2021-09-23,2021-10-13,1132.9344482421875,1215.782786686678,LONG,48466.27799002697,585,TAKE PROFIT
RELIANCE.NS,2022-01-04,2022-01-20,1118.465087890625,1134.644169710911,LONG,8882.315919337014,549,STOP LOSS
RELIANCE.NS,2022-02-15,2022-02-24,1100.1961669921875,1063.121438326529,LONG,-20242.801851449563,546,STOP LOSS
RELIANCE.NS,2022-03-11,2022-03-30,1091.64208984375,1202.4859408657508,LONG,49768.88910887834,449,TAKE PROFIT
RELIANCE.NS,2022-04-21,2022-05-04,1265.888916015625,1225.64306640625,LONG,-19680.220458984375,489,SIGNAL REVERSAL
RELIANCE.NS,2022-05-23,2022-06-13,1186.1708984375,1233.1368867723052,LONG,17518.313648882326,373,STOP LOSS
RELIANCE.NS,2022-08-01,2022-08-29,1171.587646484375,1187.6921923819991,LONG,8100.586586504933,503,STOP LOSS
RELIANCE.NS,2023-01-09,2023-01-11,1185.4302978515625,1155.3668489577306,LONG,-20773.843185637874,691,STOP LOSS
RELIANCE.NS,2023-07-03,2023-07-11,1194.0582275390625,1252.6208380940666,LONG,51125.15901451857,873,TAKE PROFIT
RELIANCE.NS,2023-07-12,2023-07-21,1263.468505859375,1271.3098133432532,LONG,5669.265310843905,723,STOP LOSS
RELIANCE.NS,2023-11-16,2023-12-12,1171.6778564453125,1204.7752842761033,LONG,31508.75129491286,952,STOP LOSS
RELIANCE.NS,2023-12-15,2024-01-02,1238.63232421875,1294.070148993861,LONG,54439.94392915904,982,TAKE PROFIT
RELIANCE.NS,2024-01-11,2024-01-17,1349.9088134765625,1357.1879904471102,LONG,5175.494826059432,711,STOP LOSS
RELIANCE.NS,2024-01-29,2024-02-16,1437.4111328125,1449.843994140625,LONG,6266.162109375,504,SIGNAL REVERSAL
RELIANCE.NS,2024-03-28,2024-04-05,1474.933349609375,1449.3724365234375,LONG,-14671.964111328125,574,SIGNAL REVERSAL
RELIANCE.NS,2024-04-08,2024-04-09,1475.057373046875,1452.896484375,LONG,-13584.624755859375,613,SIGNAL REVERSAL
RELIANCE.NS,2024-04-10,2024-04-12,1468.7044677734375,1456.3707275390625,LONG,-7461.912841796875,605,SIGNAL REVERSAL
RELIANCE.NS,2024-05-22,2024-06-04,1449.9185791015625,1465.1825299821933,LONG,8883.61941252711,582,STOP LOSS
RELIANCE.NS,2024-06-07,2024-06-24,1459.1500244140625,1430.88427734375,LONG,-11306.298828125,400,SIGNAL REVERSAL
RELIANCE.NS,2024-06-26,2024-07-18,1502.9013671875,1575.0177001953125,LONG,33245.62951660156,461,SIGNAL REVERSAL
RELIANCE.NS,2024-08-26,2024-09-06,1506.5828857421875,1472.358377229054,LONG,-22690.84914420752,663,STOP LOSS
RELIANCE.NS,2024-09-25,2024-09-30,1488.0069580078125,1493.804698754808,LONG,4156.980115595764,717,STOP LOSS
RELIANCE.NS,2025-06-26,2025-07-11,1489.3516845703125,1506.9900791240143,LONG,10653.590310435888,604,STOP LOSS
RELIANCE.NS,2025-09-17,2025-09-17,1413.800048828125,1413.800048828125,LONG,0.0,784,END OF DATA
TCS.NS,2014-11-03,2014-12-05,1092.403076171875,1109.3644891712113,LONG,6072.185853762392,358,STOP LOSS
TCS.NS,2014-12-31,2015-01-06,1078.8663330078125,1045.1567682385096,LONG,-15068.175451878404,447,STOP LOSS
TCS.NS,2015-01-29,2015-02-10,1075.2783203125,1044.8556816852629,LONG,-14846.247650091715,488,STOP LOSS
TCS.NS,2015-02-16,2015-03-05,1092.2442626953125,1141.218164315691,LONG,19344.69114004949,395,STOP LOSS
TCS.NS,2015-04-08,2015-04-17,1116.160888671875,1078.5297549105462,LONG,-14901.928969486198,396,STOP LOSS
TCS.NS,2015-07-21,2015-07-22,1094.7662353515625,1080.5120849609375,LONG,-7070.05859375,496,SIGNAL REVERSAL
TCS.NS,2015-08-05,2015-08-14,1088.6754150390625,1153.44083003494,LONG,36462.92864267907,563,TAKE PROFIT
TCS.NS,2015-09-24,2015-10-08,1102.88720703125,1129.0538218122288,LONG,12167.475873155125,465,STOP LOSS
TCS.NS,2016-05-17,2016-05-23,1103.582763671875,1072.7361697730812,LONG,-15330.757167700518,497,STOP LOSS
TCS.NS,2016-05-30,2016-06-10,1132.0078125,1108.762939453125,LONG,-11087.804443359375,477,SIGNAL REVERSAL
TCS.NS,2016-06-20,2016-06-24,1153.6861572265625,1121.407985608069,LONG,-14912.515287743945,462,STOP LOSS
TCS.NS,2016-07-25,2016-08-17,1113.02783203125,1164.8727195771958,LONG,22345.146532302624,431,STOP LOSS
TCS.NS,2017-05-16,2017-05-25,1062.427734375,1133.9151789493071,LONG,37602.39584608554,526,TAKE PROFIT
TCS.NS,2017-06-06,2017-06-07,1179.1390380859375,1144.158415504578,LONG,-15601.357671286343,446,STOP LOSS
TCS.NS,2017-07-10,2017-07-27,1076.8709716796875,1112.5545654235736,LONG,16557.187497163173,464,STOP LOSS
TCS.NS,2017-09-14,2017-09-28,1102.967529296875,1098.3106689453125,LONG,-2677.6947021484375,575,SIGNAL REVERSAL
TCS.NS,2017-10-11,2017-11-06,1108.9102783203125,1172.4195892639582,LONG,38931.2076084548,613,TAKE PROFIT
TCS.NS,2017-11-07,2017-11-20,1205.1844482421875,1202.2493896484375,LONG,-1385.34765625,472,SIGNAL REVERSAL
TCS.NS,2017-12-26,2018-01-16,1178.2354736328125,1263.6496269663207,LONG,40315.48037341589,472,TAKE PROFIT
TCS.NS,2018-01-17,2018-01-22,1284.7432861328125,1386.857840855473,LONG,41866.96743629076,410,TAKE PROFIT
TCS.NS,2018-01-23,2018-02-06,1382.7589111328125,1381.9010844700388,LONG,-310.533251924091,362,STOP LOSS
TCS.NS,2018-03-05,2018-03-06,1384.475341796875,1356.3697509765625,LONG,-10033.695922851562,357,SIGNAL REVERSAL
TCS.NS,2018-04-11,2018-04-20,1343.5987548828125,1438.8774365318504,LONG,43065.96410536514,452,TAKE PROFIT
TCS.NS,2018-04-23,2018-05-07,1519.4527587890625,1531.0180086429018,LONG,3712.445203082417,321,STOP LOSS
TCS.NS,2018-06-13,2018-07-10,1639.7677001953125,1685.656591398099,LONG,17300.111983450493,377,STOP LOSS
TCS.NS,2018-07-12,2018-07-25,1772.137451171875,1784.8505859375,LONG,4475.0234375,352,SIGNAL REVERSAL
TCS.NS,2018-08-23,2018-09-07,1833.1318359375,1873.4405517578125,LONG,20960.5322265625,520,SIGNAL REVERSAL
TCS.NS,2018-09-24,2018-09-26,1980.2701416015625,1930.3537504768099,LONG,-18568.89749840798,372,STOP LOSS
TCS.NS,2018-11-28,2018-12-20,1790.7767333984375,1763.8323974609375,LONG,-6439.6962890625,239,SIGNAL REVERSAL
TCS.NS,2019-01-25,2019-02-06,1737.53564453125,1866.8124864243723,LONG,45376.17150448593,351,TAKE PROFIT
TCS.NS,2019-03-08,2019-03-13,1829.713134765625,1809.6312255859375,LONG,-6426.2109375,320,SIGNAL REVERSAL
TCS.NS,2019-03-15,2019-03-22,1845.317626953125,1814.2901611328125,LONG,-10052.89892578125,324,SIGNAL REVERSAL
TCS.NS,2019-04-02,2019-04-04,1880.912841796875,1823.8539252572975,LONG,-18601.206791902256,326,STOP LOSS
TCS.NS,2019-04-08,2019-04-12,1873.1787109375,1822.2955322265625,LONG,-15926.434936523438,313,SIGNAL REVERSAL
TCS.NS,2019-04-15,2019-05-03,1911.669189453125,1997.3937884557322,LONG,24174.33691873523,282,STOP LOSS
TCS.NS,2019-05-31,2019-06-26,1986.976318359375,2055.626708984375,LONG,18261.00390625,266,SIGNAL REVERSAL
TCS.NS,2019-07-30,2019-08-13,1991.829833984375,2012.4660764419418,LONG,6335.326434473014,307,STOP LOSS
TCS.NS,2019-08-23,2019-09-05,2054.487548828125,2024.8724365234375,LONG,-8588.382568359375,290,SIGNAL REVERSAL
TCS.NS,2019-10-29,2019-11-01,2011.0938720703125,2023.726048473342,LONG,3537.0093928482493,280,STOP LOSS
TCS.NS,2019-11-14,2019-11-15,2012.881103515625,1992.4017333984375,LONG,-5324.63623046875,260,SIGNAL REVERSAL
TCS.NS,2020-01-03,2020-01-13,2016.4083251953125,2015.412726215265,LONG,-285.73690727365806,287,STOP LOSS
TCS.NS,2020-01-16,2020-01-17,2051.3642578125,2033.3140869140625,LONG,-5739.954345703125,318,SIGNAL REVERSAL
TCS.NS,2020-02-12,2020-02-20,1993.528076171875,1988.0427444010447,LONG,-1629.1435359365905,297,STOP LOSS
TCS.NS,2020-07-29,2020-08-04,2116.4296875,2091.927490234375,LONG,-5267.972412109375,215,SIGNAL REVERSAL
TCS.NS,2020-08-07,2020-08-10,2134.37646484375,2122.705810546875,LONG,-2532.531982421875,217,SIGNAL REVERSAL
TCS.NS,2020-09-04,2020-09-14,2128.2861328125,2289.253514114399,LONG,46036.6710523431,286,TAKE PROFIT
TCS.NS,2020-09-15,2020-09-24,2316.67724609375,2241.2967067203713,LONG,-19071.27646146482,253,STOP LOSS
TCS.NS,2020-10-01,2020-10-08,2346.47900390625,2586.154778940747,LONG,46976.45190676138,196,TAKE PROFIT
TCS.NS,2020-10-09,2020-10-19,2615.6767578125,2532.137939453125,LONG,-14452.215576171875,173,SIGNAL REVERSAL
TCS.NS,2020-11-24,2020-12-31,2541.943115234375,2675.8522796727875,LONG,32673.836122972654,244,STOP LOSS
TCS.NS,2021-01-04,2021-01-20,2838.342529296875,3051.086743785539,LONG,49569.401975858724,233,TAKE PROFIT
TCS.NS,2021-03-23,2021-04-13,2940.251953125,3025.1300920812123,LONG,15447.821290030639,182,STOP LOSS
TCS.NS,2021-05-11,2021-05-12,2921.5390625,2888.7939453125,LONG,-7498.6318359375,229,SIGNAL REVERSAL
TCS.NS,2021-05-25,2021-06-24,2927.744873046875,3123.097732383863,LONG,51573.1548649648,264,TAKE PROFIT
TCS.NS,2021-06-25,2021-07-02,3178.587158203125,3126.5478515625,LONG,-13426.14111328125,258,SIGNAL REVERSAL
TCS.NS,2021-08-03,2021-08-17,3095.16259765625,3275.496210884604,LONG,53018.082289136044,294,TAKE PROFIT
TCS.NS,2021-08-18,2021-08-31,3354.891357421875,3554.437227170655,LONG,55074.66005066334,276,TAKE PROFIT
TCS.NS,2021-09-15,2021-09-17,3726.1337890625,3622.739175473538,LONG,-22850.209603160576,221,STOP LOSS
TCS.NS,2021-12-02,2021-12-06,3439.07080078125,3343.988436611194,LONG,-22534.520308303232,237,STOP LOSS
TCS.NS,2021-12-21,2022-01-04,3406.40673828125,3653.415180369472,LONG,55329.89102776177,224,TAKE PROFIT
TCS.NS,2022-01-05,2022-01-19,3644.92041015625,3710.777361363985,LONG,17320.37816763435,263,STOP LOSS
TCS.NS,2022-03-24,2022-04-11,3546.25732421875,3495.70947265625,LONG,-10615.048828125,210,SIGNAL REVERSAL
TCS.NS,2023-01-04,2023-01-06,3172.3203125,3096.128602741075,LONG,-23086.088056954228,303,STOP LOSS
TCS.NS,2023-01-09,2023-01-31,3177.392578125,3231.436050004584,LONG,13943.215744932699,258,STOP LOSS
TCS.NS,2023-02-03,2023-02-20,3340.69140625,3349.0894738192237,LONG,2259.0801761211787,269,STOP LOSS
TCS.NS,2023-07-06,2023-07-14,3211.481201171875,3365.990453541768,LONG,57477.44188160025,372,TAKE PROFIT
TCS.NS,2023-07-17,2023-07-21,3374.620849609375,3288.870581243438,LONG,-23838.574605730428,278,STOP LOSS
TCS.NS,2023-08-08,2023-08-10,3362.951171875,3335.335205078125,LONG,-8201.942138671875,297,SIGNAL REVERSAL
TCS.NS,2023-09-06,2023-09-18,3323.51318359375,3491.0459375730043,LONG,58468.93113875974,349,TAKE PROFIT
TCS.NS,2023-10-09,2023-10-12,3525.498291015625,3440.424618266678,LONG,-24245.99673344991,285,STOP LOSS
TCS.NS,2023-11-16,2023-12-13,3398.125732421875,3509.8942362719126,LONG,33977.62517041144,304,STOP LOSS
TCS.NS,2023-12-15,2024-01-01,3750.92236328125,3702.445068359375,LONG,-11876.937255859375,245,SIGNAL REVERSAL
TCS.NS,2024-01-15,2024-01-25,3792.501953125,3710.224365234375,LONG,-18265.62451171875,222,SIGNAL REVERSAL
TCS.NS,2024-02-05,2024-02-20,3868.943359375,3946.759560280963,LONG,17119.564199311833,220,STOP LOSS
TCS.NS,2024-03-14,2024-03-19,4097.0888671875,3967.7030079973392,LONG,-24195.155668560066,187,STOP LOSS
TCS.NS,2024-06-07,2024-07-10,3819.235595703125,3861.295533295219,LONG,8748.467019155505,208,STOP LOSS
TCS.NS,2024-07-15,2024-08-02,4089.20458984375,4230.340906880106,LONG,27662.718139125707,196,STOP LOSS
TCS.NS,2024-08-19,2024-09-03,4414.0771484375,4436.04931640625,LONG,4086.8232421875,186,SIGNAL REVERSAL
TCS.NS,2024-11-25,2024-12-17,4252.48388671875,4311.913901349685,LONG,10400.25256041365,175,STOP LOSS
TCS.NS,2025-01-13,2025-01-17,4228.83203125,4075.957539046967,LONG,-24612.793244688277,161,STOP LOSS
HDFCBANK.NS,2014-11-03,2014-12-03,199.46681213378906,204.9192911601248,LONG,15610.447452399216,2863,STOP LOSS
HDFCBANK.NS,2014-12-23,2015-01-06,210.2100372314453,206.37704467773438,LONG,-10912.529800415039,2847,SIGNAL REVERSAL
HDFCBANK.NS,2015-01-09,2015-01-23,213.69253540039062,226.8064095433408,LONG,37676.16041269587,2873,TAKE PROFIT
HDFCBANK.NS,2015-01-27,2015-02-09,235.2447052001953,228.85999260881238,LONG,-15629.776423705427,2448,STOP LOSS
HDFCBANK.NS,2015-05-20,2015-06-02,224.29339599609375,224.97841351737912,LONG,1544.7145104985188,2255,STOP LOSS
HDFCBANK.NS,2015-06-19,2015-07-13,225.7061004638672,241.46599820041905,LONG,38548.70986360586,2446,TAKE PROFIT
HDFCBANK.NS,2015-09-30,2015-10-30,235.8542938232422,242.65098571777344,LONG,13579.790405273438,1998,SIGNAL REVERSAL
HDFCBANK.NS,2015-11-30,2015-12-07,237.82933044433594,234.34268188476562,LONG,-9787.022506713867,2807,SIGNAL REVERSAL
HDFCBANK.NS,2015-12-17,2016-01-06,238.38099670410156,235.47915649414062,LONG,-8261.539077758789,2847,SIGNAL REVERSAL
HDFCBANK.NS,2016-05-26,2016-06-02,261.1102294921875,259.27862548828125,LONG,-4575.3468017578125,2498,SIGNAL REVERSAL
HDFCBANK.NS,2016-06-30,2016-07-25,263.9065246582031,279.21549735412117,LONG,39665.54825512365,2591,TAKE PROFIT
HDFCBANK.NS,2016-08-31,2016-09-14,289.6477966308594,284.7686767578125,LONG,-13310.239013671875,2728,SIGNAL REVERSAL
HDFCBANK.NS,2016-09-23,2016-09-26,294.4707336425781,290.7582092285156,LONG,-10666.082641601562,2873,SIGNAL REVERSAL
HDFCBANK.NS,2016-11-10,2016-11-17,286.81005859375,278.9549270985694,LONG,-16095.16443362508,2049,STOP LOSS
HDFCBANK.NS,2017-01-10,2017-01-25,272.4084167480469,286.4156594823534,LONG,39640.49693808752,2830,TAKE PROFIT
HDFCBANK.NS,2017-01-27,2017-02-13,289.8048400878906,293.909912109375,LONG,11637.879180908203,2835,SIGNAL REVERSAL
HDFCBANK.NS,2017-02-17,2017-03-02,308.9060363769531,310.4422278186484,LONG,3130.7581581749805,2038,STOP LOSS
HDFCBANK.NS,2017-03-21,2017-03-22,323.2403259277344,320.98590087890625,LONG,-6129.781707763672,2719,SIGNAL REVERSAL
HDFCBANK.NS,2017-04-21,2017-05-04,335.7239685058594,344.9473915090466,LONG,22929.42958592347,2486,STOP LOSS
HDFCBANK.NS,2017-05-25,2017-06-15,362.7663269042969,373.35443115234375,LONG,23537.355743408203,2223,SIGNAL REVERSAL
HDFCBANK.NS,2017-06-21,2017-06-22,381.0599670410156,380.9029846191406,LONG,-386.647705078125,2463,SIGNAL REVERSAL
HDFCBANK.NS,2017-07-20,2017-08-01,388.93133544921875,407.424500823014,LONG,43181.541147811906,2335,TAKE PROFIT
HDFCBANK.NS,2017-09-11,2017-09-22,414.4940490722656,416.7561077110634,LONG,4994.625474465503,2208,STOP LOSS
HDFCBANK.NS,2017-10-13,2017-10-25,420.734130859375,412.68724115362016,LONG,-17992.845382067815,2236,STOP LOSS
HDFCBANK.NS,2017-11-20,2017-12-05,417.8584899902344,413.8348388671875,LONG,-9033.096771240234,2245,SIGNAL REVERSAL
HDFCBANK.NS,2017-12-15,2018-01-01,425.883056640625,421.5752258300781,LONG,-8663.047760009766,2011,SIGNAL REVERSAL
HDFCBANK.NS,2018-01-15,2018-01-29,431.4071044921875,451.2084053137011,LONG,43642.06701061602,2204,TAKE PROFIT
HDFCBANK.NS,2018-02-27,2018-03-01,432.4982604980469,426.087646484375,LONG,-11692.9599609375,1824,SIGNAL REVERSAL
HDFCBANK.NS,2018-04-02,2018-04-04,439.0110778808594,428.869349906906,LONG,-17940.716785923527,1769,STOP LOSS
HDFCBANK.NS,2018-04-09,2018-04-25,440.7956848144531,436.63555908203125,LONG,-7342.621917724609,1765,SIGNAL REVERSAL
HDFCBANK.NS,2018-05-02,2018-05-21,447.7176513671875,455.5006418842233,LONG,12966.462201381617,1666,STOP LOSS
HDFCBANK.NS,2018-05-30,2018-05-31,465.6423645019531,491.75239942703416,LONG,44387.05937263776,1700,TAKE PROFIT
HDFCBANK.NS,2018-06-01,2018-06-04,485.96173095703125,472.8547204046546,LONG,-18415.349826089212,1405,STOP LOSS
HDFCBANK.NS,2018-06-25,2018-07-03,482.3583068847656,476.6596984863281,LONG,-9283.033081054688,1629,SIGNAL REVERSAL
HDFCBANK.NS,2018-07-05,2018-07-23,488.989501953125,496.51861572265625,LONG,12106.81494140625,1608,SIGNAL REVERSAL
HDFCBANK.NS,2018-12-18,2018-12-21,491.68341064453125,486.08837890625,LONG,-8325.4072265625,1488,SIGNAL REVERSAL
HDFCBANK.NS,2019-02-06,2019-02-18,488.7362060546875,481.195556640625,LONG,-13475.140502929688,1787,SIGNAL REVERSAL
HDFCBANK.NS,2019-02-25,2019-02-27,489.369384765625,481.73663330078125,LONG,-12807.756958007812,1678,SIGNAL REVERSAL
HDFCBANK.NS,2019-03-07,2019-03-15,489.62261962890625,516.1202440453684,LONG,44171.539902242395,1667,TAKE PROFIT
HDFCBANK.NS,2019-03-18,2019-04-04,520.6946411132812,525.8751831054688,LONG,8050.562255859375,1554,SIGNAL REVERSAL
HDFCBANK.NS,2019-05-02,2019-05-09,542.4185791015625,529.5980367613344,LONG,-18448.7604275883,1439,STOP LOSS
HDFCBANK.NS,2019-05-20,2019-05-23,560.0441284179688,546.1042177837425,LONG,-18163.70355639686,1303,STOP LOSS
HDFCBANK.NS,2019-05-28,2019-06-12,556.3255615234375,558.82373046875,LONG,2820.4327392578125,1129,SIGNAL REVERSAL
HDFCBANK.NS,2019-06-26,2019-07-08,575.3370971679688,562.4448680812889,LONG,-17945.982888658407,1392,STOP LOSS
HDFCBANK.NS,2019-09-20,2019-10-04,559.3212280273438,568.664044469081,LONG,8623.419575723461,923,STOP LOSS
HDFCBANK.NS,2019-11-11,2019-11-13,589.6978149414062,586.3408203125,LONG,-3585.270263671875,1068,SIGNAL REVERSAL
HDFCBANK.NS,2019-11-14,2019-11-20,593.9640502929688,593.7076416015625,LONG,-282.30596923828125,1101,SIGNAL REVERSAL
HDFCBANK.NS,2019-11-21,2019-11-22,598.3703002929688,589.6978149414062,LONG,-10432.999877929688,1203,SIGNAL REVERSAL
HDFCBANK.NS,2019-12-18,2019-12-31,602.56640625,593.124755859375,LONG,-12434.653564453125,1317,SIGNAL REVERSAL
HDFCBANK.NS,2020-01-14,2020-01-20,601.2377319335938,588.0628583446642,LONG,-17404.008010975984,1321,STOP LOSS
HDFCBANK.NS,2020-10-05,2020-10-09,519.5728759765625,566.1177023586326,LONG,42821.24027150453,920,TAKE PROFIT
HDFCBANK.NS,2020-10-12,2020-10-28,565.8720703125,563.9838256835938,LONG,-1605.0079345703125,850,SIGNAL REVERSAL
HDFCBANK.NS,2020-11-05,2020-11-10,591.772705078125,647.5881280054344,LONG,44373.261227211005,795,TAKE PROFIT
HDFCBANK.NS,2020-11-11,2020-12-01,648.0730590820312,668.2853393554688,LONG,15037.9365234375,744,SIGNAL REVERSAL
HDFCBANK.NS,2020-12-31,2021-01-04,669.6841430664062,660.2191162109375,LONG,-8102.06298828125,856,SIGNAL REVERSAL
HDFCBANK.NS,2021-01-11,2021-01-22,676.7478637695312,683.428955408727,LONG,5999.6202919977895,898,STOP LOSS
HDFCBANK.NS,2021-02-02,2021-02-18,727.6165161132812,734.8195608985803,LONG,4256.999468111759,591,STOP LOSS
HDFCBANK.NS,2021-05-18,2021-06-09,688.5209350585938,690.2962734316153,LONG,1287.120320440627,725,STOP LOSS
HDFCBANK.NS,2021-06-25,2021-07-02,706.4251708984375,696.246826171875,LONG,-10331.019897460938,1015,SIGNAL REVERSAL
HDFCBANK.NS,2021-07-06,2021-07-12,721.7846069335938,704.459201490695,LONG,-18538.18382390164,1070,STOP LOSS
HDFCBANK.NS,2021-07-16,2021-07-19,715.9762573242188,700.1092260811685,LONG,-18262.952960750885,1151,STOP LOSS
HDFCBANK.NS,2021-08-05,2021-09-02,698.3396606445312,746.1625609246998,LONG,44953.52626335848,940,TAKE PROFIT
HDFCBANK.NS,2021-09-27,2021-10-01,764.3006591796875,744.7597582012404,LONG,-18661.560434416977,955,STOP LOSS
HDFCBANK.NS,2021-10-06,2021-10-26,759.5034790039062,777.3046875,LONG,16216.900939941406,911,SIGNAL REVERSAL
HDFCBANK.NS,2022-01-04,2022-01-13,718.8922119140625,720.4271109848439,LONG,1478.1078051625084,963,STOP LOSS
HDFCBANK.NS,2022-09-14,2022-09-16,727.2984008789062,710.2179565429688,LONG,-18327.316772460938,1073,SIGNAL REVERSAL
HDFCBANK.NS,2022-11-01,2022-11-15,719.9713745117188,769.2815811241542,LONG,45957.112562789815,932,TAKE PROFIT
HDFCBANK.NS,2022-11-16,2022-11-28,776.8982543945312,761.3641357421875,LONG,-13499.149108886719,869,SIGNAL REVERSAL
HDFCBANK.NS,2023-01-19,2023-01-25,782.2269287109375,790.8555553850899,LONG,8076.394567006673,936,STOP LOSS
HDFCBANK.NS,2023-02-06,2023-02-20,785.86669921875,780.4427490234375,LONG,-4111.354248046875,758,SIGNAL REVERSAL
HDFCBANK.NS,2023-03-09,2023-03-10,775.8515014648438,757.077585957646,LONG,-18924.10683125537,1008,STOP LOSS
HDFCBANK.NS,2023-04-05,2023-04-18,786.8182373046875,790.9562351738865,LONG,3984.8919480386485,963,STOP LOSS
HDFCBANK.NS,2023-05-04,2023-05-05,822.0496215820312,804.7449167911898,LONG,-18706.38587889963,1081,STOP LOSS
HDFCBANK.NS,2023-06-21,2023-07-03,787.1069946289062,825.3746942886607,LONG,46036.04269068466,1203,TAKE PROFIT
HDFCBANK.NS,2023-07-04,2023-07-05,831.6692504882812,812.7349826694858,LONG,-19104.676229164594,1009,STOP LOSS
HDFCBANK.NS,2023-07-20,2023-07-28,812.6845703125,792.9754435917938,LONG,-18822.216018274416,955,STOP LOSS
HDFCBANK.NS,2023-09-12,2023-09-20,787.7326049804688,772.7276273524134,LONG,-18546.15234827644,1236,STOP LOSS
HDFCBANK.NS,2024-06-18,2024-07-02,795.1524658203125,851.3319501715403,LONG,45617.74129319694,812,TAKE PROFIT
HDFCBANK.NS,2024-07-03,2024-07-05,874.7023315429688,849.7985837064481,LONG,-18951.752103592225,761,STOP LOSS
HDFCBANK.NS,2024-08-02,2024-08-05,820.548095703125,799.084228515625,LONG,-17042.310546875,794,SIGNAL REVERSAL
HDFCBANK.NS,2024-08-09,2024-08-14,816.1217651367188,795.1524658203125,LONG,-15915.698181152344,759,SIGNAL REVERSAL
HDFCBANK.NS,2024-08-20,2024-08-23,809.9397583007812,803.6836547851562,LONG,-5111.236572265625,817,SIGNAL REVERSAL
HDFCBANK.NS,2024-09-05,2024-09-20,813.7725830078125,855.128988821732,LONG,45243.907960427976,1094,TAKE PROFIT
HDFCBANK.NS,2024-09-23,2024-10-01,870.3255004882812,853.8644365969103,LONG,-18765.612836162873,1140,STOP LOSS
HDFCBANK.NS,2024-10-21,2024-11-12,854.9446411132812,855.263108625664,LONG,244.90151702234812,769,STOP LOSS
HDFCBANK.NS,2024-11-25,2024-12-17,883.0850830078125,906.65087890625,LONG,16472.491333007812,699,SIGNAL REVERSAL
HDFCBANK.NS,2025-02-19,2025-02-24,854.2028198242188,832.4963387132939,LONG,-18732.693198728164,863,STOP LOSS
HDFCBANK.NS,2025-02-28,2025-03-05,856.7745971679688,835.8052368164062,LONG,-17257.783569335938,823,SIGNAL REVERSAL
HDFCBANK.NS,2025-03-25,2025-04-01,900.8150634765625,880.0578854361777,LONG,-18204.045141417482,877,STOP LOSS
HDFCBANK.NS,2025-04-15,2025-04-25,922.3037109375,947.3867547609669,LONG,15852.483696431103,632,STOP LOSS
HDFCBANK.NS,2025-06-06,2025-06-12,978.58447265625,961.1265869140625,LONG,-13879.019165039062,795,SIGNAL REVERSAL
HDFCBANK.NS,2025-06-25,2025-07-11,979.3263549804688,991.8499755859375,LONG,11233.687683105469,897,SIGNAL REVERSAL
HDFCBANK.NS,2025-07-30,2025-07-31,1012.9000244140625,1009.0999755859375,LONG,-3602.4462890625,948,SIGNAL REVERSAL
INFY.NS,2014-10-30,2014-11-21,380.4176330566406,399.6575622558594,LONG,22780.076171875,1184,SIGNAL REVERSAL
INFY.NS,2014-11-25,2014-12-02,414.79595947265625,409.9764404296875,LONG,-6299.111389160156,1307,SIGNAL REVERSAL
INFY.NS,2015-01-09,2015-01-27,399.9226379394531,415.66832223280284,LONG,15619.718819002914,992,STOP LOSS
INFY.NS,2015-02-06,2015-02-23,430.0067138671875,437.417170528646,LONG,8381.226484109577,1131,STOP LOSS
INFY.NS,2015-04-10,2015-04-17,430.6718444824219,420.1264953613281,LONG,-11821.336364746094,1121,SIGNAL REVERSAL
INFY.NS,2015-08-19,2015-08-24,460.1292419433594,440.29227408168026,LONG,-15413.324028524672,777,STOP LOSS
INFY.NS,2015-09-18,2015-10-07,432.299560546875,447.0491055725461,LONG,12374.868276538074,839,STOP LOSS
INFY.NS,2015-10-23,2015-11-04,454.2287902832031,449.053955078125,LONG,-4217.490692138672,815,SIGNAL REVERSAL
INFY.NS,2015-12-17,2016-01-05,437.3219909667969,424.2667541503906,LONG,-14256.318603515625,1092,SIGNAL REVERSAL
INFY.NS,2016-01-14,2016-02-09,447.552978515625,452.8893684994789,LONG,4631.98650598519,868,STOP LOSS
INFY.NS,2016-03-02,2016-03-15,456.6382751464844,448.1059265136719,LONG,-7124.5111083984375,835,SIGNAL REVERSAL
INFY.NS,2016-03-16,2016-04-06,455.2359313964844,477.4672915786599,LONG,18963.35023539573,853,STOP LOSS
INFY.NS,2016-04-20,2016-04-25,491.2416687011719,480.2799987792969,LONG,-8769.3359375,800,SIGNAL REVERSAL
INFY.NS,2016-04-26,2016-04-28,486.71875,477.6334228515625,LONG,-7513.5655517578125,827,SIGNAL REVERSAL
INFY.NS,2016-05-26,2016-06-08,487.5087890625,489.6178102798321,LONG,2383.1939755852723,1130,STOP LOSS
INFY.NS,2017-08-01,2017-08-04,412.3680114746094,403.42803955078125,LONG,-10164.748077392578,1137,SIGNAL REVERSAL
INFY.NS,2017-08-17,2017-08-18,418.6424560546875,405.1923002361958,LONG,-14983.473581799732,1114,STOP LOSS
INFY.NS,2017-12-08,2017-12-19,416.5870666503906,417.460205078125,LONG,1114.1246337890625,1276,SIGNAL REVERSAL
INFY.NS,2017-12-21,2018-01-02,424.9864501953125,428.16748046875,LONG,3973.1068115234375,1249,SIGNAL REVERSAL
INFY.NS,2018-01-11,2018-01-17,447.3367004394531,477.85708700791776,LONG,37082.26968068453,1215,TAKE PROFIT
INFY.NS,2018-01-18,2018-01-31,479.31304931640625,479.70776334485015,LONG,403.39773706966594,1022,STOP LOSS
INFY.NS,2018-02-28,2018-03-06,487.587890625,478.75177001953125,LONG,-7793.4583740234375,882,SIGNAL REVERSAL
INFY.NS,2018-03-12,2018-03-19,493.0558776855469,477.30985805849326,LONG,-15289.385057869058,971,STOP LOSS
INFY.NS,2018-04-13,2018-04-16,487.10968017578125,471.2693323967919,LONG,-15048.33039003986,950,STOP LOSS
INFY.NS,2018-04-20,2018-05-10,490.0204162597656,485.6751708984375,LONG,-3563.1011962890625,820,SIGNAL REVERSAL
INFY.NS,2018-05-14,2018-05-18,494.5321350097656,491.9955139160156,LONG,-2356.52099609375,929,SIGNAL REVERSAL
INFY.NS,2018-05-24,2018-06-19,507.7134094238281,528.5476267370764,LONG,19875.843316838826,954,STOP LOSS
INFY.NS,2018-06-26,2018-07-05,540.037109375,559.0814586336628,LONG,18758.684019782864,985,STOP LOSS
INFY.NS,2018-07-23,2018-07-31,573.0431518554688,576.9100341796875,LONG,2637.2137451171875,682,SIGNAL REVERSAL
INFY.NS,2018-08-13,2018-08-21,595.357177734375,584.8763427734375,LONG,-9443.232299804688,901,SIGNAL REVERSAL
INFY.NS,2018-08-31,2018-09-17,609.0287475585938,613.5929565429688,LONG,3870.44921875,848,SIGNAL REVERSAL
INFY.NS,2018-12-04,2018-12-18,585.4995727539062,584.0995478374086,LONG,-872.2155229780135,623,STOP LOSS
INFY.NS,2019-01-07,2019-01-16,573.9219360351562,625.2685588997115,LONG,38150.54078836454,743,TAKE PROFIT
INFY.NS,2019-01-17,2019-01-30,626.59765625,620.2321166992188,LONG,-4831.444519042969,759,SIGNAL REVERSAL
INFY.NS,2019-01-31,2019-02-12,640.4395751953125,641.20849609375,LONG,581.30419921875,756,SIGNAL REVERSAL
INFY.NS,2019-03-20,2019-04-11,631.3825073242188,641.5312488683976,LONG,8717.76898644963,859,STOP LOSS
INFY.NS,2019-05-30,2019-06-26,626.7685546875,641.3015009020509,LONG,12367.537228582783,851,STOP LOSS
INFY.NS,2019-07-15,2019-08-01,675.3081665039062,666.2098999023438,LONG,-7196.7288818359375,791,SIGNAL REVERSAL
INFY.NS,2019-08-22,2019-09-11,689.4755249023438,712.1831777579083,LONG,18484.02942442955,814,STOP LOSS
INFY.NS,2020-02-18,2020-02-26,699.865234375,686.7918701171875,LONG,-12027.4951171875,920,SIGNAL REVERSAL
INFY.NS,2020-07-16,2020-08-04,810.2000122070312,844.7513427734375,LONG,13336.813598632812,386,SIGNAL REVERSAL
INFY.NS,2020-09-14,2020-09-24,870.1423950195312,881.2378450516848,LONG,6058.1157175558155,546,STOP LOSS
INFY.NS,2020-10-06,2020-10-13,938.933837890625,1026.0014538287442,LONG,40921.77949091601,470,TAKE PROFIT
INFY.NS,2020-11-14,2020-11-17,1018.8652954101562,1010.10107421875,LONG,-3540.745361328125,404,SIGNAL REVERSAL
INFY.NS,2020-12-07,2020-12-23,1027.8994140625,1123.2084383522906,LONG,42317.20678466703,444,TAKE PROFIT
INFY.NS,2020-12-24,2021-01-07,1111.09326171875,1135.9489235062226,LONG,11060.769495425318,445,STOP LOSS
INFY.NS,2021-01-11,2021-01-18,1237.07470703125,1194.062605780291,LONG,-17720.985715395087,412,STOP LOSS
INFY.NS,2021-03-03,2021-03-18,1207.7257080078125,1214.4123387456361,LONG,2688.025556605101,402,STOP LOSS
INFY.NS,2021-04-05,2021-04-13,1267.3680419921875,1261.4595980103554,LONG,-2304.2931529145108,390,STOP LOSS
INFY.NS,2021-05-26,2021-06-15,1255.9969482421875,1336.3821550667226,LONG,43649.167305722556,543,TAKE PROFIT
INFY.NS,2021-06-16,2021-06-25,1345.2828369140625,1421.417409403779,LONG,45300.070631381284,595,TAKE PROFIT
INFY.NS,2021-08-02,2021-08-17,1482.4368896484375,1566.0298174518848,LONG,46979.225425537385,562,TAKE PROFIT
INFY.NS,2021-09-24,2021-09-28,1602.6456298828125,1562.4946365913092,LONG,-19513.382739670582,486,STOP LOSS
INFY.NS,2021-10-14,2021-10-21,1558.9415283203125,1609.4603843499453,LONG,18540.420162875253,367,STOP LOSS
INFY.NS,2021-11-09,2021-11-23,1597.278076171875,1603.3584276623474,LONG,2316.613917869972,381,STOP LOSS
INFY.NS,2021-12-09,2022-01-05,1616.482177734375,1704.423626339295,LONG,33241.86757265975,378,STOP LOSS
INFY.NS,2022-01-14,2022-01-19,1768.5557861328125,1717.0438448239086,LONG,-19986.63322785473,388,STOP LOSS
INFY.NS,2022-03-09,2022-04-05,1662.223388671875,1705.993896484375,LONG,13218.693359375,302,SIGNAL REVERSAL
INFY.NS,2023-01-24,2023-02-07,1453.3397216796875,1465.5952193731273,LONG,6434.136289055891,525,STOP LOSS
INFY.NS,2023-02-09,2023-02-13,1514.3052978515625,1472.3414701919642,LONG,-20016.745793628408,477,STOP LOSS
INFY.NS,2023-10-11,2023-10-12,1418.3018798828125,1390.8736572265625,LONG,-15414.6611328125,562,SIGNAL REVERSAL
INFY.NS,2023-11-16,2023-12-13,1389.0723876953125,1409.0751446122879,LONG,11061.52457508739,553,STOP LOSS
INFY.NS,2023-12-15,2024-01-01,1517.414306640625,1491.409423828125,LONG,-11910.236328125,458,SIGNAL REVERSAL
INFY.NS,2024-01-15,2024-02-09,1588.2666015625,1620.7575574028658,LONG,11371.834544128034,350,STOP LOSS
INFY.NS,2024-07-15,2024-07-23,1664.4136962890625,1777.9240910304843,LONG,49036.49052829422,432,TAKE PROFIT
INFY.NS,2024-08-22,2024-08-23,1833.2877197265625,1815.5909423828125,LONG,-7237.98193359375,409,SIGNAL REVERSAL
INFY.NS,2024-08-27,2024-09-04,1852.641845703125,1876.8558280511784,LONG,10266.728515574632,424,STOP LOSS
INFY.NS,2024-10-08,2024-10-18,1899.8818359375,1842.7918344434856,LONG,-20381.130533363124,357,STOP LOSS
INFY.NS,2024-11-25,2024-12-19,1863.4805908203125,1923.6291992194667,LONG,19247.554687729353,320,STOP LOSS
INFY.NS,2025-01-10,2025-01-16,1939.65869140625,1901.69287109375,LONG,-11921.267578125,314,SIGNAL REVERSAL
INFY.NS,2025-02-06,2025-02-13,1889.070556640625,1825.3693032731137,LONG,-20193.29731750108,317,STOP LOSS
ICICIBANK.NS,2014-10-29,2014-11-20,268.0432434082031,281.74713134765625,LONG,23748.837799072266,1733,SIGNAL REVERSAL
ICICIBANK.NS,2014-11-21,2014-11-26,288.8828430175781,289.32397293482046,LONG,841.6758820983762,1908,STOP LOSS
ICICIBANK.NS,2014-12-01,2014-12-09,293.4647216796875,295.18519280174564,LONG,3050.395299409088,1773,STOP LOSS
ICICIBANK.NS,2015-01-02,2015-01-06,302.3697204589844,291.97364780441717,LONG,-15406.9796740686,1482,STOP LOSS
ICICIBANK.NS,2015-01-19,2015-01-30,301.1178283691406,310.87500828453784,LONG,12196.474894246521,1250,STOP LOSS
ICICIBANK.NS,2015-03-02,2015-03-09,291.3114318847656,277.9982624731065,LONG,-15363.397501054655,1154,STOP LOSS
ICICIBANK.NS,2015-04-28,2015-05-07,272.78369140625,260.51153186327065,LONG,-15131.572716493542,1233,STOP LOSS
ICICIBANK.NS,2016-07-28,2016-07-29,235.6627960205078,227.7784881591797,LONG,-12133.949798583984,1539,SIGNAL REVERSAL
ICICIBANK.NS,2016-08-19,2016-08-25,219.98085021972656,213.95932006835938,LONG,-10080.041473388672,1674,SIGNAL REVERSAL
ICICIBANK.NS,2016-08-29,2016-09-07,217.03506469726562,237.34230586026214,LONG,36431.19064641576,1794,TAKE PROFIT
ICICIBANK.NS,2016-09-08,2016-09-26,239.4316864013672,230.71918854339077,LONG,-15116.183783589082,1735,STOP LOSS
ICICIBANK.NS,2016-10-18,2016-10-26,234.2332305908203,241.99927423780366,LONG,11027.781978716355,1420,STOP LOSS
ICICIBANK.NS,2016-11-08,2016-11-11,245.36660766601562,241.90885682638688,LONG,-4723.287646932865,1366,STOP LOSS
ICICIBANK.NS,2016-12-09,2016-12-16,232.58705139160156,221.4537353515625,LONG,-14840.71028137207,1333,SIGNAL REVERSAL
ICICIBANK.NS,2017-01-11,2017-01-24,229.3380126953125,222.79664611816406,LONG,-12500.551528930664,1911,SIGNAL REVERSAL
ICICIBANK.NS,2017-01-27,2017-02-15,235.6627960205078,243.62894954501107,LONG,14123.990198944271,1773,STOP LOSS
ICICIBANK.NS,2017-03-16,2017-03-20,246.49288940429688,238.30535888671875,LONG,-14377.303588867188,1756,SIGNAL REVERSAL
ICICIBANK.NS,2017-03-29,2017-04-20,244.50013732910156,236.3126220703125,LONG,-14172.588912963867,1731,SIGNAL REVERSAL
ICICIBANK.NS,2017-05-04,2017-06-06,258.0161437988281,276.3406982421875,LONG,26424.00750732422,1442,SIGNAL REVERSAL
ICICIBANK.NS,2017-07-14,2017-07-28,286.4805603027344,291.8198333816285,LONG,10016.476296005349,1876,STOP LOSS
ICICIBANK.NS,2017-08-24,2017-09-06,285.9523010253906,283.69500732421875,LONG,-3334.0227966308594,1477,SIGNAL REVERSAL
ICICIBANK.NS,2017-10-25,2017-11-22,293.6365966796875,306.3156433105469,LONG,14149.816040039062,1116,SIGNAL REVERSAL
ICICIBANK.NS,2017-12-20,2018-01-02,303.3379821777344,297.4787292480469,LONG,-7734.2138671875,1320,SIGNAL REVERSAL
ICICIBANK.NS,2018-01-15,2018-01-23,316.3052673339844,339.84233211538105,LONG,37376.85887285793,1588,TAKE PROFIT
ICICIBANK.NS,2018-10-30,2018-11-21,333.54180908203125,344.20318603515625,LONG,8155.953369140625,765,SIGNAL REVERSAL
ICICIBANK.NS,2018-12-19,2018-12-24,353.6103210449219,341.0743381656355,LONG,-15632.370650470133,1247,STOP LOSS
ICICIBANK.NS,2018-12-31,2019-01-18,347.483642578125,359.2191751611275,LONG,15831.233454470384,1349,STOP LOSS
ICICIBANK.NS,2019-03-05,2019-03-15,350.4746398925781,381.14186653418534,LONG,39100.7139680492,1275,TAKE PROFIT
ICICIBANK.NS,2019-04-30,2019-05-02,393.1683349609375,381.6386413574219,LONG,-14642.710876464844,1270,SIGNAL REVERSAL
ICICIBANK.NS,2019-05-20,2019-06-04,393.361328125,405.99067316856537,LONG,12793.526529131716,1013,STOP LOSS
ICICIBANK.NS,2019-06-21,2019-07-04,415.6488952636719,420.8590087890625,LONG,5793.646240234375,1112,SIGNAL REVERSAL
ICICIBANK.NS,2019-07-30,2019-08-02,411.39324951171875,397.23087734654456,LONG,-16286.72798995032,1150,STOP LOSS
ICICIBANK.NS,2019-08-19,2019-08-22,409.5072021484375,394.4561285464981,LONG,-16029.393386065438,1065,STOP LOSS
ICICIBANK.NS,2019-09-20,2019-09-30,403.80078125,419.5752360578828,LONG,12998.150761695442,824,STOP LOSS
ICICIBANK.NS,2019-10-16,2019-11-08,421.0167541503906,472.3772322541689,LONG,39958.451964739514,778,TAKE PROFIT
ICICIBANK.NS,2019-11-11,2019-11-21,480.498779296875,481.9012145996094,LONG,1256.58203125,896,SIGNAL REVERSAL
ICICIBANK.NS,2019-11-28,2019-12-02,502.1155090332031,494.1361389160156,LONG,-7333.0411376953125,919,SIGNAL REVERSAL
ICICIBANK.NS,2019-12-04,2019-12-19,511.8839416503906,522.4747924804688,LONG,9881.26382446289,933,SIGNAL REVERSAL
ICICIBANK.NS,2020-02-06,2020-02-24,523.8287963867188,512.46435546875,LONG,-10773.489990234375,948,SIGNAL REVERSAL
ICICIBANK.NS,2020-11-09,2020-11-19,447.5177307128906,463.23636596742233,LONG,11285.980112753765,718,STOP LOSS
ICICIBANK.NS,2020-12-08,2020-12-17,491.7181396484375,493.6525573730469,LONG,1553.3374328613281,803,SIGNAL REVERSAL
ICICIBANK.NS,2020-12-31,2021-01-01,517.49365234375,510.19140625,LONG,-6666.95068359375,913,SIGNAL REVERSAL
ICICIBANK.NS,2021-01-05,2021-01-15,519.6215209960938,525.182861328125,LONG,5016.3289794921875,902,SIGNAL REVERSAL
ICICIBANK.NS,2021-02-01,2021-02-15,583.9878540039062,650.4081608963356,LONG,41645.532421553224,627,TAKE PROFIT
ICICIBANK.NS,2021-04-28,2021-06-04,600.9619140625,621.6114501953125,LONG,11501.791625976562,557,SIGNAL REVERSAL
ICICIBANK.NS,2021-07-06,2021-07-09,628.9619750976562,617.59765625,LONG,-11114.303833007812,978,SIGNAL REVERSAL
ICICIBANK.NS,2021-07-12,2021-07-20,625.0449829101562,631.5045691528516,LONG,6414.3691389964415,993,STOP LOSS
ICICIBANK.NS,2021-07-23,2021-08-11,654.447509765625,676.0866955707429,LONG,18609.6997924014,860,STOP LOSS
ICICIBANK.NS,2021-08-31,2021-09-13,697.4925537109375,686.1918334960938,LONG,-10227.151794433594,905,SIGNAL REVERSAL
ICICIBANK.NS,2021-10-14,2021-10-25,705.4952392578125,755.7367278041677,LONG,43760.33652387537,871,TAKE PROFIT
ICICIBANK.NS,2021-10-26,2021-11-03,804.5341796875,773.3717288891635,LONG,-18167.708815430193,583,STOP LOSS
ICICIBANK.NS,2021-12-09,2021-12-20,732.36474609375,703.6538325100895,LONG,-17886.89916262049,623,STOP LOSS
ICICIBANK.NS,2022-01-03,2022-01-21,741.77392578125,780.6095687549505,LONG,27573.306511327348,710,STOP LOSS
ICICIBANK.NS,2022-04-04,2022-04-26,724.216552734375,731.1521606445312,LONG,4480.4027099609375,646,SIGNAL REVERSAL
ICICIBANK.NS,2022-08-10,2022-08-22,828.2446899414062,847.0942208532116,LONG,15795.906904092879,838,STOP LOSS
ICICIBANK.NS,2022-09-14,2022-09-16,895.9192504882812,887.1365966796875,LONG,-6709.947509765625,764,SIGNAL REVERSAL
ICICIBANK.NS,2022-10-18,2022-11-09,875.2315063476562,888.5028686523438,LONG,8666.199584960938,653,SIGNAL REVERSAL
ICICIBANK.NS,2022-11-21,2022-12-02,899.1395263671875,911.8092763147725,LONG,9819.05620937841,775,STOP LOSS
ICICIBANK.NS,2023-03-03,2023-03-10,847.56640625,824.025878267412,LONG,-18502.854994314126,786,STOP LOSS
ICICIBANK.NS,2023-03-22,2023-03-27,839.4180908203125,828.1959228515625,LONG,-8214.626953125,732,SIGNAL REVERSAL
ICICIBANK.NS,2023-05-19,2023-05-22,931.2446899414062,927.39013671875,LONG,-3499.934326171875,908,SIGNAL REVERSAL
ICICIBANK.NS,2023-07-03,2023-07-20,919.7785034179688,965.2780220279549,LONG,45135.52246110624,992,TAKE PROFIT
ICICIBANK.NS,2023-07-21,2023-08-03,972.9130859375,951.6351150871849,LONG,-18745.892319127615,881,STOP LOSS
ICICIBANK.NS,2023-08-28,2023-08-30,954.89794921875,943.4359130859375,LONG,-10556.535278320312,921,SIGNAL REVERSAL
ICICIBANK.NS,2023-09-04,2023-09-06,951.7495727539062,942.0584716796875,LONG,-8663.844360351562,894,SIGNAL REVERSAL
ICICIBANK.NS,2023-09-08,2023-09-21,954.89794921875,960.5098646544227,LONG,4983.380906877357,888,STOP LOSS
ICICIBANK.NS,2023-12-01,2023-12-05,931.4326171875,977.8036966036843,LONG,45629.14214552538,984,TAKE PROFIT
ICICIBANK.NS,2023-12-06,2023-12-19,987.0706176757812,1001.4109582733707,LONG,11644.356565242664,812,STOP LOSS
ICICIBANK.NS,2024-01-16,2024-01-17,992.777099609375,970.3584121534126,LONG,-19100.721712479975,852,STOP LOSS
ICICIBANK.NS,2024-01-23,2024-02-08,1012.45458984375,982.116745682481,LONG,-18809.46337998678,620,STOP LOSS
ICICIBANK.NS,2024-02-19,2024-03-14,1026.91748046875,1066.124755859375,LONG,21250.34326171875,542,SIGNAL REVERSAL
ICICIBANK.NS,2024-04-10,2024-04-15,1091.5087890625,1063.713160105907,LONG,-18845.43643257003,678,STOP LOSS
ICICIBANK.NS,2024-04-25,2024-05-07,1095.78857421875,1114.6686273507269,LONG,11667.872835561702,618,STOP LOSS
ICICIBANK.NS,2024-06-19,2024-07-16,1125.993408203125,1219.9041748046875,LONG,41790.29113769531,445,SIGNAL REVERSAL
ICICIBANK.NS,2024-08-22,2024-09-06,1181.979736328125,1213.547990304012,LONG,18404.292067942148,583,STOP LOSS
ICICIBANK.NS,2024-09-13,2024-09-20,1240.7760009765625,1318.3610887063012,LONG,49111.36053292459,633,TAKE PROFIT
ICICIBANK.NS,2024-09-23,2024-09-30,1311.7781982421875,1274.898595274741,LONG,-20357.540838030494,552,STOP LOSS
ICICIBANK.NS,2024-10-28,2024-10-31,1282.95068359375,1287.6494472133938,LONG,2307.0929372451264,491,STOP LOSS
ICICIBANK.NS,2024-11-25,2024-12-18,1290.9886474609375,1310.0847885147455,LONG,9700.839655334448,508,STOP LOSS
ICICIBANK.NS,2025-03-11,2025-03-20,1235.864013671875,1311.240666403905,LONG,50653.11063592411,672,TAKE PROFIT
ICICIBANK.NS,2025-03-21,2025-04-07,1332.81591796875,1301.1899540494483,LONG,-20999.640042416355,664,STOP LOSS
ICICIBANK.NS,2025-04-17,2025-05-08,1395.9288330078125,1424.5084228515625,LONG,14318.37451171875,501,SIGNAL REVERSAL
ICICIBANK.NS,2025-06-27,2025-07-02,1451.00390625,1419.91418750483,LONG,-20923.38071549948,673,STOP LOSS
ICICIBANK.NS,2025-07-04,2025-07-10,1431.7525634765625,1413.1956787109375,LONG,-12006.304443359375,647,SIGNAL REVERSAL
ICICIBANK.NS,2025-07-21,2025-08-05,1454.576416015625,1433.3402099609375,LONG,-14801.635620117188,697,SIGNAL REVERSAL
HINDUNILVR.NS,2014-11-03,2014-11-18,624.9970092773438,636.0093493395103,LONG,7620.539323019268,692,STOP LOSS
HINDUNILVR.NS,2014-11-26,2014-12-04,650.2554321289062,696.0730523812847,LONG,37753.71908795984,824,TAKE PROFIT
HINDUNILVR.NS,2015-01-07,2015-01-09,677.4147338867188,727.771852125557,LONG,39177.83798981613,778,TAKE PROFIT
HINDUNILVR.NS,2015-01-12,2015-01-19,757.4136352539062,771.1248258872153,LONG,8747.739624051143,638,STOP LOSS
HINDUNILVR.NS,2015-03-05,2015-03-13,793.8229370117188,796.6913235241856,LONG,1442.7984157708142,503,STOP LOSS
HINDUNILVR.NS,2015-04-09,2015-04-20,782.6297607421875,778.3813242067556,LONG,-2349.3854040938368,553,STOP LOSS
HINDUNILVR.NS,2015-06-19,2015-07-10,732.1917724609375,771.70285108335,LONG,24220.291195538844,613,STOP LOSS
HINDUNILVR.NS,2015-07-14,2015-07-17,791.60693359375,789.0460205078125,LONG,-1559.5960693359375,609,SIGNAL REVERSAL
HINDUNILVR.NS,2016-04-13,2016-04-28,772.7369995117188,754.2728881835938,LONG,-12684.844482421875,687,SIGNAL REVERSAL
HINDUNILVR.NS,2016-05-27,2016-06-13,741.3179931640625,752.861660482768,LONG,8299.896802149256,719,STOP LOSS
HINDUNILVR.NS,2016-06-28,2016-07-19,772.6060180664062,801.3533554880851,LONG,20266.87288228357,705,STOP LOSS
HINDUNILVR.NS,2016-08-09,2016-08-10,813.0748901367188,804.981201171875,LONG,-6458.7637939453125,798,SIGNAL REVERSAL
HINDUNILVR.NS,2016-08-11,2016-08-16,814.2933349609375,806.0689086914062,LONG,-6653.560852050781,809,SIGNAL REVERSAL
HINDUNILVR.NS,2016-09-06,2016-09-14,816.2079467773438,795.7898305945574,LONG,-16763.27338606757,821,STOP LOSS
HINDUNILVR.NS,2017-03-29,2017-04-12,800.8915405273438,810.7210693359375,LONG,8561.519592285156,871,SIGNAL REVERSAL
HINDUNILVR.NS,2017-04-27,2017-05-17,831.3895263671875,880.67659770667,LONG,41598.288210523235,844,TAKE PROFIT
HINDUNILVR.NS,2017-05-23,2017-06-05,899.4069213867188,962.7804563165562,LONG,43157.37728721929,681,TAKE PROFIT
HINDUNILVR.NS,2017-07-13,2017-07-28,1004.803466796875,1021.7611694335938,LONG,11259.91455078125,664,SIGNAL REVERSAL
HINDUNILVR.NS,2017-08-04,2017-08-10,1055.6326904296875,1036.6822509765625,LONG,-11142.8583984375,588,SIGNAL REVERSAL
HINDUNILVR.NS,2017-08-31,2017-09-04,1080.1173095703125,1060.1044921875,LONG,-11527.3828125,576,SIGNAL REVERSAL
HINDUNILVR.NS,2017-09-12,2017-09-22,1106.7271728515625,1108.4063251304574,LONG,999.0956059424593,595,STOP LOSS
HINDUNILVR.NS,2017-10-13,2017-10-23,1105.6644287109375,1108.5755361052784,LONG,1569.0868855497388,539,STOP LOSS
HINDUNILVR.NS,2017-11-10,2017-11-23,1150.3375244140625,1129.7042236328125,LONG,-9738.91796875,472,SIGNAL REVERSAL
HINDUNILVR.NS,2017-12-08,2018-01-02,1182.423828125,1193.0748291015625,LONG,5613.0775146484375,527,SIGNAL REVERSAL
HINDUNILVR.NS,2018-01-30,2018-01-31,1248.0224609375,1220.48193359375,LONG,-14651.560546875,532,SIGNAL REVERSAL
HINDUNILVR.NS,2018-04-02,2018-04-17,1204.3939208984375,1283.298535673647,LONG,43713.15658546603,554,TAKE PROFIT
HINDUNILVR.NS,2018-04-18,2018-05-02,1292.8094482421875,1318.2292441074835,LONG,15302.717110908197,602,STOP LOSS
HINDUNILVR.NS,2018-05-16,2018-05-24,1402.9722900390625,1396.2680534322249,LONG,-2963.2725802222367,442,STOP LOSS
HINDUNILVR.NS,2018-07-02,2018-07-17,1475.8355712890625,1539.801348958862,LONG,27953.044841702398,437,STOP LOSS
HINDUNILVR.NS,2018-08-01,2018-08-14,1557.4195556640625,1566.3548583984375,LONG,3207.773681640625,359,SIGNAL REVERSAL
HINDUNILVR.NS,2018-08-17,2018-08-21,1602.7244873046875,1573.763427734375,LONG,-11555.462768554688,399,SIGNAL REVERSAL
HINDUNILVR.NS,2018-08-23,2018-08-28,1591.9930419921875,1590.55615234375,LONG,-580.50341796875,404,SIGNAL REVERSAL
HINDUNILVR.NS,2018-11-02,2018-12-03,1479.74267578125,1631.8363098743303,LONG,46540.652032482554,306,TAKE PROFIT
HINDUNILVR.NS,2018-12-04,2018-12-19,1632.552978515625,1666.1044921875,LONG,10468.072265625,312,SIGNAL REVERSAL
HINDUNILVR.NS,2019-02-01,2019-02-12,1625.011962890625,1626.5517543363242,LONG,637.4736585194546,414,STOP LOSS
HINDUNILVR.NS,2019-04-16,2019-05-03,1570.146484375,1536.95262958984,LONG,-19484.792758888954,587,STOP LOSS
HINDUNILVR.NS,2019-05-28,2019-06-17,1604.781494140625,1641.94580078125,LONG,15497.515869140625,417,SIGNAL REVERSAL
HINDUNILVR.NS,2019-08-07,2019-08-28,1616.6986083984375,1668.2415079206141,LONG,19483.21601938277,378,STOP LOSS
HINDUNILVR.NS,2019-09-20,2019-09-30,1791.8084716796875,1809.498695856296,LONG,5625.491288161529,318,STOP LOSS
HINDUNILVR.NS,2019-10-15,2019-11-05,1877.908203125,1986.1949462890625,LONG,34326.89758300781,317,SIGNAL REVERSAL
HINDUNILVR.NS,2020-01-15,2020-01-31,1848.5787353515625,1866.5056559119864,LONG,9160.656406376625,511,STOP LOSS
HINDUNILVR.NS,2020-02-04,2020-02-24,1971.0614013671875,2043.2491298886052,LONG,26709.459552924563,370,STOP LOSS
HINDUNILVR.NS,2020-03-26,2020-04-23,2006.99658203125,2119.101318359375,LONG,13452.568359375,120,SIGNAL REVERSAL
HINDUNILVR.NS,2020-06-23,2020-07-22,1984.8359375,2093.5949875447395,LONG,30017.49781234811,276,STOP LOSS
HINDUNILVR.NS,2020-10-08,2020-10-30,1997.806884765625,1941.3498745088382,LONG,-21510.12090783578,381,STOP LOSS
HINDUNILVR.NS,2020-12-08,2020-12-17,2103.050537109375,2156.6557137228815,LONG,18493.785931659742,345,STOP LOSS
HINDUNILVR.NS,2020-12-24,2021-01-07,2235.42138671875,2228.7694277576875,LONG,-2008.8916062408807,302,STOP LOSS
HINDUNILVR.NS,2021-03-22,2021-03-25,2189.778076171875,2122.4253237194534,LONG,-21418.175279870055,318,STOP LOSS
HINDUNILVR.NS,2021-03-31,2021-04-20,2262.64013671875,2230.954833984375,LONG,-8650.087646484375,273,SIGNAL REVERSAL
HINDUNILVR.NS,2021-06-15,2021-06-25,2241.94189453125,2309.749023277156,LONG,28072.15130080512,414,STOP LOSS
HINDUNILVR.NS,2021-08-16,2021-08-20,2274.231201171875,2401.103311522753,LONG,53413.158457719575,421,TAKE PROFIT
HINDUNILVR.NS,2021-08-23,2021-09-15,2468.952880859375,2601.39111328125,LONG,42645.11083984375,322,SIGNAL REVERSAL
HINDUNILVR.NS,2022-09-22,2022-10-06,2561.808349609375,2486.8876953125,LONG,-21951.751708984375,293,SIGNAL REVERSAL
HINDUNILVR.NS,2022-11-30,2022-12-20,2570.95166015625,2561.565673828125,LONG,-2919.041748046875,311,SIGNAL REVERSAL
HINDUNILVR.NS,2023-01-10,2023-01-12,2532.16259765625,2480.63525390625,LONG,-18807.48046875,365,SIGNAL REVERSAL
HINDUNILVR.NS,2023-01-13,2023-01-20,2513.151123046875,2519.3958717799014,LONG,2135.704066695038,342,STOP LOSS
HINDUNILVR.NS,2023-01-25,2023-01-30,2511.570556640625,2459.66015625,LONG,-15625.030517578125,301,SIGNAL REVERSAL
HINDUNILVR.NS,2023-02-03,2023-02-08,2536.855712890625,2473.691650390625,LONG,-17938.59375,284,SIGNAL REVERSAL
HINDUNILVR.NS,2023-07-05,2023-07-10,2660.988037109375,2601.7499949323324,LONG,-21681.123436797607,366,STOP LOSS
HINDUNILVR.NS,2024-07-12,2024-07-30,2575.40625,2654.855521648464,LONG,24152.578581133122,304,STOP LOSS
HINDUNILVR.NS,2024-08-26,2024-08-27,2770.753173828125,2717.47216796875,LONG,-18115.5419921875,340,SIGNAL REVERSAL
HINDUNILVR.NS,2024-09-06,2024-09-16,2788.235107421875,2843.029961085595,LONG,17315.173757735523,316,STOP LOSS
HINDUNILVR.NS,2024-09-20,2024-09-30,2924.408447265625,2905.453125,LONG,-4871.517822265625,257,SIGNAL REVERSAL
HINDUNILVR.NS,2025-08-01,2025-08-08,2553.699951171875,2498.60009765625,LONG,-14270.862060546875,259,SIGNAL REVERSAL
HINDUNILVR.NS,2025-08-19,2025-09-04,2604.800048828125,2666.60009765625,LONG,16377.012939453125,265,SIGNAL REVERSAL
KOTAKBANK.NS,2014-10-29,2014-11-14,536.1093139648438,545.1730179461093,LONG,7676.957272131943,847,STOP LOSS
KOTAKBANK.NS,2014-11-21,2014-12-17,595.2825927734375,630.0928168678257,LONG,18449.418770025757,530,STOP LOSS
KOTAKBANK.NS,2015-01-08,2015-01-27,665.5261840820312,689.2053833007812,LONG,14539.0283203125,614,SIGNAL REVERSAL
KOTAKBANK.NS,2015-02-24,2015-03-09,670.3165283203125,679.6031914992542,LONG,5590.5712337229,602,STOP LOSS
KOTAKBANK.NS,2015-04-06,2015-04-17,693.7974243164062,693.625825976221,LONG,-93.1778987205937,543,STOP LOSS
KOTAKBANK.NS,2015-05-18,2015-06-03,677.2913208007812,673.2451555139252,LONG,-1986.6671558463354,491,STOP LOSS
KOTAKBANK.NS,2015-06-22,2015-07-24,674.5582275390625,720.0122680664062,LONG,24545.181884765625,540,SIGNAL REVERSAL
KOTAKBANK.NS,2015-08-17,2015-08-18,715.1438598632812,700.5390014648438,LONG,-8762.9150390625,600,SIGNAL REVERSAL
KOTAKBANK.NS,2015-08-19,2015-08-20,707.7918090820312,692.9384765625,LONG,-8570.372863769531,577,SIGNAL REVERSAL
KOTAKBANK.NS,2016-01-01,2016-01-04,722.5458374023438,702.4445434692506,LONG,-15759.41444354506,784,STOP LOSS
KOTAKBANK.NS,2016-02-05,2016-02-11,687.5237426757812,660.3770444640899,LONG,-15527.911377087474,572,STOP LOSS
KOTAKBANK.NS,2016-05-27,2016-06-09,737.7467041015625,747.9251321371752,LONG,6422.588090471603,631,STOP LOSS
KOTAKBANK.NS,2016-07-12,2016-07-21,758.7102661132812,761.5137870417459,LONG,1984.892817352972,708,STOP LOSS
KOTAKBANK.NS,2016-08-08,2016-08-10,767.0042724609375,756.8141479492188,LONG,-7010.8056640625,688,SIGNAL REVERSAL
KOTAKBANK.NS,2016-08-16,2016-09-16,768.296875,801.8997802734375,LONG,24530.120849609375,730,SIGNAL REVERSAL
KOTAKBANK.NS,2016-10-24,2016-11-04,782.761962890625,795.9423156432717,LONG,10148.87161953799,770,STOP LOSS
KOTAKBANK.NS,2016-11-09,2016-11-15,817.3094482421875,788.5845599267823,LONG,-15827.413461788277,551,STOP LOSS
KOTAKBANK.NS,2017-03-14,2017-03-28,831.277587890625,856.2559888973918,LONG,16710.55027352701,669,STOP LOSS
KOTAKBANK.NS,2017-04-05,2017-04-07,884.6646118164062,868.01220703125,LONG,-11223.720825195312,674,SIGNAL REVERSAL
KOTAKBANK.NS,2017-04-27,2017-05-05,911.3085327148438,903.0072021484375,LONG,-4897.7850341796875,590,SIGNAL REVERSAL
KOTAKBANK.NS,2017-05-11,2017-05-17,931.341064453125,946.944289365817,LONG,10251.318767638633,657,STOP LOSS
KOTAKBANK.NS,2017-05-29,2017-05-30,962.9060668945312,956.3446044921875,LONG,-4166.528625488281,635,SIGNAL REVERSAL
KOTAKBANK.NS,2017-06-22,2017-06-23,992.0850219726562,979.4590454101562,LONG,-9646.24609375,764,SIGNAL REVERSAL
KOTAKBANK.NS,2017-07-17,2017-08-03,974.6009521484375,993.8316567371829,LONG,13076.87912034689,680,STOP LOSS
KOTAKBANK.NS,2017-09-05,2017-09-25,983.2557983398438,1006.2507642004551,LONG,13130.125506409102,571,STOP LOSS
KOTAKBANK.NS,2017-10-05,2017-10-23,1027.4246826171875,1063.7027601063685,LONG,18465.541441993122,509,STOP LOSS
KOTAKBANK.NS,2017-11-20,2017-11-30,1035.1343994140625,1005.2174552919126,LONG,-16214.983714205222,542,STOP LOSS
KOTAKBANK.NS,2017-12-15,2017-12-28,1024.73876953125,999.5206298828125,LONG,-15660.464721679688,621,SIGNAL REVERSAL
KOTAKBANK.NS,2018-01-11,2018-01-22,1012.3534545898438,1066.7170476248157,LONG,39359.241357319675,724,TAKE PROFIT
KOTAKBANK.NS,2018-01-23,2018-01-30,1069.8525390625,1086.0784915335653,LONG,10579.321011134565,652,STOP LOSS
KOTAKBANK.NS,2018-02-23,2018-03-09,1075.2244873046875,1076.8162841796875,LONG,822.958984375,517,SIGNAL REVERSAL
KOTAKBANK.NS,2018-03-12,2018-03-13,1094.871826171875,1078.2586669921875,LONG,-8705.29541015625,524,SIGNAL REVERSAL
KOTAKBANK.NS,2018-04-03,2018-04-26,1097.5574951171875,1177.0495160829926,LONG,40938.39079738961,515,TAKE PROFIT
KOTAKBANK.NS,2018-04-27,2018-05-15,1182.562744140625,1267.947557534957,LONG,42436.25225698301,497,TAKE PROFIT
KOTAKBANK.NS,2018-07-04,2018-07-19,1358.144287109375,1374.1926415093176,LONG,7494.581504773186,467,STOP LOSS
KOTAKBANK.NS,2019-03-12,2019-03-19,1257.416015625,1339.6877379478597,LONG,44344.45833202136,539,TAKE PROFIT
KOTAKBANK.NS,2019-03-20,2019-03-25,1345.2518310546875,1307.1982366537127,LONG,-18379.886095670838,483,STOP LOSS
KOTAKBANK.NS,2019-04-15,2019-04-23,1367.3970947265625,1348.9840087890625,LONG,-8875.107421875,482,SIGNAL REVERSAL
KOTAKBANK.NS,2019-04-30,2019-05-09,1380.0374755859375,1378.992431640625,LONG,-459.8193359375,440,SIGNAL REVERSAL
KOTAKBANK.NS,2019-05-17,2019-06-06,1453.142578125,1507.1375732421875,LONG,20626.088134765625,382,SIGNAL REVERSAL
KOTAKBANK.NS,2019-07-15,2019-07-22,1501.82568359375,1460.0022084833588,LONG,-18276.858623240954,437,STOP LOSS
KOTAKBANK.NS,2019-07-31,2019-08-05,1513.22802734375,1462.355260700649,LONG,-18008.95939165773,354,STOP LOSS
KOTAKBANK.NS,2019-08-09,2019-08-19,1525.725830078125,1490.1246337890625,LONG,-11570.388793945312,325,SIGNAL REVERSAL
KOTAKBANK.NS,2019-08-21,2019-08-22,1499.485595703125,1472.099853515625,LONG,-9585.009765625,350,SIGNAL REVERSAL
KOTAKBANK.NS,2019-09-23,2019-10-04,1633.7744140625,1562.8133587362242,LONG,-17385.45855493756,245,STOP LOSS
KOTAKBANK.NS,2019-11-15,2019-11-21,1615.9989013671875,1588.6131591796875,LONG,-9201.609375,336,SIGNAL REVERSAL
KOTAKBANK.NS,2019-11-28,2019-12-18,1608.281005859375,1716.0771777050636,LONG,42579.487879046996,395,TAKE PROFIT
KOTAKBANK.NS,2020-01-17,2020-01-20,1691.0352783203125,1654.940211826274,LONG,-17650.487515584835,489,STOP LOSS
KOTAKBANK.NS,2020-01-31,2020-02-25,1684.711669921875,1668.8280029296875,LONG,-4939.8204345703125,311,SIGNAL REVERSAL
KOTAKBANK.NS,2020-11-05,2020-11-20,1668.4794921875,1860.9134527502574,LONG,43297.64112662042,225,TAKE PROFIT
KOTAKBANK.NS,2021-02-04,2021-02-18,1902.4520263671875,1946.6641351245457,LONG,9328.754947802589,211,STOP LOSS
KOTAKBANK.NS,2021-03-09,2021-03-17,1970.7166748046875,1876.9308885052635,LONG,-18100.65675578883,193,STOP LOSS
KOTAKBANK.NS,2021-05-28,2021-06-14,1793.25830078125,1760.6942138671875,LONG,-8857.431640625,272,SIGNAL REVERSAL
KOTAKBANK.NS,2021-07-07,2021-07-09,1754.47021484375,1712.8939208984375,LONG,-15715.839111328125,378,SIGNAL REVERSAL
KOTAKBANK.NS,2021-10-21,2021-10-28,2135.89111328125,2133.955419268031,LONG,-452.95239909320753,234,STOP LOSS
KOTAKBANK.NS,2022-01-10,2022-01-24,1940.8089599609375,1867.3283114750352,LONG,-17414.913691158843,237,STOP LOSS
KOTAKBANK.NS,2022-02-02,2022-02-07,1935.478515625,1846.4837356616322,LONG,-17175.992532929988,193,STOP LOSS
KOTAKBANK.NS,2022-09-14,2022-09-16,1948.7066650390625,1924.381591796875,LONG,-6348.8441162109375,261,SIGNAL REVERSAL
KOTAKBANK.NS,2022-10-19,2022-11-25,1863.618408203125,1922.4874267578125,LONG,17307.491455078125,294,SIGNAL REVERSAL
KOTAKBANK.NS,2023-05-31,2023-06-01,2008.1737060546875,1952.525599760111,LONG,-17083.968632435004,307,STOP LOSS
KOTAKBANK.NS,2023-07-19,2023-07-24,1900.7542724609375,1926.3252424620273,LONG,10202.817030434826,399,STOP LOSS
KOTAKBANK.NS,2024-08-20,2024-08-30,1803.570556640625,1778.749267578125,LONG,-8042.09765625,324,SIGNAL REVERSAL
KOTAKBANK.NS,2024-09-12,2024-09-23,1825.345458984375,1928.6722180394117,LONG,42260.64445351003,409,TAKE PROFIT
KOTAKBANK.NS,2024-10-14,2024-10-21,1908.5994873046875,1850.0814110631268,LONG,-17496.904796226656,299,STOP LOSS
KOTAKBANK.NS,2024-12-10,2024-12-20,1792.6331787109375,1747.990566496777,LONG,-17276.690926880077,387,STOP LOSS
KOTAKBANK.NS,2025-01-22,2025-02-21,1915.291748046875,1950.8009033203125,LONG,9125.852905273438,257,SIGNAL REVERSAL
KOTAKBANK.NS,2025-03-13,2025-03-24,1982.8138427734375,2124.1068375565,LONG,42811.77741926796,303,TAKE PROFIT
KOTAKBANK.NS,2025-03-25,2025-04-07,2167.5009765625,2104.8605038169826,LONG,-17789.89425972694,284,STOP LOSS
KOTAKBANK.NS,2025-04-21,2025-04-30,2238.818603515625,2205.55712890625,LONG,-7384.04736328125,222,SIGNAL REVERSAL
KOTAKBANK.NS,2025-06-09,2025-06-30,2135.737548828125,2174.884917554927,LONG,11509.326405679829,294,STOP LOSS
KOTAKBANK.NS,2025-07-09,2025-07-16,2226.732666015625,2176.89013671875,LONG,-14753.388671875,296,SIGNAL REVERSAL
KOTAKBANK.NS,2025-09-17,2025-09-17,2050.300048828125,2050.300048828125,LONG,0.0,361,END OF DATA
LT.NS,2014-10-29,2014-11-10,909.5436401367188,936.6000925761043,LONG,13501.169767253397,499,STOP LOSS
LT.NS,2014-11-19,2014-11-25,956.485595703125,943.9138793945312,LONG,-6311.0015869140625,502,SIGNAL REVERSAL
LT.NS,2015-01-16,2015-01-27,917.9344482421875,998.0522566875261,LONG,37735.487777754475,471,TAKE PROFIT
LT.NS,2015-02-24,2015-02-26,992.5284423828125,967.7020874023438,LONG,-10203.631896972656,411,SIGNAL REVERSAL
LT.NS,2015-02-27,2015-03-09,1014.3555908203125,1034.349889633435,LONG,7697.80504305214,385,STOP LOSS
LT.NS,2015-04-01,2015-04-17,1000.1116943359375,1011.095088657302,LONG,4305.490573974873,392,STOP LOSS
LT.NS,2015-06-01,2015-07-10,983.5609130859375,1068.1232863809746,LONG,39236.94120889722,464,TAKE PROFIT
LT.NS,2016-07-04,2016-07-13,913.5574340820312,903.8282470703125,LONG,-5000.8021240234375,514,SIGNAL REVERSAL
LT.NS,2016-07-15,2016-07-19,923.8982543945312,916.2954711914062,LONG,-4135.9140625,544,SIGNAL REVERSAL
LT.NS,2016-08-31,2016-09-12,892.2655029296875,863.7953012130558,LONG,-16142.604373330154,567,STOP LOSS
LT.NS,2016-10-19,2016-11-02,879.349853515625,854.3443603515625,LONG,-14653.218994140625,586,SIGNAL REVERSAL
LT.NS,2017-03-14,2017-04-03,918.8927001953125,978.6474180347825,LONG,39199.09490269232,656,TAKE PROFIT
LT.NS,2017-04-05,2017-04-19,1000.4849243164062,985.2102661132812,LONG,-8798.203125,576,SIGNAL REVERSAL
LT.NS,2017-04-24,2017-05-03,1021.8633422851562,1014.4916381835938,LONG,-4223.9864501953125,573,SIGNAL REVERSAL
LT.NS,2017-06-01,2017-06-08,1057.3074951171875,1046.36767578125,LONG,-4638.4833984375,424,SIGNAL REVERSAL
LT.NS,2017-07-11,2017-08-03,1026.8173828125,1051.9158935546875,LONG,14381.446655273438,573,SIGNAL REVERSAL
LT.NS,2017-09-08,2017-09-22,1062.662109375,1095.9896644016144,LONG,19363.309470462962,581,STOP LOSS
LT.NS,2017-10-25,2017-11-14,1091.485595703125,1117.384405497713,LONG,12975.303707088604,501,STOP LOSS
LT.NS,2017-12-20,2018-01-08,1117.1368408203125,1199.1688056611986,LONG,41754.27010401101,509,TAKE PROFIT
LT.NS,2018-01-09,2018-01-29,1208.003173828125,1292.3906317019314,LONG,43290.76588926268,513,TAKE PROFIT
LT.NS,2018-04-02,2018-04-26,1210.9036865234375,1227.031600889231,LONG,7451.096436996578,462,STOP LOSS
LT.NS,2018-04-27,2018-05-08,1248.791259765625,1237.14404296875,LONG,-5707.13623046875,490,SIGNAL REVERSAL
LT.NS,2018-05-29,2018-06-05,1251.3743896484375,1210.6629398953887,LONG,-17994.460790847563,442,STOP LOSS
LT.NS,2018-06-13,2018-06-14,1231.5697021484375,1217.2939453125,LONG,-7052.223876953125,494,SIGNAL REVERSAL
LT.NS,2018-07-24,2018-08-08,1200.0721435546875,1176.732666015625,LONG,-10456.0859375,448,SIGNAL REVERSAL
LT.NS,2018-12-20,2018-12-21,1331.794677734375,1303.521240234375,LONG,-13034.0546875,461,SIGNAL REVERSAL
LT.NS,2019-03-07,2019-03-19,1241.4661865234375,1250.4169966582497,LONG,3911.5040289129192,437,STOP LOSS
LT.NS,2019-05-20,2019-05-27,1332.3914794921875,1450.361745352075,LONG,43295.08757057875,367,TAKE PROFIT
LT.NS,2019-05-28,2019-06-10,1445.347900390625,1406.4259033203125,LONG,-11871.209106445312,305,SIGNAL REVERSAL
LT.NS,2019-10-30,2019-11-05,1370.8272705078125,1338.794189453125,LONG,-12204.603881835938,381,SIGNAL REVERSAL
LT.NS,2020-12-09,2020-12-21,1123.2513427734375,1180.6266833603909,LONG,22433.758169498768,391,STOP LOSS
LT.NS,2021-01-08,2021-01-12,1306.243408203125,1283.79736328125,LONG,-8103.022216796875,361,SIGNAL REVERSAL
LT.NS,2021-02-02,2021-02-17,1445.8648681640625,1472.6385498046875,LONG,6586.32568359375,246,SIGNAL REVERSAL
LT.NS,2021-05-14,2021-06-07,1346.28466796875,1472.4554384606904,LONG,44790.623524638846,355,TAKE PROFIT
LT.NS,2021-07-14,2021-07-26,1469.1669921875,1523.2550686870431,LONG,26124.54094927934,483,STOP LOSS
LT.NS,2021-08-16,2021-08-18,1592.9483642578125,1570.5850830078125,LONG,-8609.86328125,385,SIGNAL REVERSAL
LT.NS,2021-08-31,2021-09-13,1608.4345703125,1607.95361328125,LONG,-167.85400390625,349,SIGNAL REVERSAL
LT.NS,2021-09-14,2021-09-29,1631.7598876953125,1662.6533391143746,LONG,12264.700213367654,397,STOP LOSS
LT.NS,2021-10-14,2021-10-22,1721.0693359375,1728.0284301606266,LONG,2435.6829780943144,350,STOP LOSS
LT.NS,2021-11-03,2021-11-18,1817.4483642578125,1831.3576149301957,LONG,3602.4959241472548,259,STOP LOSS
LT.NS,2021-12-10,2021-12-20,1801.9622802734375,1735.897642631255,LONG,-19092.68027859076,289,STOP LOSS
LT.NS,2021-12-22,2022-01-17,1799.65380859375,1967.7924320235538,LONG,47078.81456034507,280,TAKE PROFIT
LT.NS,2022-04-04,2022-04-12,1756.7064208984375,1694.772216824353,LONG,-19571.208487410666,316,STOP LOSS
LT.NS,2022-09-06,2022-09-09,1911.643310546875,1899.417236328125,LONG,-3973.47412109375,325,SIGNAL REVERSAL
LT.NS,2022-10-10,2022-11-15,1860.3524169921875,1945.009033203125,LONG,26328.207641601562,311,SIGNAL REVERSAL
LT.NS,2022-11-24,2022-12-14,1999.222412109375,2136.189219962038,LONG,49034.11721125332,358,TAKE PROFIT
LT.NS,2023-01-12,2023-01-24,2103.995849609375,2162.3028977820245,LONG,20465.773908599975,351,STOP LOSS
LT.NS,2023-02-14,2023-02-23,2135.072265625,2103.411376953125,LONG,-9181.65771484375,290,SIGNAL REVERSAL
LT.NS,2023-03-09,2023-03-13,2136.582275390625,2078.7646484375,LONG,-17576.55859375,304,SIGNAL REVERSAL
LT.NS,2023-03-15,2023-03-28,2120.45947265625,2078.52099609375,LONG,-11742.7734375,280,SIGNAL REVERSAL
LT.NS,2023-04-05,2023-04-17,2199.46630859375,2193.4544104227525,LONG,-1665.2957933663029,277,STOP LOSS
LT.NS,2023-04-27,2023-05-11,2246.0810546875,2268.6413737772136,LONG,6926.017960542084,307,STOP LOSS
LT.NS,2023-06-05,2023-06-22,2209.743896484375,2343.4431219351172,LONG,50270.90876947908,376,TAKE PROFIT
LT.NS,2023-06-30,2023-07-12,2411.643798828125,2391.575439453125,LONG,-7585.83984375,378,SIGNAL REVERSAL
LT.NS,2023-07-21,2023-08-03,2519.486083984375,2556.5544615798053,LONG,12973.932158400612,350,STOP LOSS
LT.NS,2023-09-07,2023-09-25,2798.103271484375,2853.25146484375,LONG,16599.606201171875,301,SIGNAL REVERSAL
LT.NS,2023-09-28,2023-10-12,2958.92724609375,3029.4599609375,LONG,18902.767578125,268,SIGNAL REVERSAL
LT.NS,2023-11-09,2023-11-23,2973.525390625,2998.956671288948,LONG,7044.464743913652,277,STOP LOSS
LT.NS,2023-11-30,2023-12-04,3056.444091796875,3221.6777985975523,LONG,54031.422123821474,327,TAKE PROFIT
LT.NS,2023-12-05,2023-12-20,3259.194580078125,3373.251114915855,LONG,31479.603615213462,276,STOP LOSS
LT.NS,2023-12-27,2023-12-29,3483.86669921875,3466.172119140625,LONG,-4423.64501953125,250,SIGNAL REVERSAL
LT.NS,2024-01-29,2024-01-30,3645.083740234375,3571.651611328125,LONG,-14980.154296875,204,SIGNAL REVERSAL
LT.NS,2024-02-26,2024-03-13,3411.26953125,3523.6369580650025,LONG,21911.648228925496,195,STOP LOSS
LT.NS,2024-03-26,2024-04-12,3607.8271484375,3678.23227610048,LONG,13940.21527727,198,STOP LOSS
LT.NS,2024-05-23,2024-06-04,3524.56396484375,3724.200519018036,LONG,37332.03563059151,187,STOP LOSS
LT.NS,2024-06-12,2024-06-21,3568.702392578125,3502.336181640625,LONG,-8693.9736328125,131,SIGNAL REVERSAL
LT.NS,2024-07-05,2024-07-19,3593.634521484375,3585.064453125,LONG,-1671.163330078125,195,SIGNAL REVERSAL
LT.NS,2024-07-22,2024-07-23,3617.7099609375,3510.9693893041526,LONG,-23482.925759336424,220,STOP LOSS
LT.NS,2024-07-29,2024-08-05,3740.06884765625,3609.2645510184757,LONG,-23152.360504886055,177,STOP LOSS
LT.NS,2024-08-26,2024-09-06,3608.248291015625,3541.71875,LONG,-15767.501220703125,237,SIGNAL REVERSAL
LT.NS,2024-09-17,2024-09-27,3661.0556640625,3678.8087615909094,LONG,4278.4965043466655,241,STOP LOSS
LT.NS,2024-10-31,2024-11-19,3588.829345703125,3473.5048828125,LONG,-19489.834228515625,169,SIGNAL REVERSAL
LT.NS,2024-11-25,2024-12-17,3718.32177734375,3809.264790121704,LONG,15733.141210586078,173,STOP LOSS
LT.NS,2025-07-30,2025-08-20,3665.10009765625,3592.300048828125,LONG,-17617.61181640625,242,SIGNAL REVERSAL
LT.NS,2025-09-17,2025-09-17,3685.5,3685.5,LONG,0.0,273,END OF DATA
ITC.NS,2014-11-05,2014-11-25,173.48667907714844,177.88810426153844,LONG,14969.247052110413,3401,STOP LOSS
ITC.NS,2014-12-04,2014-12-16,185.07981872558594,187.15689798487534,LONG,5078.458788962596,2445,STOP LOSS
ITC.NS,2015-01-20,2015-01-21,179.25906372070312,172.99489617959512,LONG,-15297.097135385757,2442,STOP LOSS
ITC.NS,2015-01-29,2015-03-02,178.82435607910156,187.64304304630426,LONG,18968.995666452996,2151,STOP LOSS
ITC.NS,2015-11-19,2015-11-23,173.459228515625,167.52126816935214,LONG,-15355.565455461616,2586,STOP LOSS
ITC.NS,2015-12-01,2015-12-04,170.60150146484375,165.526611328125,LONG,-13286.062377929688,2618,SIGNAL REVERSAL
ITC.NS,2016-02-01,2016-02-03,160.00820922851562,158.6286163330078,LONG,-3609.0150146484375,2616,SIGNAL REVERSAL
ITC.NS,2016-05-17,2016-05-26,162.8413543701172,177.9220691447198,LONG,37173.96191939547,2465,TAKE PROFIT
ITC.NS,2016-06-30,2016-07-04,182.53115844726562,182.26197747084706,LONG,-735.6716085519456,2733,STOP LOSS
ITC.NS,2016-07-11,2016-07-13,185.16952514648438,183.6459197998047,LONG,-3542.3824310302734,2325,SIGNAL REVERSAL
ITC.NS,2016-08-02,2016-08-04,193.82781982421875,187.3619842529297,LONG,-14858.490142822266,2298,SIGNAL REVERSAL
ITC.NS,2016-08-30,2016-09-09,191.22659301757812,193.01014194358783,LONG,5206.179315022316,2919,STOP LOSS
ITC.NS,2016-11-04,2016-11-09,185.09518432617188,185.12794131352058,LONG,78.81331156098429,2406,STOP LOSS
ITC.NS,2017-02-02,2017-02-14,203.8611297607422,201.25991821289062,LONG,-5761.683578491211,2215,SIGNAL REVERSAL
ITC.NS,2017-03-17,2017-03-22,209.02639770507812,208.21293418531113,LONG,-1715.5945631885986,2109,STOP LOSS
ITC.NS,2017-04-26,2017-04-28,216.1983184814453,209.12263600379436,LONG,-15106.582089784793,2135,STOP LOSS
ITC.NS,2017-05-17,2017-05-22,209.3236541748047,225.01900014490687,LONG,37197.96994914217,2370,TAKE PROFIT
ITC.NS,2017-05-23,2017-06-09,223.07296752929688,232.82416585372823,LONG,18800.310369503655,1928,STOP LOSS
ITC.NS,2017-06-30,2017-07-05,244.1717987060547,250.95204060192793,LONG,14591.080559919224,2152,STOP LOSS
ITC.NS,2018-07-05,2018-07-27,209.50828552246094,224.6807366291207,LONG,39842.85660608854,2626,TAKE PROFIT
ITC.NS,2018-07-30,2018-08-24,231.45858764648438,238.64720153808594,LONG,16152.815414428711,2247,SIGNAL REVERSAL
ITC.NS,2018-12-19,2019-01-03,217.9270782470703,214.39041137695312,LONG,-9478.267211914062,2680,SIGNAL REVERSAL
ITC.NS,2019-04-15,2019-04-30,234.87991333007812,231.6892547607422,LONG,-8965.750579833984,2810,SIGNAL REVERSAL
ITC.NS,2019-05-21,2019-05-23,235.18751525878906,227.98762954043445,LONG,-16502.13806646876,2292,STOP LOSS
ITC.NS,2020-12-11,2020-12-21,178.20008850097656,172.05476607808205,LONG,-16254.377808555975,2645,STOP LOSS
ITC.NS,2021-01-18,2021-01-22,181.04238891601562,174.15233500438208,LONG,-16012.485290636356,2324,STOP LOSS
ITC.NS,2021-02-04,2021-02-12,189.4457244873047,180.76152849513153,LONG,-15770.499921786457,1816,STOP LOSS
ITC.NS,2021-03-18,2021-03-24,183.56239318847656,185.15867860807083,LONG,3904.5141363275766,2446,STOP LOSS
ITC.NS,2021-04-01,2021-04-06,185.58651733398438,179.34548950195312,LONG,-14129.68701171875,2264,SIGNAL REVERSAL
ITC.NS,2021-05-17,2021-06-04,179.30332946777344,176.0562744140625,LONG,-9458.671371459961,2913,SIGNAL REVERSAL
ITC.NS,2021-06-08,2021-06-17,180.18885803222656,178.2654571533203,LONG,-6206.814636230469,3227,SIGNAL REVERSAL
ITC.NS,2021-07-15,2021-07-27,178.7855682373047,180.95850987472366,LONG,9547.905554818964,4394,STOP LOSS
ITC.NS,2021-08-03,2021-08-10,181.9495086669922,182.68741034152305,LONG,2628.4057646789247,3562,STOP LOSS
ITC.NS,2021-09-02,2021-09-16,181.8195037841797,192.60036738461284,LONG,38325.97009953985,3555,TAKE PROFIT
ITC.NS,2021-09-17,2021-09-30,200.36985778808594,205.64045903977623,LONG,14388.741417114505,2730,STOP LOSS
ITC.NS,2021-10-13,2021-10-19,216.0163116455078,221.20526351936843,LONG,11872.321887393093,2288,STOP LOSS
ITC.NS,2021-11-15,2021-11-24,206.39437866210938,198.6324435302768,LONG,-16300.063776848432,2100,STOP LOSS
ITC.NS,2021-12-09,2021-12-15,204.05389404296875,196.11136559016057,LONG,-16051.850003125324,2021,STOP LOSS
ITC.NS,2022-02-01,2022-02-14,197.422607421875,198.3055000757116,LONG,2245.1960187064533,2543,STOP LOSS
ITC.NS,2022-03-04,2022-03-22,199.98907470703125,217.79377466934068,LONG,39615.45741613848,2225,TAKE PROFIT
ITC.NS,2022-03-23,2022-03-30,223.49110412597656,222.30184855303187,LONG,-2805.4538965765196,2359,STOP LOSS
ITC.NS,2022-04-08,2022-04-19,237.50364685058594,231.96067810058594,LONG,-10963.9921875,1978,SIGNAL REVERSAL
ITC.NS,2022-05-19,2022-06-08,244.465576171875,243.16542053222656,LONG,-2049.0452880859375,1576,SIGNAL REVERSAL
ITC.NS,2022-06-29,2022-07-11,248.7476043701172,267.25547185142534,LONG,40513.72191658355,2189,TAKE PROFIT
ITC.NS,2022-07-21,2022-07-29,271.89324951171875,275.070068359375,LONG,7710.139343261719,2427,SIGNAL REVERSAL
ITC.NS,2022-08-01,2022-08-10,279.1092224121094,282.4676818847656,LONG,8799.163818359375,2620,SIGNAL REVERSAL
ITC.NS,2022-09-05,2022-09-26,298.4880676269531,308.329294377516,LONG,23402.437212838566,2378,STOP LOSS
ITC.NS,2022-10-19,2022-11-14,314.3723449707031,320.7807671284348,LONG,12208.044210478793,1905,STOP LOSS
ITC.NS,2022-12-12,2022-12-16,311.51318359375,304.57467693651085,LONG,-17589.11437610123,2535,STOP LOSS
ITC.NS,2023-01-23,2023-02-01,306.5663146972656,324.4335121634674,LONG,43327.95385553934,2425,TAKE PROFIT
ITC.NS,2023-02-02,2023-02-27,343.6447448730469,352.38348388671875,LONG,11954.594970703125,1368,SIGNAL REVERSAL
ITC.NS,2023-04-10,2023-04-27,358.2380676269531,382.0057792970879,LONG,45396.329289957386,1910,TAKE PROFIT
ITC.NS,2023-04-28,2023-05-11,392.3515930175781,387.6033630371094,LONG,-9178.328552246094,1933,SIGNAL REVERSAL
ITC.NS,2023-05-26,2023-06-01,408.9935302734375,412.4609547158778,LONG,6185.885205313478,1784,STOP LOSS
ITC.NS,2023-07-04,2023-07-18,436.5297546386719,442.2865295410156,LONG,11087.548461914062,1926,SIGNAL REVERSAL
ITC.NS,2023-07-19,2023-07-24,448.23046875,451.7838831545955,LONG,6673.312251830376,1878,STOP LOSS
ITC.NS,2023-10-11,2023-10-23,419.587158203125,410.13429782555266,LONG,-19056.96652118583,2016,STOP LOSS
ITC.NS,2023-11-15,2023-12-08,413.69000244140625,426.2749898010332,LONG,29058.73581337863,2309,STOP LOSS
ITC.NS,2023-12-28,2024-01-08,434.42364501953125,438.3460078248215,LONG,7550.548400183783,1925,STOP LOSS
ITC.NS,2024-07-03,2024-07-11,414.01629638671875,437.7217787771643,LONG,48311.773111727976,2038,TAKE PROFIT
ITC.NS,2024-07-12,2024-07-23,443.74078369140625,470.68443744424974,LONG,50115.19598028889,1860,TAKE PROFIT
ITC.NS,2024-07-24,2024-08-05,477.57354736328125,469.79205322265625,LONG,-10683.991455078125,1373,SIGNAL REVERSAL
ITC.NS,2024-09-27,2024-09-30,505.26812744140625,500.869873046875,LONG,-7798.105041503906,1773,SIGNAL REVERSAL
ITC.NS,2024-12-24,2025-01-06,462.49383544921875,462.9263879369792,LONG,647.0985216896493,1496,STOP LOSS
SBIN.NS,2014-10-29,2014-11-17,235.6478271484375,256.17884462902856,LONG,37489.637919559274,1826,TAKE PROFIT
SBIN.NS,2014-11-18,2014-11-28,262.5662841796875,284.65733905192667,LONG,38902.34763001318,1761,TAKE PROFIT
SBIN.NS,2015-01-16,2015-01-30,281.1730041503906,290.00059924749763,LONG,13735.737971098504,1556,STOP LOSS
SBIN.NS,2015-04-15,2015-04-23,258.4884033203125,248.30832578676547,LONG,-16349.204518876539,1606,STOP LOSS
SBIN.NS,2015-05-14,2015-05-22,250.42178344726562,252.3568608446547,LONG,2707.173278947322,1399,STOP LOSS
SBIN.NS,2016-08-12,2016-08-25,222.48492431640625,228.89375085680217,LONG,11029.59047602138,1721,STOP LOSS
SBIN.NS,2016-09-06,2016-09-12,237.84759521484375,238.84318078331074,LONG,2062.853297863609,2072,STOP LOSS
SBIN.NS,2016-10-21,2016-10-27,236.38449096679688,233.54969787597656,LONG,-5904.874008178711,2083,SIGNAL REVERSAL
SBIN.NS,2016-11-10,2016-11-21,257.2338562011719,245.05132430598846,LONG,-16251.497548174677,1334,STOP LOSS
SBIN.NS,2016-12-09,2016-12-20,243.83724975585938,232.77244567871094,LONG,-15623.503356933594,1412,SIGNAL REVERSAL
SBIN.NS,2017-01-18,2017-02-03,236.24734497070312,253.56601146491803,LONG,39434.60360732735,2277,TAKE PROFIT
SBIN.NS,2017-02-06,2017-02-15,253.34747314453125,245.94046020507812,LONG,-14725.141723632812,1988,SIGNAL REVERSAL
SBIN.NS,2017-03-15,2017-03-21,253.62181091308594,249.04957580566406,LONG,-9615.410430908203,2103,SIGNAL REVERSAL
SBIN.NS,2017-03-27,2017-04-07,255.5421600341797,265.51546711735193,LONG,20654.71896924972,2071,STOP LOSS
SBIN.NS,2017-05-04,2017-05-22,273.4653015136719,274.2962057279185,LONG,1513.9074783573592,1822,STOP LOSS
SBIN.NS,2017-06-20,2017-06-27,267.68011474609375,260.1378790824553,LONG,-16328.940211777246,2165,STOP LOSS
SBIN.NS,2017-07-13,2017-07-31,266.4344177246094,285.55225446410424,LONG,40223.92849989719,2104,TAKE PROFIT
SBIN.NS,2017-08-01,2017-08-10,285.11944580078125,277.07193813490215,LONG,-16690.530899033245,2074,STOP LOSS
SBIN.NS,2018-01-23,2018-01-25,293.5161437988281,294.92028997472505,LONG,2073.92390179976,1477,STOP LOSS
SBIN.NS,2018-10-31,2018-11-12,259.6524353027344,260.1790557282246,LONG,598.7674237824148,1137,STOP LOSS
SBIN.NS,2018-12-14,2018-12-21,266.849609375,269.39360985055765,LONG,4106.016767550051,1614,STOP LOSS
SBIN.NS,2019-01-08,2019-01-17,281.70538330078125,274.41595458984375,LONG,-12217.08251953125,1676,SIGNAL REVERSAL
SBIN.NS,2019-03-11,2019-03-25,265.1426086425781,273.28363122708464,LONG,15402.814729886328,1892,STOP LOSS
SBIN.NS,2019-03-28,2019-04-05,294.34661865234375,294.0307360648414,LONG,-440.65620956578954,1395,STOP LOSS
SBIN.NS,2019-05-16,2019-05-24,291.3477783203125,319.48381445282087,LONG,41444.38122318482,1473,TAKE PROFIT
SBIN.NS,2019-05-27,2019-06-06,333.74664306640625,318.83664202637647,LONG,-17206.141200194368,1154,STOP LOSS
SBIN.NS,2019-06-26,2019-07-08,330.470947265625,334.2442560774794,LONG,5675.056453029027,1504,STOP LOSS
SBIN.NS,2020-02-11,2020-02-28,299.28314208984375,286.6003287284621,LONG,-17033.018344335553,1343,STOP LOSS
SBIN.NS,2020-12-04,2020-12-16,243.1358184814453,248.57984924316406,LONG,7779.519958496094,1429,SIGNAL REVERSAL
SBIN.NS,2021-01-07,2021-01-11,265.465576171875,260.66741943359375,LONG,-8065.701477050781,1681,SIGNAL REVERSAL
SBIN.NS,2021-01-12,2021-01-18,269.8946228027344,274.3876996376857,LONG,6887.886787980424,1533,STOP LOSS
SBIN.NS,2021-02-02,2021-02-05,307.35693359375,351.82662098675075,LONG,42157.263648564716,948,TAKE PROFIT
SBIN.NS,2021-02-08,2021-02-22,366.3646240234375,366.0544000924816,LONG,-236.39063538838468,762,STOP LOSS
SBIN.NS,2021-05-11,2021-05-24,336.4686279296875,377.45540996623293,LONG,43732.89643299398,1067,TAKE PROFIT
SBIN.NS,2021-05-25,2021-06-09,380.482177734375,396.1613863400149,LONG,15898.71752611883,1014,STOP LOSS
SBIN.NS,2021-07-29,2021-08-05,411.1870422363281,413.5182074722785,LONG,3326.572791701192,1427,STOP LOSS
SBIN.NS,2021-09-01,2021-09-20,400.33819580078125,421.3954132043383,LONG,28321.95740778423,1345,STOP LOSS
SBIN.NS,2021-10-05,2021-10-26,432.7452087402344,474.1859660629324,LONG,47159.58183323033,1138,TAKE PROFIT
SBIN.NS,2021-11-02,2021-11-11,485.82562255859375,474.5576477050781,LONG,-10670.772186279297,947,SIGNAL REVERSAL
SBIN.NS,2021-12-10,2021-12-17,460.68231201171875,440.8418747752461,LONG,-19423.788054506742,979,STOP LOSS
SBIN.NS,2022-01-05,2022-01-24,458.5404052734375,467.5248757749533,LONG,9999.715668187055,1113,STOP LOSS
SBIN.NS,2022-01-27,2022-02-11,492.57708740234375,493.182373046875,LONG,584.1006469726562,965,SIGNAL REVERSAL
SBIN.NS,2022-04-04,2022-04-22,477.1651611328125,466.1765441894531,LONG,-11384.207153320312,1036,SIGNAL REVERSAL
SBIN.NS,2022-09-05,2022-09-23,509.6747131347656,529.9751945597027,LONG,24299.67626564966,1197,STOP LOSS
SBIN.NS,2022-10-18,2022-11-09,531.947509765625,581.0095750971918,LONG,48669.56880891429,992,TAKE PROFIT
SBIN.NS,2023-01-02,2023-01-06,578.9995727539062,568.0759887695312,LONG,-12758.74609375,1168,SIGNAL REVERSAL
SBIN.NS,2023-07-03,2023-07-24,564.4600219726562,593.1999037790506,LONG,50036.13422493257,1741,TAKE PROFIT
SBIN.NS,2023-09-11,2023-09-21,570.4859008789062,571.3933255022915,LONG,1409.2304401173428,1553,STOP LOSS
SBIN.NS,2023-09-29,2023-10-04,577.09033203125,565.2313232421875,LONG,-17883.38525390625,1508,SIGNAL REVERSAL
SBIN.NS,2023-12-04,2023-12-15,573.37841796875,605.422119309281,LONG,51301.965846190156,1601,TAKE PROFIT
SBIN.NS,2023-12-18,2024-01-01,625.24951171875,618.3558349609375,LONG,-9478.805541992188,1375,SIGNAL REVERSAL
SBIN.NS,2024-02-01,2024-02-09,624.4299926757812,679.0644946056826,LONG,52886.19786814453,968,TAKE PROFIT
SBIN.NS,2024-02-12,2024-02-28,682.5198364257812,721.1236115354498,LONG,30149.5483606511,781,STOP LOSS
SBIN.NS,2024-04-03,2024-04-04,743.40576171875,732.0770263671875,LONG,-10830.27099609375,956,SIGNAL REVERSAL
SBIN.NS,2024-04-05,2024-04-15,737.3316040039062,730.341552734375,LONG,-6640.5487060546875,950,SIGNAL REVERSAL
SBIN.NS,2024-04-25,2024-05-06,783.5625,781.439291052449,LONG,-1872.6702917399878,882,STOP LOSS
SBIN.NS,2024-05-23,2024-05-30,815.7206420898438,809.5936889648438,LONG,-5091.498046875,831,SIGNAL REVERSAL
SBIN.NS,2024-06-03,2024-06-04,887.8229370117188,855.3822778905112,LONG,-22027.207543299923,679,STOP LOSS
SBIN.NS,2024-06-19,2024-06-21,835.817138671875,819.8380126953125,LONG,-9140.06005859375,572,SIGNAL REVERSAL
SBIN.NS,2024-07-09,2024-07-23,844.3458862304688,854.8890147163911,LONG,8097.122677188367,768,STOP LOSS
SBIN.NS,2024-10-14,2024-10-24,789.3012084960938,778.9097900390625,LONG,-9903.021789550781,953,SIGNAL REVERSAL
SBIN.NS,2024-10-29,2024-11-12,816.3088989257812,821.2486414053059,LONG,3848.059391549683,779,STOP LOSS
SBIN.NS,2024-11-27,2024-12-17,817.6812744140625,833.8074951171875,LONG,11030.3349609375,684,SIGNAL REVERSAL
SBIN.NS,2025-06-09,2025-06-12,820.0499877929688,805.9500122070312,LONG,-14833.17431640625,1052,SIGNAL REVERSAL
SBIN.NS,2025-06-30,2025-07-10,820.3499755859375,808.0,LONG,-14227.171875,1152,SIGNAL REVERSAL
SBIN.NS,2025-07-16,2025-07-22,831.7000122070312,815.0361747564434,LONG,-21313.04809930184,1279,STOP LOSS
SBIN.NS,2025-08-11,2025-08-26,823.4500122070312,807.8499755859375,LONG,-17908.842041015625,1148,SIGNAL REVERSAL
SBIN.NS,2025-09-10,2025-09-17,818.2000122070312,852.6858845925778,LONG,51832.26619547654,1503,TAKE PROFIT
