Stock,Entry_Date,Exit_Date,Entry_Price,Exit_Price,Position,PnL
RELIANCE.NS,2014-12-01,2014-12-29,205.77072143554688,191.9470977783203,SHORT,13.823623657226562
RELIANCE.NS,2015-01-06,2015-01-15,178.9152374267578,184.9390106201172,SHORT,-6.023773193359375
RELIANCE.NS,2015-02-10,2015-02-13,188.73727416992188,196.33387756347656,SHORT,-7.5966033935546875
RELIANCE.NS,2015-02-16,2015-03-04,193.18821716308594,189.98912048339844,SHORT,3.1990966796875
RELIANCE.NS,2015-03-10,2015-04-08,183.84767150878906,185.2920684814453,SHORT,-1.44439697265625
RELIANCE.NS,2015-04-24,2015-05-08,188.07391357421875,192.78369140625,SHORT,-4.70977783203125
RELIANCE.NS,2015-05-27,2015-06-04,191.8302459716797,197.76742553710938,SHORT,-5.9371795654296875
RELIANCE.NS,2015-06-08,2015-06-17,191.86280822753906,201.77606201171875,SHORT,-9.913253784179688
RELIANCE.NS,2015-07-23,2015-07-24,226.49969482421875,222.1118621826172,LONG,-4.3878326416015625
RELIANCE.NS,2015-11-26,2015-12-07,214.2245635986328,206.29393005371094,LONG,-7.930633544921875
RELIANCE.NS,2015-12-16,2016-01-05,212.05770874023438,217.7998504638672,LONG,5.7421417236328125
RELIANCE.NS,2016-01-06,2016-01-19,223.66114807128906,226.13134765625,LONG,2.4701995849609375
RELIANCE.NS,2016-02-23,2016-04-05,205.77389526367188,225.02899169921875,LONG,19.255096435546875
RELIANCE.NS,2016-04-13,2016-04-20,233.5967254638672,227.29690551757812,LONG,-6.2998199462890625
RELIANCE.NS,2016-05-27,2016-06-27,213.57972717285156,209.40545654296875,LONG,-4.1742706298828125
RELIANCE.NS,2016-07-04,2016-08-01,216.20924377441406,221.20529174804688,LONG,4.9960479736328125
RELIANCE.NS,2016-08-12,2016-08-17,226.9682159423828,222.03794860839844,LONG,-4.930267333984375
RELIANCE.NS,2016-08-29,2016-09-02,231.71224975585938,222.0489044189453,LONG,-9.663345336914062
RELIANCE.NS,2016-09-12,2016-10-03,229.31283569335938,238.9981231689453,LONG,9.685287475585938
RELIANCE.NS,2016-10-07,2016-10-10,243.00807189941406,240.23614501953125,LONG,-2.7719268798828125
RELIANCE.NS,2016-11-23,2017-01-16,221.09573364257812,235.831787109375,LONG,14.736053466796875
RELIANCE.NS,2017-02-14,2017-03-20,230.0359649658203,280.65350341796875,LONG,50.61753845214844
RELIANCE.NS,2017-04-05,2017-04-13,310.0598449707031,299.05987548828125,LONG,-10.999969482421875
RELIANCE.NS,2017-05-30,2017-06-02,297.8656921386719,290.28399658203125,LONG,-7.581695556640625
RELIANCE.NS,2017-06-08,2017-06-12,291.8069152832031,289.12255859375,LONG,-2.684356689453125
RELIANCE.NS,2017-06-14,2017-07-03,297.4603271484375,302.62060546875,LONG,5.1602783203125
RELIANCE.NS,2017-07-05,2017-08-07,316.1186828613281,356.9960021972656,LONG,40.8773193359375
RELIANCE.NS,2017-09-05,2017-09-22,360.5851135253906,361.0709533691406,LONG,0.48583984375
RELIANCE.NS,2017-10-10,2017-11-06,372.46759033203125,411.9141540527344,LONG,39.446563720703125
RELIANCE.NS,2017-11-23,2017-12-01,418.31927490234375,402.01934814453125,LONG,-16.2999267578125
RELIANCE.NS,2018-01-08,2018-01-18,410.1693115234375,406.260009765625,LONG,-3.9093017578125
RELIANCE.NS,2018-01-22,2018-02-02,429.1417236328125,399.4794616699219,LONG,-29.662261962890625
RELIANCE.NS,2018-02-19,2018-03-06,409.4846496582031,402.3507080078125,LONG,-7.133941650390625
RELIANCE.NS,2018-03-14,2018-03-15,410.3902282714844,402.7703552246094,LONG,-7.619873046875
RELIANCE.NS,2018-04-05,2018-05-16,401.1800537109375,422.361083984375,LONG,21.1810302734375
RELIANCE.NS,2018-06-05,2018-06-26,418.6063537597656,432.4325866699219,LONG,13.82623291015625
RELIANCE.NS,2018-07-10,2018-08-13,456.1122131347656,528.151123046875,LONG,72.03890991210938
RELIANCE.NS,2018-08-23,2018-08-31,564.5039672851562,552.1417846679688,LONG,-12.3621826171875
RELIANCE.NS,2018-11-02,2018-12-10,477.99066162109375,484.8165588378906,LONG,6.825897216796875
RELIANCE.NS,2018-12-20,2018-12-21,501.8035888671875,489.2411804199219,LONG,-12.562408447265625
RELIANCE.NS,2019-01-01,2019-01-02,498.4905700683594,491.99822998046875,LONG,-6.492340087890625
RELIANCE.NS,2019-01-15,2019-02-12,502.337158203125,558.7008056640625,LONG,56.3636474609375
RELIANCE.NS,2019-03-08,2019-04-04,563.4589233398438,601.6795043945312,LONG,38.2205810546875
RELIANCE.NS,2019-04-26,2019-05-07,619.3556518554688,597.4328002929688,LONG,-21.9228515625
RELIANCE.NS,2019-05-22,2019-06-17,596.05419921875,570.2181396484375,LONG,-25.8360595703125
RELIANCE.NS,2019-07-10,2019-07-19,568.6838989257812,555.41015625,LONG,-13.27374267578125
RELIANCE.NS,2019-07-22,2019-07-25,569.417724609375,547.628173828125,LONG,-21.78955078125
RELIANCE.NS,2019-08-13,2019-09-03,570.2633056640625,539.686767578125,LONG,-30.5765380859375
RELIANCE.NS,2019-11-20,2019-12-04,692.345947265625,694.6051635742188,LONG,2.25921630859375
RELIANCE.NS,2020-01-17,2020-01-22,707.2652587890625,685.9488525390625,LONG,-21.31640625
RELIANCE.NS,2020-02-12,2020-02-26,657.7432250976562,622.7154541015625,LONG,-35.02777099609375
RELIANCE.NS,2020-06-03,2020-06-11,696.19921875,694.4154663085938,LONG,-1.78375244140625
RELIANCE.NS,2020-06-15,2020-06-30,729.1204223632812,769.5607299804688,LONG,40.4403076171875
RELIANCE.NS,2020-07-03,2020-07-16,810.6897583007812,835.855224609375,LONG,25.16546630859375
RELIANCE.NS,2020-07-21,2020-08-03,893.9624633789062,910.9434814453125,LONG,16.98101806640625
RELIANCE.NS,2020-09-10,2020-09-22,1049.2398681640625,1002.6045532226562,LONG,-46.63531494140625
RELIANCE.NS,2020-11-10,2020-12-23,945.2001342773438,881.40234375,LONG,-63.79779052734375
RELIANCE.NS,2020-12-24,2021-01-06,904.2100219726562,867.9807739257812,LONG,-36.229248046875
RELIANCE.NS,2021-01-18,2021-01-27,899.5850219726562,859.2522583007812,LONG,-40.332763671875
RELIANCE.NS,2021-02-09,2021-03-15,886.9795532226562,956.2412109375,LONG,69.26165771484375
RELIANCE.NS,2021-08-04,2021-09-20,957.2315673828125,1089.4581298828125,LONG,132.2265625
RELIANCE.NS,2021-09-23,2021-10-21,1132.9344482421875,1193.26904296875,LONG,60.3345947265625
RELIANCE.NS,2021-12-02,2021-12-03,1129.7266845703125,1095.78271484375,LONG,-33.9439697265625
RELIANCE.NS,2021-12-09,2021-12-15,1117.7142333984375,1079.8345947265625,LONG,-37.879638671875
RELIANCE.NS,2021-12-16,2021-12-17,1093.80322265625,1064.9329833984375,LONG,-28.8702392578125
RELIANCE.NS,2021-12-24,2022-01-24,1079.652587890625,1081.97314453125,LONG,2.320556640625
RELIANCE.NS,2022-02-15,2022-02-24,1100.1962890625,1026.393310546875,LONG,-73.802978515625
RELIANCE.NS,2022-03-03,2022-03-04,1082.1551513671875,1058.153076171875,LONG,-24.0020751953125
RELIANCE.NS,2022-03-10,2022-04-08,1088.50244140625,1190.152099609375,LONG,101.649658203125
RELIANCE.NS,2022-04-21,2022-05-04,1265.888916015625,1225.64306640625,LONG,-40.245849609375
RELIANCE.NS,2022-05-23,2022-06-14,1186.1708984375,1195.817138671875,LONG,9.646240234375
RELIANCE.NS,2022-10-11,2022-10-12,1076.373291015625,1084.2935791015625,SHORT,-7.9202880859375
RELIANCE.NS,2022-11-28,2022-12-07,1235.9874267578125,1209.9442138671875,LONG,-26.043212890625
RELIANCE.NS,2023-01-09,2023-01-12,1185.4302978515625,1128.2769775390625,LONG,-57.1533203125
RELIANCE.NS,2023-03-02,2023-03-03,1061.833984375,1088.927001953125,SHORT,-27.093017578125
RELIANCE.NS,2023-03-13,2023-03-31,1042.8665771484375,1064.116455078125,SHORT,-21.2498779296875
RELIANCE.NS,2023-05-17,2023-05-29,1113.5323486328125,1150.6453857421875,SHORT,-37.113037109375
RELIANCE.NS,2023-05-31,2023-06-14,1127.5009765625,1164.910888671875,SHORT,-37.409912109375
RELIANCE.NS,2023-07-03,2023-07-24,1194.058349609375,1230.2166748046875,LONG,36.1583251953125
RELIANCE.NS,2023-09-12,2023-09-20,1210.4659423828125,1182.323974609375,LONG,-28.1419677734375
RELIANCE.NS,2023-10-11,2023-10-23,1163.910400390625,1123.2861328125,LONG,-40.624267578125
RELIANCE.NS,2024-01-11,2024-01-23,1349.9088134765625,1318.8138427734375,LONG,-31.094970703125
RELIANCE.NS,2024-01-29,2024-02-16,1437.4111328125,1449.843994140625,LONG,12.432861328125
RELIANCE.NS,2024-03-28,2024-04-05,1474.933349609375,1449.3724365234375,LONG,-25.5609130859375
RELIANCE.NS,2024-04-08,2024-04-09,1475.057373046875,1452.896484375,LONG,-22.160888671875
RELIANCE.NS,2024-04-10,2024-04-12,1468.7044677734375,1456.370849609375,LONG,-12.3336181640625
RELIANCE.NS,2024-05-17,2024-06-04,1425.15185546875,1387.0091552734375,LONG,-38.1427001953125
RELIANCE.NS,2024-06-07,2024-06-24,1459.1500244140625,1430.88427734375,LONG,-28.2657470703125
RELIANCE.NS,2024-06-26,2024-07-18,1502.9013671875,1575.0177001953125,LONG,72.1163330078125
RELIANCE.NS,2024-08-19,2024-09-06,1482.4791259765625,1458.997802734375,LONG,-23.4813232421875
RELIANCE.NS,2024-09-23,2024-10-03,1487.434326171875,1401.3780517578125,LONG,-86.0562744140625
RELIANCE.NS,2024-11-08,2024-11-25,1278.6431884765625,1281.8802490234375,SHORT,-3.237060546875
RELIANCE.NS,2024-12-16,2025-01-02,1263.2547607421875,1236.860107421875,SHORT,26.3946533203125
RELIANCE.NS,2025-01-27,2025-02-01,1224.4595947265625,1259.5693359375,SHORT,-35.1097412109375
RELIANCE.NS,2025-02-03,2025-02-04,1240.94384765625,1280.08740234375,SHORT,-39.1435546875
RELIANCE.NS,2025-02-11,2025-03-07,1229.937744140625,1244.828369140625,SHORT,-14.890625
RELIANCE.NS,2025-04-03,2025-04-17,1243.732666015625,1269.4300537109375,SHORT,-25.6973876953125
RELIANCE.NS,2025-06-26,2025-07-11,1489.3516845703125,1489.2520751953125,LONG,-0.099609375
RELIANCE.NS,2025-08-18,2025-08-29,1381.699951171875,1357.199951171875,LONG,-24.5
RELIANCE.NS,2025-09-08,2025-09-17,1378.5,1413.800048828125,LONG,35.300048828125
TCS.NS,2014-11-03,2014-12-05,1092.4031982421875,1087.595703125,LONG,-4.8074951171875
TCS.NS,2014-12-23,2015-01-07,1061.34375,1019.5931396484375,LONG,-41.7506103515625
TCS.NS,2015-01-12,2015-02-10,1058.391845703125,1031.5428466796875,LONG,-26.8489990234375
TCS.NS,2015-02-16,2015-03-10,1092.243896484375,1116.7103271484375,LONG,24.4664306640625
TCS.NS,2015-04-08,2015-04-17,1116.160888671875,1045.7830810546875,LONG,-70.3778076171875
TCS.NS,2015-05-06,2015-05-07,1040.7969970703125,1075.53173828125,SHORT,-34.7347412109375
TCS.NS,2015-06-10,2015-06-11,1109.2005615234375,1096.640625,LONG,-12.5599365234375
TCS.NS,2015-06-24,2015-06-25,1096.2139892578125,1087.55615234375,LONG,-8.6578369140625
TCS.NS,2015-06-26,2015-07-09,1105.81005859375,1075.82763671875,LONG,-29.982421875
TCS.NS,2015-07-21,2015-07-22,1094.765869140625,1080.511962890625,LONG,-14.25390625
TCS.NS,2015-08-05,2015-08-25,1088.6756591796875,1097.2237548828125,LONG,8.548095703125
TCS.NS,2015-09-24,2015-10-14,1102.8868408203125,1061.5560302734375,LONG,-41.330810546875
TCS.NS,2015-11-05,2015-12-02,1063.419189453125,1013.110595703125,SHORT,50.30859375
TCS.NS,2015-12-04,2015-12-09,997.3474731445312,1014.1600341796875,SHORT,-16.81256103515625
TCS.NS,2016-01-05,2016-01-27,1006.1505126953125,996.0455322265625,SHORT,10.10498046875
TCS.NS,2016-02-10,2016-02-22,974.168701171875,994.392578125,SHORT,-20.223876953125
TCS.NS,2016-02-23,2016-03-02,972.107666015625,995.6587524414062,SHORT,-23.55108642578125
TCS.NS,2016-04-08,2016-04-13,1044.2640380859375,1084.6904296875,SHORT,-40.4263916015625
TCS.NS,2016-04-20,2016-04-29,1052.1220703125,1088.68310546875,SHORT,-36.56103515625
TCS.NS,2016-05-12,2016-05-23,1101.864990234375,1069.76953125,LONG,-32.095458984375
TCS.NS,2016-05-30,2016-06-10,1132.00732421875,1108.7630615234375,LONG,-23.2442626953125
TCS.NS,2016-06-20,2016-06-24,1153.686279296875,1116.658447265625,LONG,-37.02783203125
TCS.NS,2016-07-21,2016-08-18,1087.2017822265625,1147.64990234375,LONG,60.4481201171875
TCS.NS,2016-10-13,2016-10-14,1012.966064453125,1029.1900634765625,SHORT,-16.2239990234375
TCS.NS,2016-11-02,2016-11-24,1004.8470458984375,954.4312744140625,SHORT,50.415771484375
TCS.NS,2017-01-06,2017-01-25,994.9689331054688,1029.1220703125,SHORT,-34.15313720703125
TCS.NS,2017-01-31,2017-02-09,975.23876953125,1013.5083618164062,SHORT,-38.26959228515625
TCS.NS,2017-07-10,2017-08-10,1076.870849609375,1113.8336181640625,LONG,36.9627685546875
TCS.NS,2017-09-14,2017-09-28,1102.9676513671875,1098.310791015625,LONG,-4.6568603515625
TCS.NS,2017-10-11,2017-11-20,1108.9100341796875,1202.24951171875,LONG,93.3394775390625
TCS.NS,2017-12-26,2018-02-06,1178.2353515625,1336.065673828125,LONG,157.830322265625
TCS.NS,2018-03-05,2018-03-06,1384.4755859375,1356.3701171875,LONG,-28.10546875
TCS.NS,2018-04-03,2018-05-08,1297.729736328125,1533.96240234375,LONG,236.232666015625
TCS.NS,2018-06-13,2018-07-25,1639.7679443359375,1784.85107421875,LONG,145.0831298828125
TCS.NS,2018-08-23,2018-09-07,1833.1312255859375,1873.440673828125,LONG,40.3094482421875
TCS.NS,2018-09-24,2018-10-04,1980.2701416015625,1859.884033203125,LONG,-120.3861083984375
TCS.NS,2018-11-01,2018-11-21,1747.313720703125,1635.6104736328125,LONG,-111.7032470703125
TCS.NS,2018-11-27,2018-12-20,1706.2430419921875,1763.8323974609375,LONG,57.58935546875
TCS.NS,2019-01-18,2019-02-18,1719.30810546875,1782.3131103515625,LONG,63.0050048828125
TCS.NS,2019-03-08,2019-03-13,1829.71337890625,1809.631103515625,LONG,-20.082275390625
TCS.NS,2019-03-15,2019-03-22,1845.3172607421875,1814.2899169921875,LONG,-31.02734375
TCS.NS,2019-04-02,2019-04-12,1880.912841796875,1822.29541015625,LONG,-58.617431640625
TCS.NS,2019-04-15,2019-05-07,1911.6690673828125,1946.63134765625,LONG,34.9622802734375
TCS.NS,2019-05-31,2019-06-26,1986.9755859375,2055.627685546875,LONG,68.652099609375
TCS.NS,2019-07-29,2019-08-19,1946.90478515625,1977.0679931640625,LONG,30.1632080078125
TCS.NS,2019-08-23,2019-09-05,2054.487548828125,2024.8721923828125,LONG,-29.6153564453125
TCS.NS,2019-11-14,2019-11-15,2012.880615234375,1992.4022216796875,LONG,-20.4783935546875
TCS.NS,2019-12-06,2019-12-10,1945.8094482421875,1844.3310546875,LONG,-101.4783935546875
TCS.NS,2019-12-16,2020-01-02,1948.6954345703125,1977.0079345703125,LONG,28.3125
TCS.NS,2020-01-03,2020-01-13,2016.4078369140625,2006.9710693359375,LONG,-9.436767578125
TCS.NS,2020-01-16,2020-01-17,2051.364990234375,2033.313720703125,LONG,-18.05126953125
TCS.NS,2020-02-12,2020-02-24,1993.5284423828125,1942.65185546875,LONG,-50.8765869140625
TCS.NS,2020-07-02,2020-07-17,2001.3782958984375,2046.41015625,LONG,45.0318603515625
TCS.NS,2020-07-29,2020-08-04,2116.43017578125,2091.927734375,LONG,-24.50244140625
TCS.NS,2020-08-07,2020-08-10,2134.376220703125,2122.70654296875,LONG,-11.669677734375
TCS.NS,2020-09-04,2020-09-24,2128.28564453125,2168.688232421875,LONG,40.402587890625
TCS.NS,2020-10-01,2020-10-19,2346.4794921875,2532.137939453125,LONG,185.658447265625
TCS.NS,2020-11-24,2021-01-28,2541.94384765625,2990.72802734375,LONG,448.7841796875
TCS.NS,2021-03-09,2021-04-16,2854.50244140625,2989.41796875,LONG,134.91552734375
TCS.NS,2021-05-11,2021-05-12,2921.539794921875,2888.79345703125,LONG,-32.746337890625
TCS.NS,2021-05-25,2021-07-02,2927.74462890625,3126.54736328125,LONG,198.802734375
TCS.NS,2021-08-03,2021-09-13,3095.16259765625,3623.2412109375,LONG,528.07861328125
TCS.NS,2021-09-15,2021-09-17,3726.133544921875,3606.752197265625,LONG,-119.38134765625
TCS.NS,2021-11-08,2021-12-20,3306.762939453125,3357.8828125,LONG,51.119873046875
TCS.NS,2021-12-21,2022-01-20,3406.4072265625,3618.79345703125,LONG,212.38623046875
TCS.NS,2022-03-09,2022-04-11,3435.373046875,3495.708740234375,LONG,60.335693359375
TCS.NS,2022-06-14,2022-06-23,3056.689697265625,3150.231689453125,SHORT,-93.5419921875
TCS.NS,2022-07-11,2022-07-21,2964.57666015625,3033.018798828125,SHORT,-68.442138671875
TCS.NS,2022-08-23,2022-09-13,3135.446044921875,3082.705078125,SHORT,52.740966796875
TCS.NS,2022-09-14,2022-10-04,2978.702392578125,2950.7802734375,SHORT,27.922119140625
TCS.NS,2023-01-03,2023-01-06,3169.16259765625,3073.64697265625,LONG,-95.515625
TCS.NS,2023-01-09,2023-02-20,3177.392578125,3345.488037109375,LONG,168.095458984375
TCS.NS,2023-04-19,2023-04-21,2963.96044921875,3032.3134765625,SHORT,-68.35302734375
TCS.NS,2023-05-18,2023-05-22,3069.727294921875,3164.55712890625,SHORT,-94.829833984375
TCS.NS,2023-06-06,2023-06-30,3100.857666015625,3191.52392578125,SHORT,-90.666259765625
TCS.NS,2023-08-08,2023-08-10,3362.95068359375,3335.334716796875,LONG,-27.615966796875
TCS.NS,2023-09-06,2023-09-28,3323.513427734375,3427.04931640625,LONG,103.535888671875
TCS.NS,2023-10-09,2023-10-12,3525.497802734375,3432.66943359375,LONG,-92.828369140625
TCS.NS,2023-11-15,2024-01-01,3307.24267578125,3702.445068359375,LONG,395.202392578125
TCS.NS,2024-01-15,2024-01-25,3792.501953125,3710.22412109375,LONG,-82.27783203125
TCS.NS,2024-02-05,2024-02-20,3868.943115234375,3924.78662109375,LONG,55.843505859375
TCS.NS,2024-03-14,2024-03-19,4097.08935546875,3872.837890625,LONG,-224.25146484375
TCS.NS,2024-04-10,2024-04-16,3879.994873046875,3771.082763671875,LONG,-108.912109375
TCS.NS,2024-05-03,2024-05-21,3742.454833984375,3746.900634765625,LONG,4.44580078125
TCS.NS,2024-05-23,2024-05-28,3818.7451171875,3766.22265625,LONG,-52.5224609375
TCS.NS,2024-06-07,2024-08-02,3819.235595703125,4210.62646484375,LONG,391.390869140625
TCS.NS,2024-08-19,2024-09-03,4414.0771484375,4436.04931640625,LONG,21.97216796875
TCS.NS,2024-10-29,2024-10-31,4016.1142578125,3910.864013671875,LONG,-105.250244140625
TCS.NS,2024-11-06,2024-12-17,4079.57958984375,4265.689453125,LONG,186.10986328125
TCS.NS,2025-01-13,2025-01-21,4228.83203125,3986.764404296875,LONG,-242.067626953125
TCS.NS,2025-01-23,2025-01-27,4095.031494140625,4015.707763671875,LONG,-79.32373046875
TCS.NS,2025-02-07,2025-03-11,3980.392333984375,3531.815673828125,SHORT,448.57666015625
TCS.NS,2025-04-04,2025-04-22,3259.27099609375,3274.088623046875,SHORT,-14.817626953125
TCS.NS,2025-05-28,2025-06-11,3455.1591796875,3460.1572265625,SHORT,-4.998046875
TCS.NS,2025-06-23,2025-06-30,3382.122314453125,3450.290771484375,SHORT,-68.16845703125
TCS.NS,2025-07-02,2025-08-08,3411.7216796875,3036.39990234375,SHORT,375.32177734375
TCS.NS,2025-09-09,2025-09-10,3049.39990234375,3110.0,SHORT,-60.60009765625
HDFCBANK.NS,2014-12-23,2015-01-06,210.2100372314453,206.37705993652344,LONG,-3.832977294921875
HDFCBANK.NS,2015-01-09,2015-02-09,213.69253540039062,227.8087615966797,LONG,14.116226196289062
HDFCBANK.NS,2015-04-09,2015-04-17,231.3131561279297,223.02301025390625,LONG,-8.290145874023438
HDFCBANK.NS,2015-05-14,2015-06-05,217.06553649902344,221.59938049316406,LONG,4.533843994140625
HDFCBANK.NS,2015-06-19,2015-07-24,225.7061004638672,244.47154235839844,LONG,18.76544189453125
HDFCBANK.NS,2015-11-30,2015-12-07,237.82937622070312,234.3426971435547,LONG,-3.4866790771484375
HDFCBANK.NS,2015-12-17,2016-01-06,238.3809814453125,235.4791259765625,LONG,-2.90185546875
HDFCBANK.NS,2016-02-10,2016-03-01,223.52978515625,217.17442321777344,SHORT,6.3553619384765625
HDFCBANK.NS,2016-04-13,2016-05-18,238.71202087402344,251.70956420898438,LONG,12.997543334960938
HDFCBANK.NS,2016-05-26,2016-06-02,261.1102600097656,259.27862548828125,LONG,-1.831634521484375
HDFCBANK.NS,2016-06-30,2016-08-02,263.9065246582031,278.90264892578125,LONG,14.996124267578125
HDFCBANK.NS,2016-08-31,2016-09-14,289.64776611328125,284.7686767578125,LONG,-4.87908935546875
HDFCBANK.NS,2016-09-23,2016-09-26,294.4707336425781,290.7581481933594,LONG,-3.71258544921875
HDFCBANK.NS,2016-11-09,2016-11-17,280.68597412109375,275.9639587402344,LONG,-4.722015380859375
HDFCBANK.NS,2016-12-06,2017-02-13,267.9443664550781,293.909912109375,LONG,25.965545654296875
HDFCBANK.NS,2017-02-17,2017-03-03,308.9060363769531,308.8947448730469,LONG,-0.01129150390625
HDFCBANK.NS,2017-03-21,2017-03-22,323.2403564453125,320.98590087890625,LONG,-2.25445556640625
HDFCBANK.NS,2017-04-21,2017-05-09,335.7239990234375,344.5063171386719,LONG,8.782318115234375
HDFCBANK.NS,2017-05-25,2017-06-15,362.7663269042969,373.35443115234375,LONG,10.588104248046875
HDFCBANK.NS,2017-06-21,2017-06-22,381.05999755859375,380.9029846191406,LONG,-0.157012939453125
HDFCBANK.NS,2017-07-20,2017-08-09,388.9313049316406,401.1045837402344,LONG,12.17327880859375
HDFCBANK.NS,2017-09-11,2017-09-25,414.49407958984375,409.12921142578125,LONG,-5.3648681640625
HDFCBANK.NS,2017-10-13,2017-10-25,420.7341613769531,408.0721435546875,LONG,-12.662017822265625
HDFCBANK.NS,2017-11-20,2017-12-05,417.85845947265625,413.8348388671875,LONG,-4.02362060546875
HDFCBANK.NS,2017-12-15,2018-01-01,425.883056640625,421.57525634765625,LONG,-4.30780029296875
HDFCBANK.NS,2018-01-15,2018-02-05,431.4071044921875,435.0670166015625,LONG,3.659912109375
HDFCBANK.NS,2018-02-27,2018-03-01,432.4982604980469,426.0876770019531,LONG,-6.41058349609375
HDFCBANK.NS,2018-03-15,2018-03-20,427.5539245605469,418.1653747558594,LONG,-9.3885498046875
HDFCBANK.NS,2018-03-21,2018-04-25,422.57550048828125,436.6355285644531,LONG,14.060028076171875
HDFCBANK.NS,2018-05-02,2018-05-22,447.71771240234375,452.3551330566406,LONG,4.637420654296875
HDFCBANK.NS,2018-05-30,2018-06-11,465.642333984375,470.2358093261719,LONG,4.593475341796875
HDFCBANK.NS,2018-06-25,2018-07-03,482.3583068847656,476.65966796875,LONG,-5.698638916015625
HDFCBANK.NS,2018-07-05,2018-07-23,488.9894714355469,496.51861572265625,LONG,7.529144287109375
HDFCBANK.NS,2018-09-28,2018-10-09,461.8893127441406,446.81951904296875,LONG,-15.069793701171875
HDFCBANK.NS,2018-10-11,2018-10-12,446.1172790527344,456.3172607421875,SHORT,-10.199981689453125
HDFCBANK.NS,2018-10-29,2018-11-06,443.5270080566406,448.1895446777344,SHORT,-4.66253662109375
HDFCBANK.NS,2018-12-18,2018-12-21,491.68341064453125,486.0883483886719,LONG,-5.595062255859375
HDFCBANK.NS,2019-02-06,2019-02-18,488.73614501953125,481.1955261230469,LONG,-7.540618896484375
HDFCBANK.NS,2019-02-25,2019-02-27,489.369384765625,481.73663330078125,LONG,-7.63275146484375
HDFCBANK.NS,2019-03-07,2019-04-04,489.6226501464844,525.8753051757812,LONG,36.252655029296875
HDFCBANK.NS,2019-05-02,2019-05-09,542.4185791015625,527.4754638671875,LONG,-14.943115234375
HDFCBANK.NS,2019-05-20,2019-06-12,560.0440673828125,558.82373046875,LONG,-1.2203369140625
HDFCBANK.NS,2019-06-26,2019-07-08,575.337158203125,561.7457275390625,LONG,-13.5914306640625
HDFCBANK.NS,2019-08-09,2019-09-19,531.9986572265625,513.3716430664062,LONG,-18.62701416015625
HDFCBANK.NS,2019-09-20,2019-10-07,559.3212280273438,553.3997802734375,LONG,-5.92144775390625
HDFCBANK.NS,2019-11-11,2019-11-13,589.69775390625,586.3408813476562,LONG,-3.35687255859375
HDFCBANK.NS,2019-11-14,2019-11-20,593.9640502929688,593.7076416015625,LONG,-0.25640869140625
HDFCBANK.NS,2019-11-21,2019-11-22,598.3702392578125,589.69775390625,LONG,-8.6724853515625
HDFCBANK.NS,2019-12-18,2019-12-31,602.5664672851562,593.124755859375,LONG,-9.44171142578125
HDFCBANK.NS,2020-01-14,2020-01-20,601.2377319335938,585.105224609375,LONG,-16.13250732421875
HDFCBANK.NS,2020-02-07,2020-02-18,579.1837768554688,565.6856689453125,LONG,-13.49810791015625
HDFCBANK.NS,2020-05-14,2020-05-28,416.6933898925781,440.7289123535156,SHORT,-24.0355224609375
HDFCBANK.NS,2020-06-17,2020-06-18,456.58160400390625,475.55828857421875,SHORT,-18.9766845703125
HDFCBANK.NS,2020-07-13,2020-07-22,503.67352294921875,525.1679077148438,SHORT,-21.494384765625
HDFCBANK.NS,2020-10-01,2020-10-28,516.1224975585938,563.9838256835938,LONG,47.861328125
HDFCBANK.NS,2020-11-05,2020-12-01,591.772705078125,668.285400390625,LONG,76.5126953125
HDFCBANK.NS,2020-12-31,2021-01-04,669.6841430664062,660.2191772460938,LONG,-9.4649658203125
HDFCBANK.NS,2021-01-11,2021-01-22,676.7478637695312,673.0645141601562,LONG,-3.683349609375
HDFCBANK.NS,2021-02-02,2021-02-18,727.6165161132812,724.7024536132812,LONG,-2.9140625
HDFCBANK.NS,2021-04-26,2021-06-09,654.9970703125,690.1994018554688,LONG,35.20233154296875
HDFCBANK.NS,2021-06-25,2021-07-02,706.4251708984375,696.246826171875,LONG,-10.1783447265625
HDFCBANK.NS,2021-07-06,2021-07-12,721.7846069335938,699.350830078125,LONG,-22.43377685546875
HDFCBANK.NS,2021-07-16,2021-07-19,715.9762573242188,691.825927734375,LONG,-24.15032958984375
HDFCBANK.NS,2021-08-05,2021-09-09,698.3396606445312,737.7280883789062,LONG,39.388427734375
HDFCBANK.NS,2021-09-27,2021-10-04,764.3006591796875,745.7940063476562,LONG,-18.50665283203125
HDFCBANK.NS,2021-10-06,2021-10-26,759.5034790039062,777.3046875,LONG,17.80120849609375
HDFCBANK.NS,2021-12-03,2021-12-17,711.8375854492188,692.7901000976562,LONG,-19.0474853515625
HDFCBANK.NS,2022-01-20,2022-02-04,709.6976318359375,716.7523193359375,SHORT,-7.0546875
HDFCBANK.NS,2022-02-07,2022-02-10,690.4855346679688,717.2696533203125,SHORT,-26.78411865234375
HDFCBANK.NS,2022-02-14,2022-02-15,693.095703125,713.8363647460938,SHORT,-20.74066162109375
HDFCBANK.NS,2022-02-24,2022-03-14,667.5579223632812,678.445556640625,SHORT,-10.88763427734375
HDFCBANK.NS,2022-04-13,2022-05-18,688.98046875,625.125,SHORT,63.85546875
HDFCBANK.NS,2022-05-19,2022-05-20,612.3504028320312,628.4791870117188,SHORT,-16.1287841796875
HDFCBANK.NS,2022-06-13,2022-06-24,631.1673583984375,644.1085205078125,SHORT,-12.941162109375
HDFCBANK.NS,2022-07-18,2022-07-22,641.1349487304688,662.5211791992188,SHORT,-21.38623046875
HDFCBANK.NS,2022-09-14,2022-09-16,727.2984008789062,710.2179565429688,LONG,-17.0804443359375
HDFCBANK.NS,2022-10-17,2022-11-28,688.2369995117188,761.3640747070312,LONG,73.1270751953125
HDFCBANK.NS,2023-01-19,2023-01-31,782.2269287109375,762.9103393554688,LONG,-19.31658935546875
HDFCBANK.NS,2023-02-06,2023-02-20,785.86669921875,780.4427490234375,LONG,-5.4239501953125
HDFCBANK.NS,2023-03-09,2023-03-10,775.8515014648438,755.8450317382812,LONG,-20.0064697265625
HDFCBANK.NS,2023-03-28,2023-05-05,751.82470703125,773.4488525390625,LONG,21.6241455078125
HDFCBANK.NS,2023-06-20,2023-07-11,773.5842895507812,793.2667846679688,LONG,19.6824951171875
HDFCBANK.NS,2023-07-20,2023-07-28,812.6846313476562,790.90869140625,LONG,-21.77593994140625
HDFCBANK.NS,2023-09-21,2023-10-11,747.5254516601562,740.908447265625,SHORT,6.61700439453125
HDFCBANK.NS,2023-10-25,2023-11-06,720.1672973632812,719.2047729492188,SHORT,0.9625244140625
HDFCBANK.NS,2024-04-22,2024-05-23,727.7225952148438,738.17919921875,SHORT,-10.45660400390625
HDFCBANK.NS,2024-08-02,2024-08-05,820.548095703125,799.084228515625,LONG,-21.4638671875
HDFCBANK.NS,2024-08-09,2024-08-14,816.1217651367188,795.1524658203125,LONG,-20.96929931640625
HDFCBANK.NS,2024-08-20,2024-08-23,809.9397583007812,803.6836547851562,LONG,-6.256103515625
HDFCBANK.NS,2024-08-26,2024-10-03,811.0525512695312,831.8487548828125,LONG,20.79620361328125
HDFCBANK.NS,2024-10-21,2024-11-12,854.9446411132812,849.7517700195312,LONG,-5.19287109375
HDFCBANK.NS,2024-11-25,2024-12-17,883.0850830078125,906.65087890625,LONG,23.5657958984375
HDFCBANK.NS,2025-01-23,2025-02-24,823.391845703125,829.4254150390625,LONG,6.0335693359375
HDFCBANK.NS,2025-02-28,2025-03-05,856.7745971679688,835.8052368164062,LONG,-20.9693603515625
HDFCBANK.NS,2025-03-13,2025-04-07,844.014892578125,869.286865234375,LONG,25.27197265625
HDFCBANK.NS,2025-04-15,2025-05-06,922.3037109375,955.3402099609375,LONG,33.0364990234375
HDFCBANK.NS,2025-06-06,2025-06-12,978.58447265625,961.1265869140625,LONG,-17.4578857421875
HDFCBANK.NS,2025-06-25,2025-07-11,979.3263549804688,991.8499755859375,LONG,12.52362060546875
HDFCBANK.NS,2025-07-30,2025-07-31,1012.9000244140625,1009.0999755859375,LONG,-3.800048828125
HDFCBANK.NS,2025-09-10,2025-09-17,965.9000244140625,966.5,LONG,0.5999755859375
INFY.NS,2014-10-30,2014-11-21,380.4175720214844,399.6575622558594,LONG,19.239990234375
INFY.NS,2014-11-25,2014-12-02,414.7959289550781,409.9764099121094,LONG,-4.81951904296875
INFY.NS,2015-01-01,2015-02-02,380.634521484375,411.95257568359375,LONG,31.31805419921875
INFY.NS,2015-02-06,2015-02-23,430.0067138671875,436.77349853515625,LONG,6.76678466796875
INFY.NS,2015-04-10,2015-04-17,430.6718444824219,420.12652587890625,LONG,-10.545318603515625
INFY.NS,2015-06-30,2015-07-16,385.2904357910156,387.1300964355469,SHORT,-1.83966064453125
INFY.NS,2015-09-18,2015-10-13,432.29949951171875,430.3229064941406,LONG,-1.976593017578125
INFY.NS,2015-10-23,2015-11-04,454.22869873046875,449.05401611328125,LONG,-5.1746826171875
INFY.NS,2015-12-01,2015-12-04,426.22210693359375,414.3913879394531,LONG,-11.830718994140625
INFY.NS,2016-01-14,2016-02-09,447.5528869628906,437.5393371582031,LONG,-10.0135498046875
INFY.NS,2016-03-02,2016-03-15,456.6383361816406,448.10595703125,LONG,-8.532379150390625
INFY.NS,2016-03-16,2016-04-07,455.2359313964844,466.7112121582031,LONG,11.47528076171875
INFY.NS,2016-04-20,2016-04-25,491.24169921875,480.2799987792969,LONG,-10.961700439453125
INFY.NS,2016-04-26,2016-04-28,486.71875,477.6333923339844,LONG,-9.085357666015625
INFY.NS,2016-05-26,2016-06-09,487.50872802734375,473.7438659667969,LONG,-13.764862060546875
INFY.NS,2016-07-13,2016-07-15,477.0606384277344,428.6073303222656,LONG,-48.45330810546875
INFY.NS,2016-08-17,2016-08-24,412.9224548339844,422.5531921386719,SHORT,-9.6307373046875
INFY.NS,2016-09-29,2016-10-04,411.28399658203125,419.2762756347656,SHORT,-7.992279052734375
INFY.NS,2016-10-06,2016-10-13,410.5647277832031,420.5351257324219,SHORT,-9.97039794921875
INFY.NS,2016-10-17,2016-10-18,408.566650390625,415.22027587890625,SHORT,-6.65362548828125
INFY.NS,2016-10-27,2016-11-25,405.3147277832031,394.81329345703125,SHORT,10.501434326171875
INFY.NS,2016-12-29,2016-12-30,400.8112487792969,408.1824035644531,SHORT,-7.37115478515625
INFY.NS,2017-01-03,2017-02-08,401.4171142578125,378.25335693359375,SHORT,23.16375732421875
INFY.NS,2017-03-09,2017-03-14,408.56610107421875,417.9568786621094,SHORT,-9.390777587890625
INFY.NS,2017-03-15,2017-03-17,408.72772216796875,420.17828369140625,SHORT,-11.4505615234375
INFY.NS,2017-03-20,2017-05-03,412.5849914550781,377.3647766113281,SHORT,35.22021484375
INFY.NS,2017-06-09,2017-07-04,389.01324462890625,394.5700988769531,SHORT,-5.556854248046875
INFY.NS,2017-08-17,2017-08-18,418.6424560546875,378.6174621582031,LONG,-40.024993896484375
INFY.NS,2017-12-08,2017-12-19,416.5869445800781,417.4602355957031,LONG,0.873291015625
INFY.NS,2017-12-21,2018-01-02,424.9865417480469,428.1675109863281,LONG,3.18096923828125
INFY.NS,2018-01-11,2018-02-01,447.336669921875,475.945068359375,LONG,28.6083984375
INFY.NS,2018-02-28,2018-03-06,487.5877990722656,478.75177001953125,LONG,-8.836029052734375
INFY.NS,2018-03-12,2018-03-19,493.0559387207031,476.83905029296875,LONG,-16.216888427734375
INFY.NS,2018-04-13,2018-04-17,487.1096496582031,467.8780517578125,LONG,-19.231597900390625
INFY.NS,2018-04-20,2018-05-10,490.0202941894531,485.6751403808594,LONG,-4.34515380859375
INFY.NS,2018-05-14,2018-05-18,494.5321044921875,491.9955139160156,LONG,-2.536590576171875
INFY.NS,2018-05-24,2018-06-21,507.7135009765625,526.8092041015625,LONG,19.095703125
INFY.NS,2018-06-26,2018-07-06,540.0369262695312,542.7418212890625,LONG,2.70489501953125
INFY.NS,2018-07-23,2018-07-31,573.0430908203125,576.9100952148438,LONG,3.86700439453125
INFY.NS,2018-08-13,2018-08-21,595.3571166992188,584.8764038085938,LONG,-10.480712890625
INFY.NS,2018-08-31,2018-09-17,609.0287475585938,613.5928344726562,LONG,4.5640869140625
INFY.NS,2018-11-01,2018-11-20,569.6498413085938,548.0327758789062,LONG,-21.6170654296875
INFY.NS,2018-11-28,2018-12-20,569.3935546875,569.9488525390625,LONG,0.5552978515625
INFY.NS,2019-01-07,2019-01-30,573.9219970703125,620.2320556640625,LONG,46.31005859375
INFY.NS,2019-01-31,2019-02-12,640.4395141601562,641.2085571289062,LONG,0.76904296875
INFY.NS,2019-03-20,2019-04-15,631.3825073242188,621.5991821289062,LONG,-9.7833251953125
INFY.NS,2019-05-17,2019-05-21,618.5233154296875,606.048583984375,LONG,-12.4747314453125
INFY.NS,2019-05-28,2019-06-26,622.11181640625,640.5181274414062,LONG,18.40631103515625
INFY.NS,2019-07-15,2019-08-01,675.3082885742188,666.2098999023438,LONG,-9.098388671875
INFY.NS,2019-08-22,2019-09-18,689.4754638671875,719.0664672851562,LONG,29.59100341796875
INFY.NS,2020-01-07,2020-01-13,638.6659545898438,678.7196044921875,SHORT,-40.05364990234375
INFY.NS,2020-02-18,2020-02-26,699.865234375,686.7918090820312,LONG,-13.07342529296875
INFY.NS,2020-05-15,2020-05-22,572.3338623046875,607.4740600585938,SHORT,-35.14019775390625
INFY.NS,2020-06-12,2020-06-26,615.4764404296875,665.4135131835938,SHORT,-49.93707275390625
INFY.NS,2020-09-14,2020-10-23,870.1424560546875,1009.0223388671875,LONG,138.8798828125
INFY.NS,2020-11-14,2020-11-17,1018.8654174804688,1010.10107421875,LONG,-8.76434326171875
INFY.NS,2020-12-07,2021-01-19,1027.8995361328125,1183.5450439453125,LONG,155.6455078125
INFY.NS,2021-03-03,2021-03-25,1207.725830078125,1198.96142578125,LONG,-8.764404296875
INFY.NS,2021-04-05,2021-04-15,1267.3681640625,1223.1868896484375,LONG,-44.1812744140625
INFY.NS,2021-05-21,2021-07-07,1217.568603515625,1421.605712890625,LONG,204.037109375
INFY.NS,2021-08-02,2021-08-26,1482.4368896484375,1569.79931640625,LONG,87.3624267578125
INFY.NS,2021-09-24,2021-09-28,1602.6453857421875,1532.909912109375,LONG,-69.7354736328125
INFY.NS,2021-10-14,2021-10-26,1558.941650390625,1561.7117919921875,LONG,2.7701416015625
INFY.NS,2021-11-09,2021-11-24,1597.2781982421875,1554.6534423828125,LONG,-42.624755859375
INFY.NS,2021-12-09,2022-01-06,1616.4820556640625,1666.302490234375,LONG,49.8204345703125
INFY.NS,2022-01-14,2022-01-19,1768.5557861328125,1711.44775390625,LONG,-57.1080322265625
INFY.NS,2022-02-17,2022-04-05,1581.0533447265625,1705.993896484375,LONG,124.9405517578125
INFY.NS,2022-05-19,2022-05-23,1308.2098388671875,1346.0218505859375,SHORT,-37.81201171875
INFY.NS,2022-05-24,2022-05-27,1320.9052734375,1339.5594482421875,SHORT,-18.6541748046875
INFY.NS,2022-06-15,2022-06-22,1317.4786376953125,1331.4205322265625,SHORT,-13.94189453125
INFY.NS,2022-07-14,2022-07-19,1323.6390380859375,1374.8671875,SHORT,-51.2281494140625
INFY.NS,2022-08-22,2022-09-13,1459.6297607421875,1431.1900634765625,SHORT,28.439697265625
INFY.NS,2022-09-15,2022-09-30,1327.29833984375,1309.373046875,SHORT,17.92529296875
INFY.NS,2022-11-09,2022-11-11,1415.2244873046875,1470.3837890625,SHORT,-55.1593017578125
INFY.NS,2023-04-17,2023-05-02,1178.38623046875,1196.31982421875,SHORT,-17.93359375
INFY.NS,2023-06-22,2023-06-30,1216.290771484375,1267.493408203125,SHORT,-51.20263671875
INFY.NS,2023-07-24,2023-08-09,1268.537353515625,1323.394287109375,SHORT,-54.85693359375
INFY.NS,2023-08-11,2023-08-16,1301.9923095703125,1346.2669677734375,SHORT,-44.274658203125
INFY.NS,2023-10-11,2023-10-12,1418.3018798828125,1390.87353515625,LONG,-27.4283447265625
INFY.NS,2023-11-07,2024-01-01,1350.0411376953125,1491.409423828125,LONG,141.3682861328125
INFY.NS,2024-01-15,2024-02-09,1588.2666015625,1604.85009765625,LONG,16.58349609375
INFY.NS,2024-04-10,2024-04-16,1448.5806884765625,1359.798828125,LONG,-88.7818603515625
INFY.NS,2024-06-04,2024-06-05,1358.84130859375,1394.380859375,SHORT,-35.53955078125
INFY.NS,2024-08-22,2024-08-23,1833.2877197265625,1815.5909423828125,LONG,-17.69677734375
INFY.NS,2024-08-27,2024-09-05,1852.641845703125,1884.866455078125,LONG,32.224609375
INFY.NS,2024-10-08,2024-10-18,1899.8818359375,1832.6539306640625,LONG,-67.2279052734375
INFY.NS,2024-11-11,2024-12-20,1834.291259765625,1895.4803466796875,LONG,61.1890869140625
INFY.NS,2025-01-10,2025-01-16,1939.65869140625,1901.69287109375,LONG,-37.9658203125
INFY.NS,2025-02-03,2025-02-13,1837.447021484375,1817.6751708984375,LONG,-19.7718505859375
INFY.NS,2025-04-03,2025-04-21,1475.7362060546875,1430.8675537109375,SHORT,44.86865234375
INFY.NS,2025-06-03,2025-06-09,1543.0,1572.9000244140625,SHORT,-29.9000244140625
INFY.NS,2025-06-23,2025-07-08,1584.0,1638.699951171875,SHORT,-54.699951171875
INFY.NS,2025-07-10,2025-08-20,1615.800048828125,1496.199951171875,SHORT,119.60009765625
INFY.NS,2025-09-05,2025-09-09,1444.5999755859375,1504.300048828125,SHORT,-59.7000732421875
ICICIBANK.NS,2014-11-21,2014-11-27,288.8827819824219,287.63092041015625,LONG,-1.251861572265625
ICICIBANK.NS,2014-12-01,2014-12-09,293.4646911621094,292.4381408691406,LONG,-1.02655029296875
ICICIBANK.NS,2015-01-02,2015-01-06,302.3697204589844,290.1430358886719,LONG,-12.2266845703125
ICICIBANK.NS,2015-01-19,2015-02-02,301.1177673339844,293.6482849121094,LONG,-7.469482421875
ICICIBANK.NS,2015-03-02,2015-03-16,291.31146240234375,276.622802734375,LONG,-14.68865966796875
ICICIBANK.NS,2015-03-17,2015-03-19,279.4603271484375,275.5795593261719,LONG,-3.880767822265625
ICICIBANK.NS,2015-04-06,2015-04-27,268.1099853515625,252.29464721679688,LONG,-15.815338134765625
ICICIBANK.NS,2015-04-28,2015-05-12,272.7836608886719,257.21875,LONG,-15.564910888671875
ICICIBANK.NS,2015-05-14,2015-05-20,262.8521728515625,266.0235595703125,SHORT,-3.17138671875
ICICIBANK.NS,2015-05-22,2015-05-29,261.72552490234375,264.771728515625,SHORT,-3.04620361328125
ICICIBANK.NS,2015-06-02,2015-06-15,254.1307830810547,254.00161743164062,SHORT,0.1291656494140625
ICICIBANK.NS,2015-07-09,2015-07-13,262.74566650390625,268.6033630371094,SHORT,-5.857696533203125
ICICIBANK.NS,2015-07-21,2015-08-04,264.401123046875,266.6083679199219,SHORT,-2.207244873046875
ICICIBANK.NS,2015-08-12,2015-09-14,247.5922088623047,231.2501678466797,SHORT,16.342041015625
ICICIBANK.NS,2015-10-28,2015-11-27,230.2314453125,229.25514221191406,SHORT,0.9763031005859375
ICICIBANK.NS,2015-12-08,2015-12-22,221.95431518554688,220.34130859375,SHORT,1.613006591796875
ICICIBANK.NS,2016-01-06,2016-01-27,212.31887817382812,201.45249938964844,SHORT,10.866378784179688
ICICIBANK.NS,2016-02-01,2016-02-22,184.38890075683594,168.47134399414062,SHORT,15.917556762695312
ICICIBANK.NS,2016-02-25,2016-02-29,155.3552703857422,161.3402557373047,SHORT,-5.9849853515625
ICICIBANK.NS,2016-04-06,2016-04-18,188.93069458007812,201.3251953125,SHORT,-12.394500732421875
ICICIBANK.NS,2016-04-29,2016-05-25,201.15538024902344,199.49998474121094,SHORT,1.6553955078125
ICICIBANK.NS,2016-06-16,2016-07-04,207.11471557617188,214.99899291992188,SHORT,-7.88427734375
ICICIBANK.NS,2016-08-19,2016-08-25,219.98085021972656,213.95932006835938,LONG,-6.0215301513671875
ICICIBANK.NS,2016-08-29,2016-09-26,217.03506469726562,227.4752655029297,LONG,10.440200805664062
ICICIBANK.NS,2016-10-18,2016-11-04,234.2332305908203,233.7567138671875,LONG,-0.4765167236328125
ICICIBANK.NS,2016-11-08,2016-11-15,245.36659240722656,233.71340942382812,LONG,-11.653182983398438
ICICIBANK.NS,2016-12-09,2016-12-16,232.58705139160156,221.4537353515625,LONG,-11.133316040039062
ICICIBANK.NS,2017-01-02,2017-01-24,218.29136657714844,222.79664611816406,LONG,4.505279541015625
ICICIBANK.NS,2017-01-27,2017-02-15,235.66281127929688,243.24386596679688,LONG,7.5810546875
ICICIBANK.NS,2017-03-16,2017-03-20,246.49290466308594,238.30535888671875,LONG,-8.187545776367188
ICICIBANK.NS,2017-03-29,2017-04-20,244.5001678466797,236.3126220703125,LONG,-8.187545776367188
ICICIBANK.NS,2017-05-04,2017-06-06,258.0160827636719,276.34063720703125,LONG,18.324554443359375
ICICIBANK.NS,2017-07-14,2017-07-28,286.48052978515625,284.46343994140625,LONG,-2.01708984375
ICICIBANK.NS,2017-08-24,2017-09-06,285.9523010253906,283.69500732421875,LONG,-2.257293701171875
ICICIBANK.NS,2017-10-16,2017-10-18,263.42767333984375,252.76564025878906,LONG,-10.662033081054688
ICICIBANK.NS,2017-10-25,2017-11-22,293.6365661621094,306.315673828125,LONG,12.679107666015625
ICICIBANK.NS,2017-12-20,2018-01-02,303.3380126953125,297.4787292480469,LONG,-5.859283447265625
ICICIBANK.NS,2018-01-15,2018-02-02,316.3052673339844,321.87640380859375,LONG,5.571136474609375
ICICIBANK.NS,2018-03-19,2018-04-06,282.9265441894531,269.5750732421875,SHORT,13.351470947265625
ICICIBANK.NS,2018-05-18,2018-06-18,274.80999755859375,281.4377136230469,SHORT,-6.627716064453125
ICICIBANK.NS,2018-06-27,2018-07-23,268.0381774902344,264.67633056640625,SHORT,3.361846923828125
ICICIBANK.NS,2018-10-12,2018-11-21,308.16680908203125,344.2032470703125,LONG,36.03643798828125
ICICIBANK.NS,2018-12-19,2018-12-24,353.6103210449219,340.3438720703125,LONG,-13.266448974609375
ICICIBANK.NS,2018-12-31,2019-01-18,347.483642578125,358.9168395996094,LONG,11.433197021484375
ICICIBANK.NS,2019-02-22,2019-04-03,339.66851806640625,378.3099365234375,LONG,38.64141845703125
ICICIBANK.NS,2019-04-30,2019-05-02,393.1683349609375,381.63861083984375,LONG,-11.52972412109375
ICICIBANK.NS,2019-05-20,2019-06-07,393.3612976074219,401.94830322265625,LONG,8.587005615234375
ICICIBANK.NS,2019-06-21,2019-07-04,415.6488952636719,420.8589782714844,LONG,5.2100830078125
ICICIBANK.NS,2019-07-30,2019-08-02,411.3932189941406,397.127197265625,LONG,-14.266021728515625
ICICIBANK.NS,2019-08-09,2019-08-13,406.3638610839844,396.7887268066406,LONG,-9.57513427734375
ICICIBANK.NS,2019-08-14,2019-08-22,403.60736083984375,386.0045471191406,LONG,-17.602813720703125
ICICIBANK.NS,2019-08-28,2019-08-29,399.4001159667969,391.13067626953125,LONG,-8.269439697265625
ICICIBANK.NS,2019-09-13,2019-09-19,399.8353576660156,373.91473388671875,LONG,-25.920623779296875
ICICIBANK.NS,2019-09-20,2019-10-07,403.8008117675781,402.44671630859375,LONG,-1.354095458984375
ICICIBANK.NS,2019-10-16,2019-11-21,421.0167236328125,481.9012451171875,LONG,60.884521484375
ICICIBANK.NS,2019-11-28,2019-12-02,502.115478515625,494.1361389160156,LONG,-7.979339599609375
ICICIBANK.NS,2019-12-04,2019-12-19,511.8840637207031,522.4747314453125,LONG,10.590667724609375
ICICIBANK.NS,2020-02-06,2020-02-24,523.8287353515625,512.46435546875,LONG,-11.3643798828125
ICICIBANK.NS,2020-05-18,2020-05-28,288.7054748535156,316.1252746582031,SHORT,-27.4197998046875
ICICIBANK.NS,2020-06-29,2020-07-01,331.8420715332031,352.1046447753906,SHORT,-20.2625732421875
ICICIBANK.NS,2020-07-13,2020-07-21,341.9975280761719,366.3706359863281,SHORT,-24.37310791015625
ICICIBANK.NS,2020-07-28,2020-08-11,340.5467529296875,355.29632568359375,SHORT,-14.74957275390625
ICICIBANK.NS,2020-09-04,2020-10-01,360.3257141113281,357.085693359375,SHORT,3.240020751953125
ICICIBANK.NS,2020-11-03,2020-11-23,429.28619384765625,452.8855895996094,LONG,23.599395751953125
ICICIBANK.NS,2020-12-08,2020-12-17,491.7181701660156,493.65252685546875,LONG,1.934356689453125
ICICIBANK.NS,2020-12-31,2021-01-01,517.49365234375,510.19146728515625,LONG,-7.30218505859375
ICICIBANK.NS,2021-01-05,2021-01-15,519.62158203125,525.182861328125,LONG,5.561279296875
ICICIBANK.NS,2021-02-01,2021-02-19,583.9878540039062,603.5733642578125,LONG,19.58551025390625
ICICIBANK.NS,2021-04-22,2021-06-04,560.195068359375,621.6115112304688,LONG,61.41644287109375
ICICIBANK.NS,2021-07-06,2021-07-09,628.9620971679688,617.5975952148438,LONG,-11.364501953125
ICICIBANK.NS,2021-07-12,2021-07-20,625.0449829101562,620.8377685546875,LONG,-4.20721435546875
ICICIBANK.NS,2021-07-23,2021-08-16,654.4474487304688,681.5842895507812,LONG,27.1368408203125
ICICIBANK.NS,2021-08-31,2021-09-13,697.4925537109375,686.1918334960938,LONG,-11.30072021484375
ICICIBANK.NS,2021-10-14,2021-11-04,705.4952392578125,758.6522827148438,LONG,53.15704345703125
ICICIBANK.NS,2021-12-09,2021-12-20,732.36474609375,688.6654052734375,LONG,-43.6993408203125
ICICIBANK.NS,2021-12-28,2022-01-24,713.7403564453125,774.5121459960938,LONG,60.77178955078125
ICICIBANK.NS,2022-06-10,2022-06-27,698.4140625,695.843505859375,SHORT,2.570556640625
ICICIBANK.NS,2022-09-14,2022-09-16,895.9192504882812,887.1365966796875,LONG,-8.78265380859375
ICICIBANK.NS,2022-10-18,2022-11-09,875.2315063476562,888.5028686523438,LONG,13.2713623046875
ICICIBANK.NS,2022-11-21,2022-12-05,899.1395263671875,911.0447387695312,LONG,11.90521240234375
ICICIBANK.NS,2023-01-20,2023-01-27,849.3228759765625,797.4569702148438,LONG,-51.86590576171875
ICICIBANK.NS,2023-02-03,2023-02-23,842.9310302734375,819.462158203125,LONG,-23.4688720703125
ICICIBANK.NS,2023-02-27,2023-03-13,835.7098999023438,808.3863525390625,LONG,-27.32354736328125
ICICIBANK.NS,2023-03-22,2023-05-18,839.4180908203125,923.6331787109375,LONG,84.215087890625
ICICIBANK.NS,2023-05-19,2023-05-22,931.2446899414062,927.39013671875,LONG,-3.85455322265625
ICICIBANK.NS,2023-07-03,2023-08-03,919.7785034179688,941.6861572265625,LONG,21.90765380859375
ICICIBANK.NS,2023-08-28,2023-08-30,954.89794921875,943.4359130859375,LONG,-11.4620361328125
ICICIBANK.NS,2023-09-04,2023-09-06,951.7495727539062,942.0584716796875,LONG,-9.69110107421875
ICICIBANK.NS,2023-09-08,2023-09-21,954.89794921875,943.8294067382812,LONG,-11.06854248046875
ICICIBANK.NS,2023-10-12,2023-10-19,938.86083984375,920.6591796875,LONG,-18.20166015625
ICICIBANK.NS,2023-11-03,2023-11-22,918.7406616210938,907.8688354492188,LONG,-10.871826171875
ICICIBANK.NS,2023-11-24,2023-12-21,914.41162109375,988.2020874023438,LONG,73.79046630859375
ICICIBANK.NS,2024-01-16,2024-01-17,992.777099609375,965.9173583984375,LONG,-26.8597412109375
ICICIBANK.NS,2024-01-23,2024-02-08,1012.45458984375,973.3455810546875,LONG,-39.1090087890625
ICICIBANK.NS,2024-02-19,2024-03-14,1026.91748046875,1066.124755859375,LONG,39.207275390625
ICICIBANK.NS,2024-04-10,2024-04-15,1091.5087890625,1060.95947265625,LONG,-30.54931640625
ICICIBANK.NS,2024-04-25,2024-05-10,1095.78857421875,1099.035400390625,LONG,3.246826171875
ICICIBANK.NS,2024-06-19,2024-07-16,1125.993408203125,1219.9041748046875,LONG,93.9107666015625
ICICIBANK.NS,2024-08-22,2024-09-30,1181.979736328125,1263.252685546875,LONG,81.27294921875
ICICIBANK.NS,2024-10-28,2024-11-08,1282.95068359375,1249.2109375,LONG,-33.73974609375
ICICIBANK.NS,2024-11-25,2024-12-18,1290.9886474609375,1304.087646484375,LONG,13.0989990234375
ICICIBANK.NS,2025-01-28,2025-02-21,1237.3525390625,1223.50927734375,LONG,-13.84326171875
ICICIBANK.NS,2025-03-11,2025-04-07,1235.864013671875,1277.6912841796875,LONG,41.8272705078125
ICICIBANK.NS,2025-04-17,2025-05-08,1395.9288330078125,1424.5084228515625,LONG,28.57958984375
ICICIBANK.NS,2025-06-27,2025-07-03,1451.00390625,1414.98193359375,LONG,-36.02197265625
ICICIBANK.NS,2025-07-04,2025-07-10,1431.7525634765625,1413.1956787109375,LONG,-18.556884765625
ICICIBANK.NS,2025-07-21,2025-08-05,1454.576416015625,1433.3402099609375,LONG,-21.2362060546875
ICICIBANK.NS,2025-09-12,2025-09-17,1417.699951171875,1419.199951171875,LONG,1.5
HINDUNILVR.NS,2014-11-03,2014-11-21,624.9971923828125,636.1058349609375,LONG,11.108642578125
HINDUNILVR.NS,2014-11-26,2014-12-11,650.2555541992188,672.472900390625,LONG,22.21734619140625
HINDUNILVR.NS,2015-01-07,2015-02-02,677.4147338867188,767.0438842773438,LONG,89.629150390625
HINDUNILVR.NS,2015-03-05,2015-03-17,793.8229370117188,787.1492309570312,LONG,-6.6737060546875
HINDUNILVR.NS,2015-04-08,2015-04-21,770.8875732421875,737.5617065429688,LONG,-33.32586669921875
HINDUNILVR.NS,2015-05-21,2015-06-04,730.1699829101562,694.9435424804688,LONG,-35.2264404296875
HINDUNILVR.NS,2015-06-16,2015-07-13,705.333984375,777.4361572265625,LONG,72.1021728515625
HINDUNILVR.NS,2015-07-14,2015-07-17,791.6069946289062,789.0459594726562,LONG,-2.56103515625
HINDUNILVR.NS,2015-11-16,2015-11-24,674.9503784179688,698.9236450195312,SHORT,-23.9732666015625
HINDUNILVR.NS,2016-03-11,2016-04-07,733.0541381835938,740.2848510742188,LONG,7.230712890625
HINDUNILVR.NS,2016-04-13,2016-04-28,772.7369995117188,754.2730102539062,LONG,-18.4639892578125
HINDUNILVR.NS,2016-05-26,2016-06-21,731.9780883789062,749.108154296875,LONG,17.13006591796875
HINDUNILVR.NS,2016-06-28,2016-07-19,772.6061401367188,779.0462646484375,LONG,6.44012451171875
HINDUNILVR.NS,2016-08-09,2016-08-10,813.0748901367188,804.9810791015625,LONG,-8.09381103515625
HINDUNILVR.NS,2016-08-11,2016-08-16,814.2933349609375,806.0692138671875,LONG,-8.22412109375
HINDUNILVR.NS,2016-09-06,2016-09-14,816.2079467773438,790.6212768554688,LONG,-25.586669921875
HINDUNILVR.NS,2016-11-11,2016-11-23,703.64892578125,729.934326171875,SHORT,-26.285400390625
HINDUNILVR.NS,2016-12-15,2016-12-29,716.1990356445312,718.3493041992188,SHORT,-2.1502685546875
HINDUNILVR.NS,2017-02-02,2017-02-27,741.8701171875,760.4323120117188,SHORT,-18.56219482421875
HINDUNILVR.NS,2017-03-29,2017-04-12,800.8915405273438,810.7210083007812,LONG,9.8294677734375
HINDUNILVR.NS,2017-04-27,2017-06-13,831.3895874023438,967.8189697265625,LONG,136.42938232421875
HINDUNILVR.NS,2017-07-13,2017-07-28,1004.803466796875,1021.7610473632812,LONG,16.95758056640625
HINDUNILVR.NS,2017-08-04,2017-08-10,1055.6324462890625,1036.68212890625,LONG,-18.9503173828125
HINDUNILVR.NS,2017-08-31,2017-09-04,1080.1171875,1060.1043701171875,LONG,-20.0128173828125
HINDUNILVR.NS,2017-09-12,2017-09-25,1106.72705078125,1104.380615234375,LONG,-2.346435546875
HINDUNILVR.NS,2017-10-13,2017-10-30,1105.6646728515625,1092.9129638671875,LONG,-12.751708984375
HINDUNILVR.NS,2017-11-10,2017-11-23,1150.3375244140625,1129.704345703125,LONG,-20.6331787109375
HINDUNILVR.NS,2017-12-08,2018-01-02,1182.4237060546875,1193.07470703125,LONG,10.6510009765625
HINDUNILVR.NS,2018-01-30,2018-01-31,1248.022216796875,1220.4818115234375,LONG,-27.5404052734375
HINDUNILVR.NS,2018-03-13,2018-03-16,1176.987060546875,1157.9136962890625,LONG,-19.0733642578125
HINDUNILVR.NS,2018-03-19,2018-05-03,1167.0491943359375,1294.3245849609375,LONG,127.275390625
HINDUNILVR.NS,2018-05-16,2018-05-29,1402.9725341796875,1401.724853515625,LONG,-1.2476806640625
HINDUNILVR.NS,2018-07-02,2018-07-18,1475.8353271484375,1476.104736328125,LONG,0.2694091796875
HINDUNILVR.NS,2018-08-01,2018-08-14,1557.4195556640625,1566.3548583984375,LONG,8.935302734375
HINDUNILVR.NS,2018-08-17,2018-08-21,1602.724365234375,1573.7635498046875,LONG,-28.9608154296875
HINDUNILVR.NS,2018-08-23,2018-08-28,1591.9931640625,1590.5562744140625,LONG,-1.4368896484375
HINDUNILVR.NS,2018-10-01,2018-10-04,1474.8028564453125,1413.423583984375,LONG,-61.3792724609375
HINDUNILVR.NS,2018-10-17,2018-12-19,1402.6925048828125,1666.1048583984375,LONG,263.412353515625
HINDUNILVR.NS,2019-02-01,2019-02-15,1625.01220703125,1601.0789794921875,LONG,-23.9332275390625
HINDUNILVR.NS,2019-03-14,2019-03-15,1569.0177001953125,1533.8856201171875,LONG,-35.132080078125
HINDUNILVR.NS,2019-04-03,2019-04-09,1508.9591064453125,1517.7193603515625,SHORT,-8.76025390625
HINDUNILVR.NS,2019-05-06,2019-05-17,1507.2430419921875,1568.5660400390625,SHORT,-61.322998046875
HINDUNILVR.NS,2019-09-20,2019-10-04,1791.80859375,1768.5667724609375,LONG,-23.2418212890625
HINDUNILVR.NS,2019-10-15,2019-11-05,1877.908203125,1986.194580078125,LONG,108.286376953125
HINDUNILVR.NS,2020-01-07,2020-02-25,1756.2708740234375,2042.3841552734375,LONG,286.11328125
HINDUNILVR.NS,2020-03-26,2020-04-23,2006.996826171875,2119.10107421875,LONG,112.104248046875
HINDUNILVR.NS,2020-10-30,2020-11-11,1927.4547119140625,1983.1483154296875,SHORT,-55.693603515625
HINDUNILVR.NS,2020-11-20,2020-12-04,1973.0052490234375,2032.5142822265625,SHORT,-59.509033203125
HINDUNILVR.NS,2021-06-08,2021-07-07,2195.175048828125,2326.015869140625,LONG,130.8408203125
HINDUNILVR.NS,2021-08-09,2021-09-15,2234.958984375,2601.39111328125,LONG,366.43212890625
HINDUNILVR.NS,2021-11-08,2021-11-30,2293.39404296875,2185.55712890625,LONG,-107.8369140625
HINDUNILVR.NS,2021-12-17,2021-12-23,2103.22900390625,2169.619384765625,SHORT,-66.390380859375
HINDUNILVR.NS,2022-01-19,2022-02-17,2178.342529296875,2176.126220703125,SHORT,2.21630859375
HINDUNILVR.NS,2022-02-24,2022-03-16,2047.730712890625,1954.1331787109375,SHORT,93.5975341796875
HINDUNILVR.NS,2022-03-23,2022-03-29,1865.8642578125,1873.880126953125,SHORT,-8.015869140625
HINDUNILVR.NS,2022-05-06,2022-05-16,2026.7950439453125,2090.96923828125,SHORT,-64.1741943359375
HINDUNILVR.NS,2022-06-02,2022-06-23,2154.672119140625,2143.0615234375,SHORT,11.610595703125
HINDUNILVR.NS,2022-09-22,2022-10-06,2561.808349609375,2486.887451171875,LONG,-74.9208984375
HINDUNILVR.NS,2022-11-22,2022-12-20,2409.42578125,2561.5654296875,LONG,152.1396484375
HINDUNILVR.NS,2023-01-10,2023-01-12,2532.16259765625,2480.635498046875,LONG,-51.527099609375
HINDUNILVR.NS,2023-01-13,2023-01-23,2513.15087890625,2486.717041015625,LONG,-26.433837890625
HINDUNILVR.NS,2023-01-25,2023-01-30,2511.57080078125,2459.660400390625,LONG,-51.910400390625
HINDUNILVR.NS,2023-02-03,2023-02-08,2536.855224609375,2473.69140625,LONG,-63.163818359375
HINDUNILVR.NS,2023-03-14,2023-03-17,2339.2705078125,2344.011474609375,SHORT,-4.740966796875
HINDUNILVR.NS,2023-04-20,2023-05-09,2387.3017578125,2409.52197265625,SHORT,-22.22021484375
HINDUNILVR.NS,2023-07-05,2023-07-10,2660.988037109375,2565.1064453125,LONG,-95.881591796875
HINDUNILVR.NS,2023-08-31,2023-09-11,2418.821044921875,2448.947265625,SHORT,-30.126220703125
HINDUNILVR.NS,2023-09-15,2023-09-27,2384.68798828125,2415.634765625,SHORT,-30.94677734375
HINDUNILVR.NS,2023-10-23,2023-11-06,2398.012939453125,2429.120361328125,SHORT,-31.107421875
HINDUNILVR.NS,2023-12-11,2023-12-20,2435.199462890625,2487.577392578125,SHORT,-52.3779296875
HINDUNILVR.NS,2024-03-13,2024-04-02,2249.373046875,2224.18115234375,SHORT,25.19189453125
HINDUNILVR.NS,2024-04-15,2024-04-19,2134.064208984375,2170.587890625,SHORT,-36.523681640625
HINDUNILVR.NS,2024-05-31,2024-06-04,2265.373291015625,2428.05078125,SHORT,-162.677490234375
HINDUNILVR.NS,2024-07-05,2024-07-30,2501.50048828125,2643.32080078125,LONG,141.8203125
HINDUNILVR.NS,2024-08-26,2024-08-27,2770.7529296875,2717.47216796875,LONG,-53.28076171875
HINDUNILVR.NS,2024-09-06,2024-09-18,2788.235107421875,2824.47607421875,LONG,36.240966796875
HINDUNILVR.NS,2024-09-20,2024-09-30,2924.408203125,2905.453125,LONG,-18.955078125
HINDUNILVR.NS,2024-11-14,2024-11-22,2364.336181640625,2419.802978515625,SHORT,-55.466796875
HINDUNILVR.NS,2024-12-12,2024-12-27,2320.546630859375,2316.88525390625,SHORT,3.661376953125
HINDUNILVR.NS,2025-01-20,2025-01-27,2320.794189453125,2367.9482421875,SHORT,-47.154052734375
HINDUNILVR.NS,2025-02-07,2025-03-10,2339.250244140625,2224.358154296875,SHORT,114.89208984375
HINDUNILVR.NS,2025-04-29,2025-06-09,2297.53857421875,2368.294677734375,SHORT,-70.756103515625
HINDUNILVR.NS,2025-06-12,2025-07-02,2308.424072265625,2307.10009765625,SHORT,1.323974609375
HINDUNILVR.NS,2025-08-01,2025-08-08,2553.699951171875,2498.60009765625,LONG,-55.099853515625
HINDUNILVR.NS,2025-08-19,2025-09-04,2604.800048828125,2666.60009765625,LONG,61.800048828125
KOTAKBANK.NS,2014-11-21,2014-12-18,595.2826538085938,621.543212890625,LONG,26.26055908203125
KOTAKBANK.NS,2015-01-08,2015-01-27,665.526123046875,689.2053833007812,LONG,23.67926025390625
KOTAKBANK.NS,2015-02-24,2015-03-13,670.3167114257812,665.8240356445312,LONG,-4.49267578125
KOTAKBANK.NS,2015-04-06,2015-04-21,693.7972412109375,671.6569213867188,LONG,-22.14031982421875
KOTAKBANK.NS,2015-05-18,2015-06-03,677.2913818359375,668.1571044921875,LONG,-9.13427734375
KOTAKBANK.NS,2015-06-22,2015-07-24,674.5581665039062,720.0122680664062,LONG,45.4541015625
KOTAKBANK.NS,2015-08-17,2015-08-18,715.1439819335938,700.5390014648438,LONG,-14.60498046875
KOTAKBANK.NS,2015-08-19,2015-08-20,707.7918090820312,692.9384765625,LONG,-14.85333251953125
KOTAKBANK.NS,2015-11-06,2015-11-17,652.2533569335938,672.769775390625,SHORT,-20.51641845703125
KOTAKBANK.NS,2015-12-03,2015-12-16,670.4349975585938,690.007568359375,SHORT,-19.57257080078125
KOTAKBANK.NS,2016-02-01,2016-02-03,683.2515258789062,661.2448120117188,LONG,-22.0067138671875
KOTAKBANK.NS,2016-02-05,2016-02-11,687.523681640625,624.881591796875,LONG,-62.64208984375
KOTAKBANK.NS,2016-04-08,2016-04-13,661.046142578125,687.8713989257812,SHORT,-26.82525634765625
KOTAKBANK.NS,2016-04-26,2016-05-16,696.3164672851562,713.6038208007812,LONG,17.287353515625
KOTAKBANK.NS,2016-05-27,2016-06-14,737.7467651367188,747.2350463867188,LONG,9.48828125
KOTAKBANK.NS,2016-07-12,2016-07-22,758.7102661132812,755.6210327148438,LONG,-3.0892333984375
KOTAKBANK.NS,2016-08-08,2016-08-10,767.0042724609375,756.8141479492188,LONG,-10.19012451171875
KOTAKBANK.NS,2016-08-16,2016-09-16,768.296875,801.8997192382812,LONG,33.60284423828125
KOTAKBANK.NS,2016-10-24,2016-11-16,782.7619018554688,766.0598754882812,LONG,-16.7020263671875
KOTAKBANK.NS,2017-04-05,2017-04-07,884.6646728515625,868.0122680664062,LONG,-16.65240478515625
KOTAKBANK.NS,2017-04-27,2017-05-05,911.3085327148438,903.0071411132812,LONG,-8.3013916015625
KOTAKBANK.NS,2017-05-11,2017-05-22,931.3411254882812,935.7650756835938,LONG,4.4239501953125
KOTAKBANK.NS,2017-05-29,2017-05-30,962.9061279296875,956.3445434570312,LONG,-6.56158447265625
KOTAKBANK.NS,2017-06-22,2017-06-23,992.0850830078125,979.4591064453125,LONG,-12.6259765625
KOTAKBANK.NS,2017-07-17,2017-08-07,974.6010131835938,992.706298828125,LONG,18.10528564453125
KOTAKBANK.NS,2017-09-05,2017-09-26,983.2557373046875,988.8265380859375,LONG,5.57080078125
KOTAKBANK.NS,2017-10-05,2017-10-25,1027.4248046875,1005.2904663085938,LONG,-22.13433837890625
KOTAKBANK.NS,2017-11-20,2017-12-01,1035.1341552734375,999.9185791015625,LONG,-35.215576171875
KOTAKBANK.NS,2017-12-14,2017-12-28,1019.317138671875,999.5206909179688,LONG,-19.79644775390625
KOTAKBANK.NS,2018-01-11,2018-02-06,1012.353515625,1028.4195556640625,LONG,16.0660400390625
KOTAKBANK.NS,2018-02-23,2018-03-09,1075.2244873046875,1076.816162109375,LONG,1.5916748046875
KOTAKBANK.NS,2018-03-12,2018-03-13,1094.87158203125,1078.2587890625,LONG,-16.61279296875
KOTAKBANK.NS,2018-04-03,2018-05-21,1097.5576171875,1270.005615234375,LONG,172.447998046875
KOTAKBANK.NS,2018-07-04,2018-07-19,1358.1444091796875,1341.071533203125,LONG,-17.0728759765625
KOTAKBANK.NS,2018-08-28,2018-09-07,1279.0640869140625,1239.1026611328125,LONG,-39.96142578125
KOTAKBANK.NS,2018-11-01,2018-11-09,1104.338623046875,1130.2164306640625,SHORT,-25.8778076171875
KOTAKBANK.NS,2019-01-21,2019-01-30,1261.646240234375,1216.4593505859375,LONG,-45.1868896484375
KOTAKBANK.NS,2019-02-04,2019-02-19,1266.224609375,1274.435791015625,LONG,8.211181640625
KOTAKBANK.NS,2019-03-12,2019-04-05,1257.416015625,1329.675048828125,LONG,72.259033203125
KOTAKBANK.NS,2019-04-15,2019-04-23,1367.397216796875,1348.984130859375,LONG,-18.4130859375
KOTAKBANK.NS,2019-04-30,2019-05-09,1380.03759765625,1378.9923095703125,LONG,-1.0452880859375
KOTAKBANK.NS,2019-05-17,2019-06-06,1453.142578125,1507.1376953125,LONG,53.9951171875
KOTAKBANK.NS,2019-07-15,2019-07-22,1501.82568359375,1448.24951171875,LONG,-53.576171875
KOTAKBANK.NS,2019-07-31,2019-08-05,1513.228271484375,1454.0255126953125,LONG,-59.2027587890625
KOTAKBANK.NS,2019-08-09,2019-08-19,1525.725830078125,1490.1246337890625,LONG,-35.6011962890625
KOTAKBANK.NS,2019-08-21,2019-08-22,1499.4854736328125,1472.099853515625,LONG,-27.3856201171875
KOTAKBANK.NS,2019-09-13,2019-10-10,1478.0751953125,1578.206787109375,LONG,100.131591796875
KOTAKBANK.NS,2019-11-15,2019-11-21,1615.998779296875,1588.6131591796875,LONG,-27.3856201171875
KOTAKBANK.NS,2019-11-28,2019-12-26,1608.2808837890625,1687.2012939453125,LONG,78.92041015625
KOTAKBANK.NS,2020-01-17,2020-01-20,1691.0352783203125,1611.1690673828125,LONG,-79.8662109375
KOTAKBANK.NS,2020-01-31,2020-02-25,1684.7117919921875,1668.8280029296875,LONG,-15.8837890625
KOTAKBANK.NS,2020-04-03,2020-04-09,1136.1036376953125,1267.6043701171875,SHORT,-131.500732421875
KOTAKBANK.NS,2020-05-12,2020-05-27,1152.385498046875,1212.484619140625,SHORT,-60.09912109375
KOTAKBANK.NS,2020-06-16,2020-06-22,1271.4881591796875,1349.7113037109375,SHORT,-78.22314453125
KOTAKBANK.NS,2020-07-07,2020-07-28,1362.5574951171875,1378.2918701171875,SHORT,-15.734375
KOTAKBANK.NS,2020-08-03,2020-08-24,1303.10595703125,1381.4786376953125,SHORT,-78.3726806640625
KOTAKBANK.NS,2020-09-07,2020-10-05,1363.0555419921875,1309.1307373046875,SHORT,53.9248046875
KOTAKBANK.NS,2021-02-04,2021-02-23,1902.4520263671875,1865.1578369140625,LONG,-37.294189453125
KOTAKBANK.NS,2021-03-09,2021-03-17,1970.716796875,1860.576904296875,LONG,-110.139892578125
KOTAKBANK.NS,2021-04-09,2021-04-12,1791.7645263671875,1735.2506103515625,LONG,-56.513916015625
KOTAKBANK.NS,2021-04-13,2021-04-19,1768.461669921875,1693.6741943359375,LONG,-74.7874755859375
KOTAKBANK.NS,2021-04-26,2021-05-14,1752.3291015625,1699.5496826171875,LONG,-52.7794189453125
KOTAKBANK.NS,2021-05-18,2021-05-20,1747.798095703125,1701.09326171875,LONG,-46.704833984375
KOTAKBANK.NS,2021-05-21,2021-06-14,1750.3375244140625,1760.6943359375,LONG,10.3568115234375
KOTAKBANK.NS,2021-07-07,2021-07-20,1754.4703369140625,1695.5662841796875,LONG,-58.904052734375
KOTAKBANK.NS,2021-07-27,2021-08-04,1690.8858642578125,1742.6695556640625,SHORT,-51.78369140625
KOTAKBANK.NS,2021-08-20,2021-09-02,1697.3050537109375,1769.8880615234375,SHORT,-72.5830078125
KOTAKBANK.NS,2021-10-21,2021-10-29,2135.89111328125,2023.7041015625,LONG,-112.18701171875
KOTAKBANK.NS,2022-01-24,2022-02-02,1824.188232421875,1935.478515625,SHORT,-111.290283203125
KOTAKBANK.NS,2022-02-07,2022-02-23,1821.7470703125,1879.185791015625,SHORT,-57.438720703125
KOTAKBANK.NS,2022-03-03,2022-03-17,1785.679931640625,1813.328125,SHORT,-27.648193359375
KOTAKBANK.NS,2022-03-25,2022-03-30,1715.9365234375,1756.63671875,SHORT,-40.7001953125
KOTAKBANK.NS,2022-04-19,2022-04-28,1701.2406005859375,1759.177490234375,SHORT,-57.9368896484375
KOTAKBANK.NS,2022-06-03,2022-07-06,1851.83642578125,1698.2515869140625,SHORT,153.5848388671875
KOTAKBANK.NS,2022-08-18,2022-08-22,1898.66064453125,1826.4327392578125,LONG,-72.2279052734375
KOTAKBANK.NS,2022-08-26,2022-08-29,1896.21826171875,1844.32763671875,LONG,-51.890625
KOTAKBANK.NS,2022-08-30,2022-09-13,1909.5770263671875,1917.5028076171875,LONG,7.92578125
KOTAKBANK.NS,2022-09-14,2022-09-16,1948.706787109375,1924.381591796875,LONG,-24.3251953125
KOTAKBANK.NS,2022-10-17,2022-11-25,1852.452880859375,1922.4874267578125,LONG,70.0345458984375
KOTAKBANK.NS,2023-01-03,2023-01-06,1827.2303466796875,1781.321533203125,LONG,-45.9088134765625
KOTAKBANK.NS,2023-01-20,2023-01-23,1757.4949951171875,1778.2808837890625,SHORT,-20.785888671875
KOTAKBANK.NS,2023-01-24,2023-02-02,1754.8529052734375,1756.3482666015625,SHORT,-1.495361328125
KOTAKBANK.NS,2023-02-22,2023-03-03,1695.336181640625,1745.6314697265625,SHORT,-50.2952880859375
KOTAKBANK.NS,2023-03-10,2023-03-21,1694.08984375,1701.6165771484375,SHORT,-7.5267333984375
KOTAKBANK.NS,2023-05-31,2023-06-01,2008.1739501953125,1924.1324462890625,LONG,-84.04150390625
KOTAKBANK.NS,2023-07-04,2023-07-28,1855.991943359375,1871.0955810546875,LONG,15.1036376953125
KOTAKBANK.NS,2023-09-22,2023-10-11,1752.5064697265625,1767.4229736328125,SHORT,-14.91650390625
KOTAKBANK.NS,2023-10-26,2023-11-02,1691.044677734375,1733.7984619140625,SHORT,-42.7537841796875
KOTAKBANK.NS,2023-11-28,2023-11-30,1738.3382568359375,1751.5086669921875,SHORT,-13.17041015625
KOTAKBANK.NS,2024-02-06,2024-03-04,1782.9879150390625,1723.322021484375,SHORT,59.6658935546875
KOTAKBANK.NS,2024-04-25,2024-05-15,1638.7623291015625,1647.0936279296875,SHORT,-8.331298828125
KOTAKBANK.NS,2024-08-20,2024-08-30,1803.570556640625,1778.749267578125,LONG,-24.8212890625
KOTAKBANK.NS,2024-09-12,2024-10-03,1825.345458984375,1820.700927734375,LONG,-4.64453125
KOTAKBANK.NS,2024-10-14,2024-10-21,1908.5994873046875,1787.1395263671875,LONG,-121.4599609375
KOTAKBANK.NS,2024-12-20,2025-01-01,1741.5421142578125,1786.3404541015625,SHORT,-44.79833984375
KOTAKBANK.NS,2025-01-10,2025-01-16,1754.177490234375,1803.470703125,SHORT,-49.293212890625
KOTAKBANK.NS,2025-01-17,2025-01-20,1756.57470703125,1918.288330078125,SHORT,-161.713623046875
KOTAKBANK.NS,2025-03-13,2025-04-07,1982.8138427734375,2035.503173828125,LONG,52.6893310546875
KOTAKBANK.NS,2025-04-21,2025-04-30,2238.818603515625,2205.55712890625,LONG,-33.261474609375
KOTAKBANK.NS,2025-06-09,2025-07-03,2135.737548828125,2124.151123046875,LONG,-11.58642578125
KOTAKBANK.NS,2025-07-09,2025-07-16,2226.732666015625,2176.89013671875,LONG,-49.842529296875
KOTAKBANK.NS,2025-08-18,2025-09-17,2001.4000244140625,2050.300048828125,LONG,48.9000244140625
LT.NS,2015-01-02,2015-02-09,885.0057983398438,906.8045043945312,LONG,21.7987060546875
LT.NS,2015-02-24,2015-02-26,992.5280151367188,967.7022094726562,LONG,-24.8258056640625
LT.NS,2015-02-27,2015-03-11,1014.3555908203125,1003.2548828125,LONG,-11.1007080078125
LT.NS,2015-04-01,2015-04-20,1000.1115112304688,979.466552734375,LONG,-20.64495849609375
LT.NS,2015-05-19,2015-07-21,934.62939453125,1063.9503173828125,LONG,129.3209228515625
LT.NS,2015-09-22,2015-10-05,865.1150512695312,903.391357421875,SHORT,-38.27630615234375
LT.NS,2015-10-27,2015-11-20,870.824462890625,796.3114013671875,SHORT,74.5130615234375
LT.NS,2015-12-11,2015-12-18,749.0634155273438,750.0247192382812,SHORT,-0.9613037109375
LT.NS,2016-01-06,2016-01-29,720.5748901367188,641.808837890625,SHORT,78.76605224609375
LT.NS,2016-04-05,2016-04-18,696.2809448242188,729.983642578125,SHORT,-33.70269775390625
LT.NS,2016-05-02,2016-05-10,728.6729125976562,769.0462646484375,SHORT,-40.37335205078125
LT.NS,2016-05-17,2016-05-26,752.1802978515625,858.8231811523438,SHORT,-106.64288330078125
LT.NS,2016-07-04,2016-07-13,913.557373046875,903.8281860351562,LONG,-9.72918701171875
LT.NS,2016-07-15,2016-07-19,923.8981323242188,916.2954711914062,LONG,-7.6026611328125
LT.NS,2016-08-31,2016-09-15,892.265625,867.0830688476562,LONG,-25.18255615234375
LT.NS,2016-09-23,2016-09-26,882.85888671875,864.3997192382812,LONG,-18.45916748046875
LT.NS,2016-10-14,2016-11-02,869.7957763671875,854.3444213867188,LONG,-15.45135498046875
LT.NS,2016-11-30,2016-12-22,815.4796752929688,775.3176879882812,LONG,-40.1619873046875
LT.NS,2017-03-14,2017-04-19,918.8927001953125,985.21044921875,LONG,66.3177490234375
LT.NS,2017-04-24,2017-05-03,1021.8635864257812,1014.4917602539062,LONG,-7.371826171875
LT.NS,2017-06-01,2017-06-08,1057.3074951171875,1046.36767578125,LONG,-10.9398193359375
LT.NS,2017-07-11,2017-08-03,1026.8172607421875,1051.9156494140625,LONG,25.098388671875
LT.NS,2017-09-01,2017-09-04,1032.5697021484375,1024.8199462890625,LONG,-7.749755859375
LT.NS,2017-09-08,2017-09-25,1062.6622314453125,1056.135986328125,LONG,-6.5262451171875
LT.NS,2017-10-25,2017-11-15,1091.48583984375,1096.28955078125,LONG,4.8037109375
LT.NS,2017-12-20,2018-02-05,1117.1368408203125,1236.0111083984375,LONG,118.874267578125
LT.NS,2018-03-14,2018-03-16,1181.2646484375,1150.4923095703125,LONG,-30.7723388671875
LT.NS,2018-03-21,2018-04-26,1186.7933349609375,1221.1005859375,LONG,34.3072509765625
LT.NS,2018-04-27,2018-05-08,1248.791259765625,1237.14404296875,LONG,-11.647216796875
LT.NS,2018-05-29,2018-06-05,1251.37451171875,1208.9097900390625,LONG,-42.4647216796875
LT.NS,2018-06-13,2018-06-14,1231.569580078125,1217.2938232421875,LONG,-14.2757568359375
LT.NS,2018-07-09,2018-08-09,1167.4420166015625,1164.45068359375,LONG,-2.9913330078125
LT.NS,2018-08-20,2018-09-10,1215.1204833984375,1227.14599609375,LONG,12.0255126953125
LT.NS,2018-12-20,2018-12-21,1331.7947998046875,1303.521240234375,LONG,-28.2735595703125
LT.NS,2019-02-11,2019-02-20,1144.2529296875,1171.838134765625,SHORT,-27.585205078125
LT.NS,2019-05-20,2019-06-10,1332.391357421875,1406.4259033203125,LONG,74.0345458984375
LT.NS,2019-08-13,2019-08-19,1221.1217041015625,1257.3394775390625,SHORT,-36.2177734375
LT.NS,2019-08-22,2019-08-26,1203.4547119140625,1240.0908203125,SHORT,-36.6361083984375
LT.NS,2019-10-30,2019-11-05,1370.827392578125,1338.7940673828125,LONG,-32.0333251953125
LT.NS,2020-01-22,2020-01-23,1203.4083251953125,1238.8355712890625,SHORT,-35.42724609375
LT.NS,2020-02-04,2020-04-03,1201.1302490234375,730.3938598632812,SHORT,470.73638916015625
LT.NS,2020-06-15,2020-06-24,848.48828125,900.9588623046875,SHORT,-52.4705810546875
LT.NS,2020-07-01,2020-08-05,871.4942626953125,880.4825439453125,SHORT,-8.98828125
LT.NS,2020-08-26,2020-09-30,921.5702514648438,857.513427734375,SHORT,64.05682373046875
LT.NS,2020-12-09,2020-12-24,1123.2513427734375,1200.480712890625,LONG,77.2293701171875
LT.NS,2021-01-08,2021-01-12,1306.243408203125,1283.79736328125,LONG,-22.446044921875
LT.NS,2021-02-02,2021-02-17,1445.8651123046875,1472.6385498046875,LONG,26.7734375
LT.NS,2021-04-08,2021-04-12,1349.75634765625,1279.3746337890625,LONG,-70.3817138671875
LT.NS,2021-04-27,2021-06-15,1313.1387939453125,1436.9248046875,LONG,123.7860107421875
LT.NS,2021-07-14,2021-08-09,1469.1669921875,1536.5350341796875,LONG,67.3680419921875
LT.NS,2021-08-16,2021-08-18,1592.948486328125,1570.5850830078125,LONG,-22.3634033203125
LT.NS,2021-08-31,2021-09-13,1608.4345703125,1607.9534912109375,LONG,-0.4810791015625
LT.NS,2021-09-14,2021-09-29,1631.760009765625,1655.3736572265625,LONG,23.6136474609375
LT.NS,2021-10-14,2021-10-29,1721.0693359375,1699.2830810546875,LONG,-21.7862548828125
LT.NS,2021-11-03,2021-11-22,1817.448486328125,1793.401611328125,LONG,-24.046875
LT.NS,2021-12-10,2021-12-20,1801.9622802734375,1730.736083984375,LONG,-71.2261962890625
LT.NS,2021-12-22,2022-01-21,1799.6539306640625,1881.460693359375,LONG,81.8067626953125
LT.NS,2022-03-15,2022-04-18,1676.967529296875,1672.0621337890625,LONG,-4.9053955078125
LT.NS,2022-06-13,2022-06-28,1473.6290283203125,1492.337158203125,SHORT,-18.7081298828125
LT.NS,2022-08-10,2022-08-17,1807.25927734375,1807.794921875,LONG,0.53564453125
LT.NS,2022-08-18,2022-08-23,1845.6422119140625,1828.593994140625,LONG,-17.0482177734375
LT.NS,2022-09-06,2022-09-09,1911.6431884765625,1899.417236328125,LONG,-12.2259521484375
LT.NS,2022-10-10,2022-11-15,1860.352294921875,1945.0091552734375,LONG,84.6568603515625
LT.NS,2022-11-24,2022-12-21,1999.222412109375,2090.8935546875,LONG,91.671142578125
LT.NS,2023-01-12,2023-01-27,2103.99609375,2104.09375,LONG,0.09765625
LT.NS,2023-02-14,2023-02-23,2135.072265625,2103.411376953125,LONG,-31.660888671875
LT.NS,2023-03-09,2023-03-13,2136.58251953125,2078.764892578125,LONG,-57.817626953125
LT.NS,2023-03-15,2023-03-28,2120.459716796875,2078.521240234375,LONG,-41.9384765625
LT.NS,2023-04-05,2023-04-19,2199.466064453125,2162.301025390625,LONG,-37.1650390625
LT.NS,2023-04-27,2023-05-11,2246.0810546875,2184.268798828125,LONG,-61.812255859375
LT.NS,2023-06-05,2023-07-12,2209.743896484375,2391.575439453125,LONG,181.83154296875
LT.NS,2023-07-21,2023-08-08,2519.48583984375,2587.53759765625,LONG,68.0517578125
LT.NS,2023-09-07,2023-09-25,2798.10302734375,2853.25146484375,LONG,55.1484375
LT.NS,2023-09-28,2023-10-12,2958.927490234375,3029.4599609375,LONG,70.532470703125
LT.NS,2023-11-09,2023-12-26,2973.525634765625,3430.832275390625,LONG,457.306640625
LT.NS,2023-12-27,2023-12-29,3483.86669921875,3466.172119140625,LONG,-17.694580078125
LT.NS,2024-01-29,2024-01-30,3645.083984375,3571.6513671875,LONG,-73.4326171875
LT.NS,2024-02-23,2024-03-18,3330.46435546875,3500.77490234375,LONG,170.310546875
LT.NS,2024-03-26,2024-04-12,3607.8271484375,3616.82177734375,LONG,8.99462890625
LT.NS,2024-05-21,2024-06-06,3382.565185546875,3423.45947265625,LONG,40.894287109375
LT.NS,2024-06-12,2024-06-21,3568.702392578125,3502.336181640625,LONG,-66.3662109375
LT.NS,2024-07-05,2024-07-19,3593.634521484375,3585.064453125,LONG,-8.570068359375
LT.NS,2024-07-22,2024-07-23,3617.7099609375,3505.35791015625,LONG,-112.35205078125
LT.NS,2024-07-29,2024-08-05,3740.06884765625,3495.400634765625,LONG,-244.668212890625
LT.NS,2024-08-26,2024-09-06,3608.248291015625,3541.71875,LONG,-66.529541015625
LT.NS,2024-09-17,2024-10-01,3661.0556640625,3619.7412109375,LONG,-41.314453125
LT.NS,2024-10-18,2024-10-23,3544.74072265625,3423.471435546875,LONG,-121.269287109375
LT.NS,2024-10-31,2024-11-19,3588.829345703125,3473.5048828125,LONG,-115.324462890625
LT.NS,2024-11-25,2024-12-18,3718.32177734375,3723.424072265625,LONG,5.102294921875
LT.NS,2025-01-23,2025-01-31,3470.87939453125,3534.4365234375,SHORT,-63.55712890625
LT.NS,2025-02-03,2025-02-21,3258.80712890625,3284.468017578125,SHORT,-25.660888671875
LT.NS,2025-02-28,2025-03-03,3134.61572265625,3167.756591796875,SHORT,-33.140869140625
LT.NS,2025-04-07,2025-04-23,3040.146484375,3270.498291015625,SHORT,-230.351806640625
LT.NS,2025-07-30,2025-08-20,3665.10009765625,3592.300048828125,LONG,-72.800048828125
LT.NS,2025-09-17,2025-09-17,3685.5,3685.5,LONG,0.0
ITC.NS,2014-11-03,2014-11-25,171.69940185546875,171.67523193359375,LONG,-0.024169921875
ITC.NS,2014-12-04,2014-12-17,185.079833984375,179.5972442626953,LONG,-5.4825897216796875
ITC.NS,2015-01-20,2015-01-22,179.25909423828125,169.3807373046875,LONG,-9.87835693359375
ITC.NS,2015-01-28,2015-03-02,175.00828552246094,165.8061981201172,LONG,-9.20208740234375
ITC.NS,2015-04-29,2015-05-18,158.51220703125,160.85498046875,SHORT,-2.3427734375
ITC.NS,2015-05-26,2015-05-29,151.6770477294922,158.00497436523438,SHORT,-6.3279266357421875
ITC.NS,2015-06-03,2015-06-18,149.9815216064453,148.749755859375,SHORT,1.2317657470703125
ITC.NS,2015-07-24,2015-07-31,154.9825897216797,160.6240997314453,SHORT,-5.641510009765625
ITC.NS,2015-08-12,2015-08-21,156.06651306152344,162.96449279785156,SHORT,-6.897979736328125
ITC.NS,2015-08-25,2015-08-28,157.61856079101562,161.11680603027344,SHORT,-3.4982452392578125
ITC.NS,2015-09-01,2015-09-18,155.42599487304688,156.68240356445312,SHORT,-1.25640869140625
ITC.NS,2015-09-21,2015-09-24,154.83473205566406,158.92425537109375,SHORT,-4.0895233154296875
ITC.NS,2015-11-19,2015-11-23,173.4592742919922,166.1671142578125,LONG,-7.2921600341796875
ITC.NS,2015-12-01,2015-12-04,170.60153198242188,165.52659606933594,LONG,-5.0749359130859375
ITC.NS,2016-01-07,2016-01-28,152.54364013671875,156.9534149169922,SHORT,-4.4097747802734375
ITC.NS,2016-02-10,2016-03-01,152.2480010986328,160.30384826660156,SHORT,-8.05584716796875
ITC.NS,2016-04-18,2016-04-22,165.25559997558594,160.52552795410156,LONG,-4.730072021484375
ITC.NS,2016-05-16,2016-06-10,162.29931640625,173.76132202148438,LONG,11.462005615234375
ITC.NS,2016-06-30,2016-07-08,182.53114318847656,182.7169189453125,LONG,0.1857757568359375
ITC.NS,2016-07-11,2016-07-13,185.1695098876953,183.64593505859375,LONG,-1.5235748291015625
ITC.NS,2016-08-02,2016-08-04,193.82785034179688,187.36196899414062,LONG,-6.46588134765625
ITC.NS,2016-08-30,2016-09-12,191.22662353515625,187.47344970703125,LONG,-3.753173828125
ITC.NS,2016-10-18,2016-11-16,182.79127502441406,171.60601806640625,LONG,-11.185256958007812
ITC.NS,2016-12-01,2016-12-21,173.53834533691406,168.18727111816406,LONG,-5.35107421875
ITC.NS,2017-03-17,2017-04-05,209.02638244628906,207.3170623779297,LONG,-1.709320068359375
ITC.NS,2017-04-26,2017-05-02,216.19830322265625,207.50283813476562,LONG,-8.695465087890625
ITC.NS,2017-05-17,2017-06-12,209.3236846923828,229.6489715576172,LONG,20.325286865234375
ITC.NS,2017-06-30,2017-07-17,244.1717987060547,245.3034210205078,LONG,1.131622314453125
ITC.NS,2017-08-17,2017-09-08,211.24085998535156,205.4694366455078,LONG,-5.77142333984375
ITC.NS,2017-09-12,2017-09-13,209.46792602539062,204.8281707763672,LONG,-4.6397552490234375
ITC.NS,2017-11-07,2017-11-24,200.15069580078125,196.71804809570312,SHORT,3.432647705078125
ITC.NS,2017-12-05,2017-12-08,191.51248168945312,197.8119659423828,SHORT,-6.2994842529296875
ITC.NS,2018-01-02,2018-01-08,196.71804809570312,200.37701416015625,SHORT,-3.658966064453125
ITC.NS,2018-01-17,2018-01-18,200.71649169921875,206.26158142089844,SHORT,-5.5450897216796875
ITC.NS,2018-02-02,2018-02-05,207.73272705078125,210.675048828125,SHORT,-2.94232177734375
ITC.NS,2018-02-06,2018-03-13,206.33705139160156,203.28160095214844,SHORT,3.055450439453125
ITC.NS,2018-03-19,2018-04-04,195.5109405517578,195.0960235595703,SHORT,0.4149169921875
ITC.NS,2018-07-03,2018-08-24,204.08799743652344,238.647216796875,LONG,34.55921936035156
ITC.NS,2018-10-17,2018-11-12,220.23358154296875,210.54620361328125,LONG,-9.6873779296875
ITC.NS,2018-11-15,2018-11-16,211.04595947265625,212.62205505371094,SHORT,-1.5760955810546875
ITC.NS,2018-12-06,2018-12-18,209.93112182617188,213.85220336914062,SHORT,-3.92108154296875
ITC.NS,2019-01-23,2019-02-15,213.19871520996094,215.35145568847656,SHORT,-2.152740478515625
ITC.NS,2019-02-18,2019-02-25,211.19973754882812,212.7374267578125,SHORT,-1.537689208984375
ITC.NS,2019-04-15,2019-04-30,234.8799285888672,231.6892547607422,LONG,-3.190673828125
ITC.NS,2019-05-21,2019-05-23,235.18743896484375,225.82386779785156,LONG,-9.363571166992188
ITC.NS,2019-07-19,2019-07-30,210.2308349609375,210.7009735107422,SHORT,-0.4701385498046875
ITC.NS,2019-08-02,2019-08-30,207.2532958984375,192.4830780029297,SHORT,14.770217895507812
ITC.NS,2019-10-11,2019-10-23,191.15103149414062,196.71432495117188,SHORT,-5.56329345703125
ITC.NS,2019-11-14,2019-12-18,198.94749450683594,192.09129333496094,SHORT,6.856201171875
ITC.NS,2019-12-27,2019-12-31,185.6268768310547,186.25375366210938,SHORT,-0.6268768310546875
ITC.NS,2020-01-08,2020-01-10,183.51124572753906,186.48880004882812,SHORT,-2.9775543212890625
ITC.NS,2020-01-27,2020-03-26,183.82467651367188,122.54979705810547,SHORT,61.274879455566406
ITC.NS,2020-05-04,2020-05-20,136.3797607421875,137.7117919921875,SHORT,-1.33203125
ITC.NS,2020-06-12,2020-06-29,151.93353271484375,154.55848693847656,SHORT,-2.6249542236328125
ITC.NS,2020-07-16,2020-08-11,159.7045135498047,167.28399658203125,SHORT,-7.5794830322265625
ITC.NS,2021-01-18,2021-01-22,181.04237365722656,173.5864715576172,LONG,-7.455902099609375
ITC.NS,2021-02-04,2021-02-15,189.4457244873047,180.09495544433594,LONG,-9.35076904296875
ITC.NS,2021-03-18,2021-04-06,183.5623779296875,179.345458984375,LONG,-4.2169189453125
ITC.NS,2021-05-10,2021-06-04,173.3574676513672,176.05628967285156,LONG,2.698822021484375
ITC.NS,2021-06-08,2021-06-17,180.18885803222656,178.2654571533203,LONG,-1.92340087890625
ITC.NS,2021-07-15,2021-08-02,178.78555297851562,179.6957550048828,LONG,0.9102020263671875
ITC.NS,2021-08-03,2021-08-12,181.94952392578125,181.08267211914062,LONG,-0.866851806640625
ITC.NS,2021-09-02,2021-10-04,181.8195037841797,205.09413146972656,LONG,23.274627685546875
ITC.NS,2021-10-13,2021-10-22,216.0162811279297,205.09413146972656,LONG,-10.922149658203125
ITC.NS,2021-11-15,2021-11-24,206.39439392089844,197.3792724609375,LONG,-9.015121459960938
ITC.NS,2021-12-09,2021-12-17,204.05392456054688,188.9275665283203,LONG,-15.126358032226562
ITC.NS,2021-12-31,2022-01-21,189.01426696777344,188.14743041992188,LONG,-0.8668365478515625
ITC.NS,2022-02-01,2022-02-17,197.42259216308594,197.4615020751953,LONG,0.038909912109375
ITC.NS,2022-03-04,2022-04-07,199.9890594482422,227.6150360107422,LONG,27.6259765625
ITC.NS,2022-04-08,2022-04-19,237.50364685058594,231.96070861816406,LONG,-5.542938232421875
ITC.NS,2022-05-19,2022-06-08,244.46556091308594,243.16542053222656,LONG,-1.300140380859375
ITC.NS,2022-06-29,2022-07-29,248.74761962890625,275.0700988769531,LONG,26.322479248046875
ITC.NS,2022-08-01,2022-08-10,279.1092529296875,282.4676513671875,LONG,3.3583984375
ITC.NS,2022-09-05,2022-09-26,298.4880676269531,301.891845703125,LONG,3.403778076171875
ITC.NS,2022-10-19,2022-11-14,314.3723449707031,315.14385986328125,LONG,0.771514892578125
ITC.NS,2022-12-12,2022-12-16,311.51318359375,304.1610107421875,LONG,-7.3521728515625
ITC.NS,2023-01-06,2023-01-13,304.1156311035156,298.39727783203125,LONG,-5.718353271484375
ITC.NS,2023-01-17,2023-02-27,301.57415771484375,352.3834533691406,LONG,50.809295654296875
ITC.NS,2023-04-10,2023-05-11,358.23809814453125,387.6033630371094,LONG,29.365264892578125
ITC.NS,2023-05-26,2023-06-08,408.99346923828125,414.5792541503906,LONG,5.585784912109375
ITC.NS,2023-07-04,2023-07-18,436.5297546386719,442.2864990234375,LONG,5.756744384765625
ITC.NS,2023-07-19,2023-07-25,448.23046875,432.7387390136719,LONG,-15.491729736328125
ITC.NS,2023-09-06,2023-09-26,418.8382873535156,414.15802001953125,LONG,-4.680267333984375
ITC.NS,2023-09-27,2023-09-28,420.4295959472656,412.56671142578125,LONG,-7.862884521484375
ITC.NS,2023-10-11,2023-10-23,419.587158203125,408.0268249511719,LONG,-11.560333251953125
ITC.NS,2023-11-08,2023-12-20,409.00970458984375,422.1612854003906,LONG,13.151580810546875
ITC.NS,2023-12-28,2024-01-10,434.42364501953125,433.6747741699219,LONG,-0.748870849609375
ITC.NS,2024-04-18,2024-04-25,397.8253479003906,415.5866394042969,SHORT,-17.76129150390625
ITC.NS,2024-05-09,2024-05-23,403.7615966796875,419.1959228515625,SHORT,-15.434326171875
ITC.NS,2024-05-27,2024-06-06,409.84033203125,420.8795471191406,SHORT,-11.039215087890625
ITC.NS,2024-06-19,2024-07-03,409.5213928222656,414.01629638671875,SHORT,-4.494903564453125
ITC.NS,2024-09-27,2024-09-30,505.2680969238281,500.8698425292969,LONG,-4.39825439453125
ITC.NS,2024-10-30,2024-11-08,475.1569519042969,462.1071472167969,LONG,-13.0498046875
ITC.NS,2024-11-25,2024-12-11,460.8988342285156,449.7340393066406,LONG,-11.164794921875
ITC.NS,2024-12-13,2025-01-06,454.3256530761719,427.8877258300781,LONG,-26.43792724609375
ITC.NS,2025-02-10,2025-03-05,412.9530029296875,397.721923828125,SHORT,15.2310791015625
ITC.NS,2025-05-09,2025-05-26,415.8872375488281,434.8871765136719,SHORT,-18.99993896484375
ITC.NS,2025-05-27,2025-06-11,426.04998779296875,426.1499938964844,SHORT,-0.100006103515625
ITC.NS,2025-06-12,2025-07-08,421.0,417.20001220703125,SHORT,3.79998779296875
ITC.NS,2025-07-23,2025-08-05,414.95001220703125,414.1499938964844,SHORT,0.800018310546875
ITC.NS,2025-08-18,2025-09-01,406.29998779296875,405.8500061035156,SHORT,0.449981689453125
SBIN.NS,2015-01-16,2015-02-02,281.1730041503906,274.08685302734375,LONG,-7.086151123046875
SBIN.NS,2015-02-18,2015-02-26,272.48248291015625,257.9535827636719,LONG,-14.528900146484375
SBIN.NS,2015-02-27,2015-03-09,267.3126525878906,259.0677795410156,LONG,-8.244873046875
SBIN.NS,2015-04-27,2015-05-14,238.0321502685547,250.4217529296875,SHORT,-12.389602661132812
SBIN.NS,2015-06-02,2015-06-22,240.31500244140625,240.08935546875,SHORT,0.22564697265625
SBIN.NS,2015-07-21,2015-08-03,238.55491638183594,253.67335510253906,SHORT,-15.118438720703125
SBIN.NS,2015-08-12,2015-08-18,231.3793487548828,257.05804443359375,SHORT,-25.678695678710938
SBIN.NS,2015-08-20,2015-09-15,244.1961212158203,210.21356201171875,SHORT,33.98255920410156
SBIN.NS,2015-10-29,2015-11-16,213.8690643310547,224.11349487304688,SHORT,-10.244430541992188
SBIN.NS,2015-12-04,2015-12-29,217.61483764648438,205.97140502929688,SHORT,11.6434326171875
SBIN.NS,2015-12-30,2016-01-01,203.80519104003906,205.61036682128906,SHORT,-1.80517578125
SBIN.NS,2016-01-04,2016-01-29,199.2019500732422,162.376220703125,SHORT,36.82572937011719
SBIN.NS,2016-02-01,2016-02-08,155.92269897460938,155.38113403320312,SHORT,0.54156494140625
SBIN.NS,2016-02-11,2016-02-15,139.22476196289062,151.5,SHORT,-12.275238037109375
SBIN.NS,2016-04-05,2016-04-22,166.39276123046875,180.65370178222656,SHORT,-14.260940551757812
SBIN.NS,2016-04-29,2016-05-27,170.58981323242188,176.8176727294922,SHORT,-6.2278594970703125
SBIN.NS,2016-07-14,2016-07-20,212.1516571044922,211.37437438964844,LONG,-0.77728271484375
SBIN.NS,2016-08-12,2016-08-30,222.4849090576172,230.669189453125,LONG,8.184280395507812
SBIN.NS,2016-09-06,2016-09-12,237.8476104736328,231.1264190673828,LONG,-6.72119140625
SBIN.NS,2016-10-21,2016-10-27,236.3844757080078,233.54969787597656,LONG,-2.83477783203125
SBIN.NS,2016-11-10,2016-11-22,257.2338562011719,235.33290100097656,LONG,-21.900955200195312
SBIN.NS,2016-12-09,2016-12-20,243.8372344970703,232.7724151611328,LONG,-11.0648193359375
SBIN.NS,2017-01-10,2017-02-15,227.05714416503906,245.94049072265625,LONG,18.883346557617188
SBIN.NS,2017-03-15,2017-03-21,253.62184143066406,249.049560546875,LONG,-4.5722808837890625
SBIN.NS,2017-03-27,2017-04-17,255.5421905517578,265.0981140136719,LONG,9.555923461914062
SBIN.NS,2017-05-04,2017-05-23,273.46533203125,264.1379699707031,LONG,-9.327362060546875
SBIN.NS,2017-06-20,2017-06-27,267.68011474609375,258.03765869140625,LONG,-9.6424560546875
SBIN.NS,2017-07-10,2017-08-10,263.4817199707031,273.77001953125,LONG,10.288299560546875
SBIN.NS,2017-09-19,2017-09-20,247.10348510742188,249.17962646484375,SHORT,-2.076141357421875
SBIN.NS,2017-09-22,2017-10-09,241.6133575439453,236.999755859375,SHORT,4.6136016845703125
SBIN.NS,2017-10-19,2017-10-24,223.9894561767578,234.78521728515625,SHORT,-10.795761108398438
SBIN.NS,2018-01-19,2018-02-02,285.35009765625,274.3697814941406,LONG,-10.980316162109375
SBIN.NS,2018-03-23,2018-03-26,216.6538848876953,227.44964599609375,SHORT,-10.795761108398438
SBIN.NS,2018-04-20,2018-05-02,222.55923461914062,222.37469482421875,SHORT,0.184539794921875
SBIN.NS,2018-06-19,2018-07-20,251.53253173828125,241.2904052734375,SHORT,10.24212646484375
SBIN.NS,2018-10-10,2018-10-23,257.1149597167969,235.8925018310547,LONG,-21.222457885742188
SBIN.NS,2018-12-14,2019-01-03,266.8496398925781,268.6028137207031,LONG,1.753173828125
SBIN.NS,2019-01-08,2019-01-17,281.70538330078125,274.4158630371094,LONG,-7.289520263671875
SBIN.NS,2019-05-16,2019-06-06,291.3477783203125,310.86322021484375,LONG,19.51544189453125
SBIN.NS,2019-06-26,2019-07-09,330.4709167480469,331.7166442871094,LONG,1.2457275390625
SBIN.NS,2019-10-01,2019-10-17,236.1693115234375,244.93515014648438,SHORT,-8.765838623046875
SBIN.NS,2020-02-07,2020-02-28,295.77679443359375,279.5831604003906,LONG,-16.193634033203125
SBIN.NS,2020-05-19,2020-05-27,140.9910888671875,146.34286499023438,SHORT,-5.351776123046875
SBIN.NS,2020-06-30,2020-07-01,164.6587677001953,170.51803588867188,SHORT,-5.8592681884765625
SBIN.NS,2020-07-15,2020-07-23,169.59532165527344,182.92855834960938,SHORT,-13.333236694335938
SBIN.NS,2020-07-27,2020-08-12,172.6864013671875,187.58827209472656,SHORT,-14.901870727539062
SBIN.NS,2020-08-20,2020-08-24,179.6990509033203,185.88124084472656,SHORT,-6.18218994140625
SBIN.NS,2020-09-07,2020-10-06,191.83277893066406,176.7925262451172,SHORT,15.040252685546875
SBIN.NS,2020-10-28,2020-11-03,175.7313690185547,188.9262237548828,SHORT,-13.194854736328125
SBIN.NS,2021-01-07,2021-01-11,265.465576171875,260.6674499511719,LONG,-4.798126220703125
SBIN.NS,2021-01-12,2021-01-21,269.89459228515625,272.0630187988281,LONG,2.168426513671875
SBIN.NS,2021-02-02,2021-02-23,307.35693359375,365.0267028808594,LONG,57.669769287109375
SBIN.NS,2021-04-27,2021-06-10,325.76507568359375,402.5265808105469,LONG,76.76150512695312
SBIN.NS,2021-07-29,2021-08-10,411.1870422363281,397.12542724609375,LONG,-14.061614990234375
SBIN.NS,2021-09-01,2021-11-11,400.33819580078125,474.55767822265625,LONG,74.219482421875
SBIN.NS,2021-12-10,2021-12-17,460.6822509765625,435.63201904296875,LONG,-25.05023193359375
SBIN.NS,2022-01-03,2022-02-11,438.4256896972656,493.1823425292969,LONG,54.75665283203125
SBIN.NS,2022-03-15,2022-04-22,452.4408264160156,466.1765441894531,LONG,13.7357177734375
SBIN.NS,2022-06-13,2022-06-24,421.6709289550781,429.6153869628906,SHORT,-7.9444580078125
SBIN.NS,2022-09-05,2022-09-23,509.6747131347656,520.7401123046875,LONG,11.065399169921875
SBIN.NS,2022-10-18,2022-11-17,531.947509765625,566.5626831054688,LONG,34.61517333984375
SBIN.NS,2023-01-02,2023-01-06,578.99951171875,568.075927734375,LONG,-10.923583984375
SBIN.NS,2023-02-10,2023-02-13,523.0573120117188,508.3506164550781,LONG,-14.706695556640625
SBIN.NS,2023-02-14,2023-02-20,511.5189208984375,496.67041015625,LONG,-14.8485107421875
SBIN.NS,2023-03-15,2023-03-31,489.4825134277344,495.3463134765625,SHORT,-5.863800048828125
SBIN.NS,2023-06-02,2023-06-09,566.1472778320312,557.9520263671875,LONG,-8.19525146484375
SBIN.NS,2023-07-03,2023-08-02,564.4600219726562,576.993896484375,LONG,12.53387451171875
SBIN.NS,2023-08-29,2023-08-31,554.239990234375,541.2239990234375,LONG,-13.0159912109375
SBIN.NS,2023-09-04,2023-09-28,554.9149780273438,568.7987060546875,LONG,13.88372802734375
SBIN.NS,2023-09-29,2023-10-04,577.09033203125,565.2313232421875,LONG,-11.8590087890625
SBIN.NS,2023-11-02,2023-11-21,551.588623046875,541.3687133789062,LONG,-10.21990966796875
SBIN.NS,2023-12-01,2024-01-01,551.2511596679688,618.3558349609375,LONG,67.10467529296875
SBIN.NS,2024-02-01,2024-02-28,624.4299926757812,715.8793334960938,LONG,91.4493408203125
SBIN.NS,2024-04-03,2024-04-04,743.4057006835938,732.0770263671875,LONG,-11.32867431640625
SBIN.NS,2024-04-05,2024-04-15,737.3316040039062,730.341552734375,LONG,-6.99005126953125
SBIN.NS,2024-04-25,2024-05-13,783.5625,779.8023071289062,LONG,-3.76019287109375
SBIN.NS,2024-05-23,2024-05-30,815.7206420898438,809.5936889648438,LONG,-6.126953125
SBIN.NS,2024-06-03,2024-06-04,887.8229370117188,759.9407348632812,LONG,-127.8822021484375
SBIN.NS,2024-06-19,2024-06-21,835.817138671875,819.8380126953125,LONG,-15.9791259765625
SBIN.NS,2024-07-09,2024-07-24,844.3458862304688,835.2289428710938,LONG,-9.116943359375
SBIN.NS,2024-08-23,2024-09-06,799.3003540039062,767.0970458984375,LONG,-32.20330810546875
SBIN.NS,2024-09-19,2024-10-08,774.400390625,766.0676879882812,LONG,-8.33270263671875
SBIN.NS,2024-10-09,2024-10-24,781.7037353515625,778.9097900390625,LONG,-2.7939453125
SBIN.NS,2024-10-29,2024-11-13,816.3088989257812,792.7322998046875,LONG,-23.57659912109375
SBIN.NS,2024-11-27,2024-12-17,817.6812744140625,833.8074951171875,LONG,16.126220703125
SBIN.NS,2025-02-11,2025-03-05,716.7088012695312,715.9735107421875,SHORT,0.73529052734375
SBIN.NS,2025-04-09,2025-04-17,727.59033203125,781.7527465820312,SHORT,-54.16241455078125
SBIN.NS,2025-05-16,2025-05-21,792.0999755859375,787.0999755859375,LONG,-5.0
SBIN.NS,2025-05-28,2025-06-12,796.5499877929688,805.9500122070312,LONG,9.4000244140625
SBIN.NS,2025-06-30,2025-07-10,820.3499755859375,808.0,LONG,-12.3499755859375
SBIN.NS,2025-07-16,2025-07-24,831.7000122070312,815.7000122070312,LONG,-16.0
SBIN.NS,2025-08-11,2025-08-26,823.4500122070312,807.8499755859375,LONG,-15.60003662109375
SBIN.NS,2025-09-10,2025-09-17,818.2000122070312,857.1500244140625,LONG,38.95001220703125
